task,kind,explainer,n_folds,mean_auc,frac_auc_passed,mean_loc_auprc,mean_loc_auprc2,mean_loc_enrichment,frac_loc_passed,mean_aupc_morf,mean_aupc_lerf,mean_delta_lerf_morf,frac_faith_passed,control_auc_frac,control_loc_frac,control_frac_passed,loc_verdict,faith_verdict,verdict,p_morf_lt_random,dataset,selected,combo
motif_apc_t_contact,spatial,attention,15,0.6019790325846818,0.5333333333333333,0.311260335875438,0.3036931445832848,0.4235407822944579,0.0,0.3503680179400287,0.5161987253616838,0.1658307074216551,0.5333333333333333,1.0,1.0,1.0,abundance_only_or_fail,pass_spatial,faithful_but_wrong_place,1.0814401924448486e-06,bc_jackson2020,True,composition
motif_cd8_high,control,attention,15,0.9404275198653292,1.0,0.7705440564566852,0.7303115803251772,2.172915765892585,1.0,0.3495180311040074,0.6344593778262273,0.2849413467222199,1.0,1.0,1.0,1.0,pass_control,pass_control,pass_control,2.8952793753792985e-14,bc_jackson2020,False,composition
motif_cd8_tumor_contact,spatial,attention,15,0.8130867774847903,1.0,0.509263421968215,0.5221850083967158,1.204726983945301,0.1333333333333333,0.785850468161833,0.5502554031819922,-0.2355950649798409,0.0,1.0,1.0,1.0,abundance_only_or_fail,unfaithful_or_fail,abundance_only_or_fail,0.9999999999719592,bc_jackson2020,True,composition
motif_macrophage_tumor_niche,spatial,attention,15,0.6987163123917506,1.0,0.4701225260266742,0.4755330907317629,1.9543672750306076,0.7333333333333333,0.7110188756548352,0.4682738439736221,-0.2427450316812132,0.0,1.0,1.0,1.0,pass_spatial,unfaithful_or_fail,looks_biological_unfaithful,0.9999999999993242,bc_jackson2020,True,composition
motif_t_tumor_mixing,spatial,attention,15,0.8012024834949976,1.0,0.4992864039797689,0.5092841927599362,1.1126684334891914,0.0666666666666666,0.7813037463186026,0.5384626244566423,-0.2428411218619602,0.0,1.0,1.0,1.0,abundance_only_or_fail,unfaithful_or_fail,abundance_only_or_fail,0.999999999996088,bc_jackson2020,True,composition
motif_tumor_high,control,attention,15,0.9710136187037276,1.0,0.6359671372734147,0.5820750779109035,1.7408026447203462,1.0,0.3803724866260237,0.5547799011861649,0.1744074145601412,1.0,1.0,1.0,1.0,pass_control,pass_control,pass_control,5.349741687405427e-10,bc_jackson2020,True,composition
motif_apc_t_contact,spatial,ig,15,0.6019790325846818,0.5333333333333333,0.3320318842395145,0.3346600295917789,0.6043046358962301,0.0,0.3540155485534931,0.6022002440743953,0.2481846955209021,0.5333333333333333,1.0,1.0,1.0,abundance_only_or_fail,pass_spatial,faithful_but_wrong_place,3.611717491545853e-07,bc_jackson2020,True,composition
motif_cd8_high,control,ig,15,0.9404275198653292,1.0,0.7609052723895001,0.742832946437148,2.0387156310539907,1.0,0.3602703131320083,0.658266654285616,0.2979963411536077,1.0,1.0,1.0,1.0,pass_control,pass_control,pass_control,1.1697591742804577e-13,bc_jackson2020,False,composition
motif_cd8_tumor_contact,spatial,ig,15,0.8130867774847903,1.0,0.5631977228113372,0.4581153938103421,1.5849176363652575,0.7333333333333333,0.4532221476107929,0.7912130680785029,0.3379909204677101,1.0,1.0,1.0,1.0,pass_spatial,pass_spatial,pass_spatial,5.01460412189717e-14,bc_jackson2020,True,composition
motif_macrophage_tumor_niche,spatial,ig,15,0.6987163123917506,1.0,0.4561153104953704,0.397774110196192,2.089725750570058,1.0,0.3872992676608917,0.7038552625477883,0.3165559948868965,1.0,1.0,1.0,1.0,pass_spatial,pass_spatial,pass_spatial,3.4090630901360545e-14,bc_jackson2020,True,composition
motif_t_tumor_mixing,spatial,ig,15,0.8012024834949976,1.0,0.5638164403762952,0.4544594767381579,1.5510140679031843,0.6666666666666666,0.4400683975649985,0.7763525178850885,0.33628412032009,1.0,1.0,1.0,1.0,pass_spatial,pass_spatial,pass_spatial,6.502841394097726e-14,bc_jackson2020,True,composition
motif_tumor_high,control,ig,15,0.9710136187037276,1.0,0.971854891841155,0.959131957930234,2.8172580222538923,1.0,0.269679212705297,0.715955897293746,0.446276684588449,1.0,1.0,1.0,1.0,pass_control,pass_control,pass_control,1.8115309304648005e-14,bc_jackson2020,True,composition
motif_apc_t_contact,spatial,one_removed,15,0.6019790325846818,0.5333333333333333,0.3516946469456166,0.3507462859219528,0.6709615486620641,0.0,0.3916772652271382,0.6067842578259084,0.2151069925987702,0.5333333333333333,1.0,1.0,1.0,abundance_only_or_fail,pass_spatial,faithful_but_wrong_place,2.3557707136549425e-07,bc_jackson2020,True,composition
motif_cd8_high,control,one_removed,15,0.9404275198653292,1.0,0.7213920337162125,0.6579968799591905,2.3186830550996524,1.0,0.4749975016789108,0.686008266586668,0.2110107649077572,1.0,1.0,1.0,1.0,pass_control,pass_control,pass_control,6.177434842172747e-13,bc_jackson2020,False,composition
motif_cd8_tumor_contact,spatial,one_removed,15,0.8130867774847903,1.0,0.5366075370694071,0.4242283824824194,1.3837698528360032,0.5333333333333333,0.4401697826442223,0.7155128078742435,0.2753430252300212,1.0,1.0,1.0,1.0,pass_spatial,pass_spatial,pass_spatial,1.1662661946841915e-14,bc_jackson2020,True,composition
motif_macrophage_tumor_niche,spatial,one_removed,15,0.6987163123917506,1.0,0.4943130314250342,0.4080489451981409,2.2676391117632275,0.9333333333333332,0.3546560956905537,0.6252343054879598,0.270578209797406,1.0,1.0,1.0,1.0,pass_spatial,pass_spatial,pass_spatial,3.2359779679942094e-14,bc_jackson2020,True,composition
motif_t_tumor_mixing,spatial,one_removed,15,0.8012024834949976,1.0,0.5275868288382929,0.4198611823606811,1.2964069597882302,0.3333333333333333,0.4276041844812928,0.704129843222202,0.2765256587409092,1.0,1.0,1.0,1.0,abundance_only_or_fail,pass_spatial,faithful_but_wrong_place,3.0507109929492232e-15,bc_jackson2020,True,composition
motif_tumor_high,control,one_removed,15,0.9710136187037276,1.0,0.9258102026484064,0.8964910075799121,2.719493277634937,1.0,0.3035954263103692,0.7044445219641052,0.4008490956537359,1.0,1.0,1.0,1.0,pass_control,pass_control,pass_control,3.068992303008059e-13,bc_jackson2020,True,composition
motif_apc_t_contact,spatial,random,15,0.6019790325846818,0.5333333333333333,0.3594905900298691,0.3485864491138904,0.9491812064061644,0.0,0.5013189942995343,0.5036861881961557,0.0023671938966214,0.0,1.0,0.0,0.0,abundance_only_or_fail,unfaithful_or_fail,abundance_only_or_fail,0.1166781701696526,bc_jackson2020,True,composition
motif_cd8_high,control,random,15,0.9404275198653292,1.0,0.466432396199274,0.4840218676604754,1.0094274108234165,0.0,0.5908391629704627,0.5912799716248252,0.0004408086543625,0.0,1.0,0.0,0.0,fail_control,fail_control,fail_control,0.8856302096638706,bc_jackson2020,False,composition
motif_cd8_tumor_contact,spatial,random,15,0.8130867774847903,1.0,0.4292388334879973,0.366948549484313,0.9822926800020872,0.0,0.584362011332273,0.5868351375410674,0.0024731262087944,0.0,1.0,0.0,0.0,abundance_only_or_fail,unfaithful_or_fail,abundance_only_or_fail,0.5530439652825517,bc_jackson2020,True,composition
motif_macrophage_tumor_niche,spatial,random,15,0.6987163123917506,1.0,0.305936881818111,0.2966842358022714,0.9888740117517298,0.0,0.4918882803507263,0.4974061008927952,0.0055178205420688,0.0,1.0,0.0,0.0,abundance_only_or_fail,unfaithful_or_fail,abundance_only_or_fail,0.0244582341662933,bc_jackson2020,True,composition
motif_t_tumor_mixing,spatial,random,15,0.8012024834949976,1.0,0.4329211382369294,0.3678155275897184,1.017217469990417,0.0,0.5740708384257817,0.5713858464080809,-0.0026849920177008,0.0,1.0,0.0,0.0,abundance_only_or_fail,unfaithful_or_fail,abundance_only_or_fail,0.4311092235729584,bc_jackson2020,True,composition
motif_tumor_high,control,random,15,0.9710136187037276,1.0,0.4039855646243676,0.4069739056631606,1.0176034714310258,0.0,0.5284496482433231,0.5289932349095203,0.0005435866661972,0.0,1.0,0.0,0.0,fail_control,fail_control,fail_control,0.4138293278982258,bc_jackson2020,True,composition
motif_apc_t_contact,spatial,single,15,0.6019790325846818,0.5333333333333333,0.3233549103490535,0.3265751411597203,0.6865606115035702,0.0,0.27251670452483,0.5973530843893446,0.3248363798645146,0.5333333333333333,1.0,1.0,1.0,abundance_only_or_fail,pass_spatial,faithful_but_wrong_place,2.317986359320288e-09,bc_jackson2020,True,composition
motif_cd8_high,control,single,15,0.9404275198653292,1.0,0.8843544363225972,0.8833945408891506,2.468309424605472,1.0,0.285728062218789,0.6869504350392192,0.4012223728204302,1.0,1.0,1.0,1.0,pass_control,pass_control,pass_control,3.2387653241662794e-16,bc_jackson2020,False,composition
motif_cd8_tumor_contact,spatial,single,15,0.8130867774847903,1.0,0.4288700929044804,0.3392738907158944,0.6829309195006853,0.0,0.4564189052976247,0.8337552710441878,0.377336365746563,1.0,1.0,1.0,1.0,abundance_only_or_fail,pass_spatial,faithful_but_wrong_place,7.280659682233275e-14,bc_jackson2020,True,composition
motif_macrophage_tumor_niche,spatial,single,15,0.6987163123917506,1.0,0.3159328376305682,0.2825065149425084,0.7893361382858247,0.0,0.3826226968879209,0.7784347223495653,0.3958120254616443,1.0,1.0,1.0,1.0,abundance_only_or_fail,pass_spatial,faithful_but_wrong_place,3.2321757520387945e-13,bc_jackson2020,True,composition
motif_t_tumor_mixing,spatial,single,15,0.8012024834949976,1.0,0.4349503144295381,0.345194609327154,0.7231698350611769,0.0,0.4497861377553194,0.8230000673047743,0.3732139295494547,1.0,1.0,1.0,1.0,abundance_only_or_fail,pass_spatial,faithful_but_wrong_place,6.076900944256076e-14,bc_jackson2020,True,composition
motif_tumor_high,control,single,15,0.9710136187037276,1.0,0.977075770277002,0.9740399327244944,2.821178348484379,1.0,0.263155388425661,0.7122901731313036,0.4491347847056426,1.0,1.0,1.0,1.0,pass_control,pass_control,pass_control,7.293237822855515e-15,bc_jackson2020,True,composition
motif_cd8_clustering,spatial,attention,15,0.8950886314152133,1.0,0.6474764708383882,0.4871589954285601,5.144839708618645,1.0,0.1105999389886061,0.4747989302704484,0.3641989912818422,1.0,1.0,0.8666666666666667,0.7333333333333333,pass_spatial,pass_spatial,pass_spatial,1.8001061205794976e-14,hnc_wu2022,True,composition
motif_cd8_high,control,attention,15,0.9651458357790108,1.0,0.5674835812975718,0.5331470319319714,1.7362319876874053,1.0,0.3490145699203595,0.5371376718745249,0.1881231019541652,0.8666666666666667,1.0,0.8666666666666667,0.7333333333333333,pass_control,pass_control,pass_control,2.4056994664258325e-10,hnc_wu2022,False,composition
motif_immune_exclusion,spatial,attention,15,0.8824999635348029,1.0,0.3449279750000757,0.4364079215224945,2.170710882529057,0.9333333333333332,0.1735457199737169,0.5008736091762007,0.3273278892024838,1.0,1.0,0.8666666666666667,0.7333333333333333,pass_spatial,pass_spatial,pass_spatial,7.205670633427932e-11,hnc_wu2022,True,composition
motif_tumor_high,control,attention,15,0.9521945638059232,1.0,0.496338811386532,0.4590292086285992,1.3195200373444118,0.7333333333333333,0.4065949205002022,0.4781545338640338,0.0715596133638314,0.6666666666666666,1.0,0.8666666666666667,0.7333333333333333,pass_control,pass_control,pass_control,9.805116986400662e-05,hnc_wu2022,False,composition
motif_cd8_clustering,spatial,ig,15,0.8950886314152133,1.0,0.595634617002331,0.406826165741994,4.758504645762516,1.0,0.1691062505768899,0.5849962878899594,0.4158900373130693,1.0,1.0,1.0,1.0,pass_spatial,pass_spatial,pass_spatial,1.5702588510969234e-14,hnc_wu2022,True,composition
motif_cd8_high,control,ig,15,0.9651458357790108,1.0,0.8368728006562142,0.7917906255698071,2.745436660658295,1.0,0.1966261885364826,0.7484332855223333,0.5518070969858508,1.0,1.0,1.0,1.0,pass_control,pass_control,pass_control,2.311308736016676e-15,hnc_wu2022,False,composition
motif_immune_exclusion,spatial,ig,15,0.8824999635348029,1.0,0.3995489223504851,0.4835765334556203,2.6588296303116974,1.0,0.1301232233687045,0.6959168492122331,0.5657936258435285,1.0,1.0,1.0,1.0,pass_spatial,pass_spatial,pass_spatial,1.004759635918481e-12,hnc_wu2022,True,composition
motif_tumor_high,control,ig,15,0.9521945638059232,1.0,0.9484106434995216,0.9125631657316068,2.93531266411368,1.0,0.1553228454039137,0.7989697070739203,0.6436468616700066,1.0,1.0,1.0,1.0,pass_control,pass_control,pass_control,3.8622584813234736e-15,hnc_wu2022,False,composition
motif_cd8_clustering,spatial,one_removed,15,0.8950886314152133,1.0,0.5077304190241148,0.3535156678741009,4.301567410956706,1.0,0.2921636052262401,0.6087695015411615,0.3166058963149212,1.0,1.0,1.0,1.0,pass_spatial,pass_spatial,pass_spatial,1.8097708294289396e-12,hnc_wu2022,True,composition
motif_cd8_high,control,one_removed,15,0.9651458357790108,1.0,0.7671677534519948,0.7263479426036233,2.6384911709648784,1.0,0.2560856716676311,0.7174811016651864,0.4613954299975553,1.0,1.0,1.0,1.0,pass_control,pass_control,pass_control,2.5920345414700943e-14,hnc_wu2022,False,composition
motif_immune_exclusion,spatial,one_removed,15,0.8824999635348029,1.0,0.3412239415449908,0.4438644371951882,2.474951092620934,1.0,0.2464480097164723,0.6926970541528867,0.4462490444364144,1.0,1.0,1.0,1.0,pass_spatial,pass_spatial,pass_spatial,2.212700825683395e-12,hnc_wu2022,True,composition
motif_tumor_high,control,one_removed,15,0.9521945638059232,1.0,0.9306787671740376,0.8886769975113467,2.884611843055491,1.0,0.1774378818566377,0.7784734859796636,0.601035604123026,1.0,1.0,1.0,1.0,pass_control,pass_control,pass_control,1.4401917629356732e-14,hnc_wu2022,False,composition
motif_cd8_clustering,spatial,random,15,0.8950886314152133,1.0,0.1904328376436445,0.1726496019505517,0.9701513572630128,0.0,0.4404213987543243,0.4421424992790365,0.0017211005247121,0.0,1.0,0.0,0.0,abundance_only_or_fail,unfaithful_or_fail,abundance_only_or_fail,0.5666990016218411,hnc_wu2022,True,composition
motif_cd8_high,control,random,15,0.9651458357790108,1.0,0.3818446921891008,0.4053034708216648,0.9983376494458192,0.0,0.5080685781615112,0.5111041307470648,0.0030355525855536,0.0,1.0,0.0,0.0,fail_control,fail_control,fail_control,0.719402654121901,hnc_wu2022,False,composition
motif_immune_exclusion,spatial,random,15,0.8824999635348029,1.0,0.1894597703002213,0.3668813007078871,0.9866286098333364,0.0,0.4713301910639741,0.4631743291046604,-0.0081558619593137,0.0,1.0,0.0,0.0,abundance_only_or_fail,unfaithful_or_fail,abundance_only_or_fail,0.5887416735330491,hnc_wu2022,True,composition
motif_tumor_high,control,random,15,0.9521945638059232,1.0,0.3493698125428269,0.3494992447624365,1.005214211153432,0.0,0.4778470766455791,0.4820316037705819,0.0041845271250026,0.0,1.0,0.0,0.0,fail_control,fail_control,fail_control,0.2053588353552541,hnc_wu2022,False,composition
motif_cd8_clustering,spatial,single,15,0.8950886314152133,1.0,0.6205428980094588,0.4783192701253657,4.965156274099676,1.0,0.0859289831414432,0.5725079362761475,0.4865789531347042,1.0,1.0,1.0,1.0,pass_spatial,pass_spatial,pass_spatial,1.1538058556834344e-15,hnc_wu2022,True,composition
motif_cd8_high,control,single,15,0.9651458357790108,1.0,0.837470542801579,0.8255245390559761,2.693057818487389,1.0,0.1681636142717894,0.7421390743179607,0.5739754600461712,1.0,1.0,1.0,1.0,pass_control,pass_control,pass_control,1.6868914007749425e-15,hnc_wu2022,False,composition
motif_immune_exclusion,spatial,single,15,0.8824999635348029,1.0,0.412981771520313,0.4707165748749466,2.786336097520008,1.0,0.1143250072652204,0.681112921604935,0.5667879143397146,1.0,1.0,1.0,1.0,pass_spatial,pass_spatial,pass_spatial,1.4545404428564692e-13,hnc_wu2022,True,composition
motif_tumor_high,control,single,15,0.9521945638059232,1.0,0.9688736058138112,0.9486112963906118,2.962858026338101,1.0,0.1604752126292823,0.7866010674096658,0.6261258547803833,1.0,1.0,1.0,1.0,pass_control,pass_control,pass_control,5.634929526742338e-15,hnc_wu2022,False,composition
motif_cd8_high,control,attention,15,0.964788278879704,1.0,0.752974069168782,0.7272232855169638,1.770796078177116,0.8,0.3692949081132307,0.5255357527853657,0.1562408446721348,0.9333333333333332,1.0,0.8,0.7666666666666667,pass_control,pass_control,pass_control,5.687500212359632e-11,tnbc_wang2023,True,composition
motif_tumor_high,control,attention,15,0.9774631989251944,1.0,0.6056217215648076,0.562663668710773,1.610930384476346,0.8,0.4481049583279827,0.5146729849294832,0.0665680266015004,0.8,1.0,0.8,0.7666666666666667,pass_control,pass_control,pass_control,3.975919367284744e-07,tnbc_wang2023,False,composition
motif_cd8_high,control,ig,15,0.964788278879704,1.0,0.8744198706555739,0.8325658114080965,2.223478281779402,1.0,0.3174299710527827,0.6344135161594812,0.3169835451066983,1.0,1.0,1.0,1.0,pass_control,pass_control,pass_control,1.1263090101326745e-15,tnbc_wang2023,True,composition
motif_tumor_high,control,ig,15,0.9774631989251944,1.0,0.9446900116528434,0.9350627197518028,2.7870269913056926,1.0,0.2856803003708038,0.7170085416636,0.4313282412927963,1.0,1.0,1.0,1.0,pass_control,pass_control,pass_control,3.0261346690353054e-14,tnbc_wang2023,False,composition
motif_cd8_high,control,one_removed,15,0.964788278879704,1.0,0.7794846344816181,0.7334060875684909,2.108763699709613,1.0,0.3828184471612151,0.6109945592165295,0.2281761120553143,1.0,1.0,1.0,1.0,pass_control,pass_control,pass_control,5.405880357361061e-12,tnbc_wang2023,True,composition
motif_tumor_high,control,one_removed,15,0.9774631989251944,1.0,0.8272691385222911,0.8003978436048321,2.5320533184108185,1.0,0.3311179412539413,0.6835656580874812,0.3524477168335398,1.0,1.0,1.0,1.0,pass_control,pass_control,pass_control,4.564789556980265e-13,tnbc_wang2023,False,composition
motif_cd8_high,control,random,15,0.964788278879704,1.0,0.558495290211722,0.5729309799174536,1.0119126068153197,0.0,0.498080686919286,0.4990020310108471,0.0009213440915612,0.0,1.0,0.0,0.0,fail_control,fail_control,fail_control,0.3069422063397368,tnbc_wang2023,True,composition
motif_tumor_high,control,random,15,0.9774631989251944,1.0,0.3971719058146561,0.4016218271063163,1.004455118709429,0.0,0.5085647124657006,0.5085812079531298,1.6495487429253376e-05,0.0,1.0,0.0,0.0,fail_control,fail_control,fail_control,0.2359801583999395,tnbc_wang2023,False,composition
motif_cd8_high,control,single,15,0.964788278879704,1.0,0.8889003818205581,0.886806534549937,2.209121154929365,1.0,0.2498407735085418,0.6367052439290192,0.3868644704204774,1.0,1.0,1.0,1.0,pass_control,pass_control,pass_control,3.1359131835930816e-19,tnbc_wang2023,True,composition
motif_tumor_high,control,single,15,0.9774631989251944,1.0,0.9650700980156042,0.9607521669076128,2.832345279052129,1.0,0.269151008338981,0.7210672795962392,0.4519162712572581,1.0,1.0,1.0,1.0,pass_control,pass_control,pass_control,5.141389582026631e-15,tnbc_wang2023,False,composition
motif_cd8_high,control,attention,15,0.9596166201098354,1.0,0.8992071436641749,0.8939692092520394,1.7496189768034536,0.1333333333333333,0.354612110054741,0.499866849039328,0.145254738984587,0.7333333333333333,1.0,0.5666666666666667,0.4,fail_control,pass_control,fail_control,4.885965918892783e-10,bc_metabric_ali2020,False,composition
motif_interface_immune,spatial,attention,15,0.5730730164126139,0.3333333333333333,0.4084030121322375,0.3554993328653998,1.2034499302137205,0.0666666666666666,0.3445429194918471,0.5223620426608845,0.1778191231690373,0.3333333333333333,1.0,0.5666666666666667,0.4,abundance_only_or_fail,unfaithful_or_fail,abundance_only_or_fail,1.6712650064931987e-05,bc_metabric_ali2020,True,composition
motif_tumor_high,control,attention,15,0.96991201470397,1.0,0.5682416278389189,0.5329964100785047,1.4739145209242135,1.0,0.4856143476545176,0.498704737717833,0.0130903900633153,0.6666666666666666,1.0,0.5666666666666667,0.4,pass_control,pass_control,pass_control,0.1016526787018926,bc_metabric_ali2020,False,composition
motif_tumor_stroma_mixing,spatial,attention,15,0.7660506554651324,1.0,0.7885161084777119,0.6368405663778616,1.4740993486828735,0.0666666666666666,0.7287297201751952,0.4856342089366684,-0.2430955112385268,0.0,1.0,0.5666666666666667,0.4,abundance_only_or_fail,unfaithful_or_fail,abundance_only_or_fail,0.99999999999342,bc_metabric_ali2020,True,composition
motif_cd8_high,control,ig,15,0.9596166201098354,1.0,0.8570650631696355,0.8291446963545257,1.687855698381307,0.0,0.372514788959073,0.5404235055316727,0.1679087165725998,1.0,1.0,0.5,0.5,fail_control,pass_control,fail_control,3.681249153959827e-13,bc_metabric_ali2020,False,composition
motif_interface_immune,spatial,ig,15,0.5730730164126139,0.3333333333333333,0.4169665904819922,0.3805089924241283,1.2181801888440886,0.0,0.2816785579671109,0.636110974776907,0.354432416809796,0.3333333333333333,1.0,0.5,0.5,abundance_only_or_fail,unfaithful_or_fail,abundance_only_or_fail,0.000135999253174,bc_metabric_ali2020,True,composition
motif_tumor_high,control,ig,15,0.96991201470397,1.0,0.896525640675355,0.890872020025402,2.6911407705796333,1.0,0.2852281178537354,0.7000356551208057,0.4148075372670703,1.0,1.0,0.5,0.5,pass_control,pass_control,pass_control,5.1092143847662615e-14,bc_metabric_ali2020,False,composition
motif_tumor_stroma_mixing,spatial,ig,15,0.7660506554651324,1.0,0.7712390002925154,0.6571787630202119,1.571695774553025,0.4666666666666667,0.3868278242892584,0.7229770559989421,0.3361492317096838,1.0,1.0,0.5,0.5,abundance_only_or_fail,pass_spatial,faithful_but_wrong_place,2.5013412352239605e-13,bc_metabric_ali2020,True,composition
motif_cd8_high,control,one_removed,15,0.9596166201098354,1.0,0.7792312113623496,0.7569086868201744,1.5391426450630623,0.0,0.4210367972918097,0.5619730266612599,0.1409362293694503,1.0,1.0,0.5,0.5,fail_control,pass_control,fail_control,4.821034246479833e-09,bc_metabric_ali2020,False,composition
motif_interface_immune,spatial,one_removed,15,0.5730730164126139,0.3333333333333333,0.4086581857757466,0.3770420842895257,1.1851700418821434,0.0,0.3305337716663165,0.6469091590738252,0.3163753874075087,0.3333333333333333,1.0,0.5,0.5,abundance_only_or_fail,unfaithful_or_fail,abundance_only_or_fail,0.0002816324494887,bc_metabric_ali2020,True,composition
motif_tumor_high,control,one_removed,15,0.96991201470397,1.0,0.7992656857008782,0.7817017883341956,2.455831616674965,1.0,0.3285270727838547,0.6689528147080371,0.3404257419241823,1.0,1.0,0.5,0.5,pass_control,pass_control,pass_control,3.004184508170076e-13,bc_metabric_ali2020,False,composition
motif_tumor_stroma_mixing,spatial,one_removed,15,0.7660506554651324,1.0,0.7444292465531018,0.6228823758162281,1.243434005895095,0.1333333333333333,0.3742247328344311,0.6537289546052795,0.2795042217708484,1.0,1.0,0.5,0.5,abundance_only_or_fail,pass_spatial,faithful_but_wrong_place,1.7797592381585384e-15,bc_metabric_ali2020,True,composition
motif_cd8_high,control,random,15,0.9596166201098354,1.0,0.7073325558476103,0.7293461113317944,0.9996792410953432,0.0,0.4673487061322403,0.4692137282169282,0.0018650220846878,0.0,1.0,0.0,0.0,fail_control,fail_control,fail_control,0.120848047975453,bc_metabric_ali2020,False,composition
motif_interface_immune,spatial,random,15,0.5730730164126139,0.3333333333333333,0.3755847087357463,0.3374709514484552,0.9723118373967572,0.0,0.4808124781312841,0.4835710169844611,0.0027585388531769,0.0,1.0,0.0,0.0,abundance_only_or_fail,unfaithful_or_fail,abundance_only_or_fail,0.5306232657028577,bc_metabric_ali2020,True,composition
motif_tumor_high,control,random,15,0.96991201470397,1.0,0.4035079224990399,0.4015206021365626,1.0063357096059404,0.0,0.4968682201812558,0.497806277936793,0.0009380577555371,0.0,1.0,0.0,0.0,fail_control,fail_control,fail_control,0.6555331729114111,bc_metabric_ali2020,False,composition
motif_tumor_stroma_mixing,spatial,random,15,0.7660506554651324,1.0,0.6650579465755724,0.5223689340855061,0.9885148358665916,0.0,0.5133356485506682,0.518055967887498,0.0047203193368297,0.0,1.0,0.0,0.0,abundance_only_or_fail,unfaithful_or_fail,abundance_only_or_fail,0.4424016942152671,bc_metabric_ali2020,True,composition
motif_cd8_high,control,single,15,0.9596166201098354,1.0,0.8943541236940722,0.9035603919145244,1.6850349740769266,0.0,0.2443055129035586,0.5983550336076304,0.3540495207040718,1.0,1.0,0.5,0.5,fail_control,pass_control,fail_control,9.759955328992168e-16,bc_metabric_ali2020,False,composition
motif_interface_immune,spatial,single,15,0.5730730164126139,0.3333333333333333,0.4177533223612679,0.3971826218340289,1.131234962577851,0.0666666666666666,0.2221736594691684,0.6481345772578764,0.4259609177887079,0.3333333333333333,1.0,0.5,0.5,abundance_only_or_fail,unfaithful_or_fail,abundance_only_or_fail,9.408054106548332e-06,bc_metabric_ali2020,True,composition
motif_tumor_high,control,single,15,0.96991201470397,1.0,0.9075414663022696,0.904357989568604,2.7302660692871323,1.0,0.2783090868283274,0.7106344737599308,0.4323253869316034,1.0,1.0,0.5,0.5,pass_control,pass_control,pass_control,1.353657375622261e-14,bc_metabric_ali2020,False,composition
motif_tumor_stroma_mixing,spatial,single,15,0.7660506554651324,1.0,0.6172782736269082,0.5359322588778566,0.647069106725138,0.0,0.3993695857591879,0.7864330328777837,0.3870634471185957,1.0,1.0,0.5,0.5,abundance_only_or_fail,pass_spatial,faithful_but_wrong_place,1.1449896199132336e-11,bc_metabric_ali2020,True,composition
motif_apc_t_contact,spatial,attention,15,0.6535642703576606,0.7333333333333333,0.3604619909255868,0.3503662400970702,0.8353055416827427,0.0,0.3440600513299868,0.5929320984503864,0.2488720471203996,0.6666666666666666,0.8666666666666667,0.8333333333333334,0.8333333333333334,abundance_only_or_fail,pass_spatial,faithful_but_wrong_place,4.9005668064511176e-08,bc_jackson2020,True,mixing
motif_cd8_high,control,attention,15,0.9226432135502524,0.8666666666666667,0.6471528947556947,0.6309251166227098,1.7451775604036657,0.8666666666666667,0.4346436506644051,0.6656819248007094,0.2310382741363042,0.8666666666666667,0.8666666666666667,0.8333333333333334,0.8333333333333334,pass_control,pass_control,pass_control,3.796918992020946e-11,bc_jackson2020,False,mixing
motif_cd8_tumor_contact,spatial,attention,15,0.6545126294335097,0.9333333333333332,0.4740106735275962,0.3921453944912808,1.144083956856884,0.0,0.6599973101325506,0.616907673202404,-0.0430896369301466,0.8,0.8666666666666667,0.8333333333333334,0.8333333333333334,abundance_only_or_fail,pass_spatial,faithful_but_wrong_place,0.9840762432796863,bc_jackson2020,True,mixing
motif_macrophage_tumor_niche,spatial,attention,15,0.5882662661405493,0.4,0.4094261803949349,0.3296691236544497,1.553001346908759,0.2666666666666666,0.6106828160204926,0.5132942258819003,-0.0973885901385921,0.0,0.8666666666666667,0.8333333333333334,0.8333333333333334,abundance_only_or_fail,unfaithful_or_fail,abundance_only_or_fail,0.9987534789599174,bc_jackson2020,True,mixing
motif_t_tumor_mixing,spatial,attention,15,0.6629355405761213,0.8,0.4667460591073344,0.3845891038263034,1.0922820389222714,0.0,0.6508942496820795,0.6135577020557089,-0.0373365476263705,0.3333333333333333,0.8666666666666667,0.8333333333333334,0.8333333333333334,abundance_only_or_fail,unfaithful_or_fail,abundance_only_or_fail,0.9292498141084627,bc_jackson2020,True,mixing
motif_tumor_high,control,attention,15,0.9400192306934264,0.8666666666666667,0.486790668752031,0.4587716622896691,1.4069664217131257,0.8,0.3987960104990183,0.564126590783505,0.1653305802844866,0.8666666666666667,0.8666666666666667,0.8333333333333334,0.8333333333333334,pass_control,pass_control,pass_control,1.6610630656217845e-08,bc_jackson2020,True,mixing
motif_apc_t_contact,spatial,ig,15,0.6535642703576606,0.7333333333333333,0.3817479225736601,0.3699481521460187,1.0908314684787557,0.0,0.1900025645842951,0.842495567537663,0.6524930029533678,0.7333333333333333,0.8666666666666667,0.8666666666666667,0.8666666666666667,abundance_only_or_fail,pass_spatial,faithful_but_wrong_place,6.776311721397455e-10,bc_jackson2020,True,mixing
motif_cd8_high,control,ig,15,0.9226432135502524,0.8666666666666667,0.7173450786900519,0.6972909200090102,2.08967436641103,0.8666666666666667,0.39982863849014,0.8044890832630383,0.4046604447728983,0.8666666666666667,0.8666666666666667,0.8666666666666667,0.8666666666666667,pass_control,pass_control,pass_control,2.4096173463859068e-11,bc_jackson2020,False,mixing
motif_cd8_tumor_contact,spatial,ig,15,0.6545126294335097,0.9333333333333332,0.4748223636196837,0.396487545458172,1.2258299116115177,0.0,0.2812318922674022,0.883529244524085,0.6022973522566829,0.9333333333333332,0.8666666666666667,0.8666666666666667,0.8666666666666667,abundance_only_or_fail,pass_spatial,faithful_but_wrong_place,1.0305876858850948e-14,bc_jackson2020,True,mixing
motif_macrophage_tumor_niche,spatial,ig,15,0.5882662661405493,0.4,0.4297784835020029,0.3770123948428083,1.87858921198629,0.4,0.1572883389033195,0.8526322791928272,0.6953439402895077,0.4,0.8666666666666667,0.8666666666666667,0.8666666666666667,abundance_only_or_fail,unfaithful_or_fail,abundance_only_or_fail,2.975672425743821e-07,bc_jackson2020,True,mixing
motif_t_tumor_mixing,spatial,ig,15,0.6629355405761213,0.8,0.4728288893535172,0.3964827246556141,1.2166042670709578,0.0,0.2793110999339844,0.8909798560458947,0.6116687561119103,0.8,0.8666666666666667,0.8666666666666667,0.8666666666666667,abundance_only_or_fail,pass_spatial,faithful_but_wrong_place,6.567163129426652e-13,bc_jackson2020,True,mixing
motif_tumor_high,control,ig,15,0.9400192306934264,0.8666666666666667,0.7629739439082319,0.7508807833484124,2.313919776754322,0.8666666666666667,0.2337365532267714,0.7404655674443006,0.5067290142175291,0.8666666666666667,0.8666666666666667,0.8666666666666667,0.8666666666666667,pass_control,pass_control,pass_control,2.892205190949957e-13,bc_jackson2020,True,mixing
motif_apc_t_contact,spatial,one_removed,15,0.6535642703576606,0.7333333333333333,0.3861292746041142,0.3740329147814492,1.0590454632497812,0.0,0.2877181381041384,0.8053085593699407,0.5175904212658022,0.7333333333333333,0.8666666666666667,0.8666666666666667,0.8666666666666667,abundance_only_or_fail,pass_spatial,faithful_but_wrong_place,9.29275470956152e-09,bc_jackson2020,True,mixing
motif_cd8_high,control,one_removed,15,0.9226432135502524,0.8666666666666667,0.5982447369509996,0.5812856685454469,1.8674526083603529,0.8666666666666667,0.4901937125323039,0.7745203592914419,0.2843266467591379,0.8666666666666667,0.8666666666666667,0.8666666666666667,0.8666666666666667,pass_control,pass_control,pass_control,2.894275544111773e-10,bc_jackson2020,False,mixing
motif_cd8_tumor_contact,spatial,one_removed,15,0.6545126294335097,0.9333333333333332,0.4593950118468212,0.3863027767160331,1.1949844642465808,0.0,0.3470736536281559,0.8378009401282337,0.4907272865000778,0.9333333333333332,0.8666666666666667,0.8666666666666667,0.8666666666666667,abundance_only_or_fail,pass_spatial,faithful_but_wrong_place,3.235887043613136e-13,bc_jackson2020,True,mixing
motif_macrophage_tumor_niche,spatial,one_removed,15,0.5882662661405493,0.4,0.4097627801463726,0.3639709241833029,1.8047940166936571,0.4,0.2263125082614024,0.798476291031546,0.5721637827701437,0.4,0.8666666666666667,0.8666666666666667,0.8666666666666667,abundance_only_or_fail,unfaithful_or_fail,abundance_only_or_fail,9.005674706365545e-06,bc_jackson2020,True,mixing
motif_t_tumor_mixing,spatial,one_removed,15,0.6629355405761213,0.8,0.457611438614988,0.3871556772353593,1.176536876703224,0.0,0.3519067337473268,0.8533443639285893,0.5014376301812625,0.8,0.8666666666666667,0.8666666666666667,0.8666666666666667,abundance_only_or_fail,pass_spatial,faithful_but_wrong_place,1.0404408216614969e-12,bc_jackson2020,True,mixing
motif_tumor_high,control,one_removed,15,0.9400192306934264,0.8666666666666667,0.6727610804437132,0.6584962071289276,2.136618446012567,0.8666666666666667,0.3130701458366409,0.7169271409519085,0.4038569951152676,0.8666666666666667,0.8666666666666667,0.8666666666666667,0.8666666666666667,pass_control,pass_control,pass_control,2.8110865706696456e-11,bc_jackson2020,True,mixing
motif_apc_t_contact,spatial,random,15,0.6535642703576606,0.7333333333333333,0.3722321492003836,0.3588358620337283,1.06693888843091,0.0,0.577459354702427,0.5666423851546554,-0.0108169695477716,0.0,0.8666666666666667,0.0,0.0,abundance_only_or_fail,unfaithful_or_fail,abundance_only_or_fail,0.7158865033472339,bc_jackson2020,True,mixing
motif_cd8_high,control,random,15,0.9226432135502524,0.8666666666666667,0.4641750277970212,0.4825967558670895,1.011467198628948,0.0,0.643483965065047,0.6464601041213652,0.0029761390563182,0.0,0.8666666666666667,0.0,0.0,fail_control,fail_control,fail_control,0.6427131897541253,bc_jackson2020,False,mixing
motif_cd8_tumor_contact,spatial,random,15,0.6545126294335097,0.9333333333333332,0.4322312489125987,0.3678902350271014,0.9878306089978606,0.0,0.6178981389407319,0.6153108394212425,-0.0025872995194893,0.0,0.8666666666666667,0.0,0.0,abundance_only_or_fail,unfaithful_or_fail,abundance_only_or_fail,0.7069300080002863,bc_jackson2020,True,mixing
motif_macrophage_tumor_niche,spatial,random,15,0.5882662661405493,0.4,0.3129388818412615,0.2901720281150809,1.0088393436347725,0.0,0.520588047292106,0.5225590536538799,0.0019710063617739,0.0,0.8666666666666667,0.0,0.0,abundance_only_or_fail,unfaithful_or_fail,abundance_only_or_fail,0.8047635143918438,bc_jackson2020,True,mixing
motif_t_tumor_mixing,spatial,random,15,0.6629355405761213,0.8,0.4293693712652657,0.3635627015816531,0.9922598156951682,0.0,0.6100193697675543,0.610027205388941,7.8356213865996e-06,0.0,0.8666666666666667,0.0,0.0,abundance_only_or_fail,unfaithful_or_fail,abundance_only_or_fail,0.1347465033392505,bc_jackson2020,True,mixing
motif_tumor_high,control,random,15,0.9400192306934264,0.8666666666666667,0.4022186819981905,0.4078532735127329,0.9971924192698126,0.0,0.5408071782556447,0.5403969105464747,-0.00041026770917,0.0,0.8666666666666667,0.0,0.0,fail_control,fail_control,fail_control,0.6698285265693524,bc_jackson2020,True,mixing
motif_apc_t_contact,spatial,single,15,0.6535642703576606,0.7333333333333333,0.3887865221990799,0.3772666327322007,1.1946309568185909,0.0,0.1237128658660671,0.8593549956700404,0.7356421298039731,0.7333333333333333,0.8666666666666667,0.8666666666666667,0.8666666666666667,abundance_only_or_fail,pass_spatial,faithful_but_wrong_place,1.4205091452117643e-10,bc_jackson2020,True,mixing
motif_cd8_high,control,single,15,0.9226432135502524,0.8666666666666667,0.7580415945117012,0.7664250300297868,2.146338502562162,0.8666666666666667,0.2870200902303548,0.827614113019579,0.5405940227892244,0.8666666666666667,0.8666666666666667,0.8666666666666667,0.8666666666666667,pass_control,pass_control,pass_control,1.6205369000647947e-14,bc_jackson2020,False,mixing
motif_cd8_tumor_contact,spatial,single,15,0.6545126294335097,0.9333333333333332,0.4775042743687182,0.3950615199221782,1.192335990966239,0.1333333333333333,0.2316706216005613,0.9118668550954284,0.6801962334948671,0.9333333333333332,0.8666666666666667,0.8666666666666667,0.8666666666666667,abundance_only_or_fail,pass_spatial,faithful_but_wrong_place,2.066634801525971e-15,bc_jackson2020,True,mixing
motif_macrophage_tumor_niche,spatial,single,15,0.5882662661405493,0.4,0.4270993207865847,0.3728549063954147,1.8719096406884737,0.4,0.133931117618411,0.8990017648815657,0.7650706472631544,0.4,0.8666666666666667,0.8666666666666667,0.8666666666666667,abundance_only_or_fail,unfaithful_or_fail,abundance_only_or_fail,8.631669570220995e-08,bc_jackson2020,True,mixing
motif_t_tumor_mixing,spatial,single,15,0.6629355405761213,0.8,0.4748129700876373,0.3948629652037596,1.193683834128808,0.0666666666666666,0.2293010622970176,0.9157652355312128,0.6864641732341951,0.8,0.8666666666666667,0.8666666666666667,0.8666666666666667,abundance_only_or_fail,pass_spatial,faithful_but_wrong_place,8.85322615123569e-13,bc_jackson2020,True,mixing
motif_tumor_high,control,single,15,0.9400192306934264,0.8666666666666667,0.7795138320936855,0.780007682317361,2.362575129470071,0.8666666666666667,0.1963443618102476,0.7428570981711621,0.5465127363609145,0.8666666666666667,0.8666666666666667,0.8666666666666667,0.8666666666666667,pass_control,pass_control,pass_control,2.5382438701534774e-14,bc_jackson2020,True,mixing
motif_cd8_clustering,spatial,attention,15,0.8449522215117599,1.0,0.449096439693075,0.410858874322092,3.5955200747049334,1.0,0.3098369917451701,0.4599850456781018,0.1501480539329316,0.3333333333333333,0.9666666666666668,0.4,0.3333333333333333,pass_spatial,unfaithful_or_fail,looks_biological_unfaithful,2.465327160464293e-06,hnc_wu2022,True,mixing
motif_cd8_high,control,attention,15,0.968523328509617,1.0,0.4955553706219995,0.4684392268221113,1.4274412868111062,0.6666666666666666,0.3418121222346297,0.5131496231769473,0.1713375009423176,0.8,0.9666666666666668,0.4,0.3333333333333333,pass_control,pass_control,pass_control,2.129053189275844e-09,hnc_wu2022,False,mixing
motif_immune_exclusion,spatial,attention,15,0.9189913140030992,1.0,0.3176288320101272,0.4081261908563786,1.9073851267429425,0.9333333333333332,0.3811685455205395,0.5121191709021784,0.1309506253816388,0.4666666666666667,0.9666666666666668,0.4,0.3333333333333333,pass_spatial,unfaithful_or_fail,looks_biological_unfaithful,3.054240722422405e-05,hnc_wu2022,True,mixing
motif_tumor_high,control,attention,15,0.955445126633458,0.9333333333333332,0.4319918191231924,0.4168475440337439,1.152607193683065,0.1333333333333333,0.4701970378535322,0.4686314149499804,-0.0015656229035516,0.1333333333333333,0.9666666666666668,0.4,0.3333333333333333,fail_control,fail_control,fail_control,0.3379536419609361,hnc_wu2022,False,mixing
motif_cd8_clustering,spatial,ig,15,0.8449522215117599,1.0,0.5083483908878124,0.3570719294606731,4.0996750750291655,1.0,0.1511828649096885,0.7367830326876902,0.585600167778002,1.0,0.9666666666666668,0.9666666666666668,0.9666666666666668,pass_spatial,pass_spatial,pass_spatial,7.253779105221023e-13,hnc_wu2022,True,mixing
motif_cd8_high,control,ig,15,0.968523328509617,1.0,0.7706717613308584,0.7585303343484884,2.4697924603989976,1.0,0.1907051914055522,0.7725502311376709,0.5818450397321187,1.0,0.9666666666666668,0.9666666666666668,0.9666666666666668,pass_control,pass_control,pass_control,3.679347129011264e-15,hnc_wu2022,False,mixing
motif_immune_exclusion,spatial,ig,15,0.9189913140030992,1.0,0.3977648708894647,0.5197113349679073,2.703745919494785,1.0,0.1617075829644066,0.8161199970942213,0.6544124141298148,1.0,0.9666666666666668,0.9666666666666668,0.9666666666666668,pass_spatial,pass_spatial,pass_spatial,5.633025276973264e-13,hnc_wu2022,True,mixing
motif_tumor_high,control,ig,15,0.955445126633458,0.9333333333333332,0.830168052670266,0.8184916379055966,2.605288434011184,0.9333333333333332,0.1436356064639731,0.8112667354348478,0.6676311289708747,0.9333333333333332,0.9666666666666668,0.9666666666666668,0.9666666666666668,pass_control,pass_control,pass_control,2.471365746315379e-13,hnc_wu2022,False,mixing
motif_cd8_clustering,spatial,one_removed,15,0.8449522215117599,1.0,0.4343358509908192,0.3127260701826189,3.792859298114047,1.0,0.2302774239952059,0.6721555341633055,0.4418781101680996,1.0,0.9666666666666668,0.9666666666666668,0.9666666666666668,pass_spatial,pass_spatial,pass_spatial,3.665310343217079e-11,hnc_wu2022,True,mixing
motif_cd8_high,control,one_removed,15,0.968523328509617,1.0,0.6149608376357205,0.6098192859070396,2.146394888084452,1.0,0.277127389447206,0.7002476825483973,0.4231202931011912,1.0,0.9666666666666668,0.9666666666666668,0.9666666666666668,pass_control,pass_control,pass_control,6.338805886498159e-13,hnc_wu2022,False,mixing
motif_immune_exclusion,spatial,one_removed,15,0.9189913140030992,1.0,0.3275932245826806,0.4604650583543829,2.449261666560166,1.0,0.2847950538238378,0.7097357908242743,0.4249407370004365,1.0,0.9666666666666668,0.9666666666666668,0.9666666666666668,pass_spatial,pass_spatial,pass_spatial,6.407910684346188e-11,hnc_wu2022,True,mixing
motif_tumor_high,control,one_removed,15,0.955445126633458,0.9333333333333332,0.7682657652189789,0.7514287481826195,2.4756925609139726,0.9333333333333332,0.1973050618843008,0.7498534750838892,0.5525484131995884,0.9333333333333332,0.9666666666666668,0.9666666666666668,0.9666666666666668,pass_control,pass_control,pass_control,8.861392485167105e-13,hnc_wu2022,False,mixing
motif_cd8_clustering,spatial,random,15,0.8449522215117599,1.0,0.1904328376436445,0.1726496019505517,0.9701513572630128,0.0,0.4522147466592133,0.4421556651409637,-0.0100590815182495,0.0,0.9666666666666668,0.0,0.0,abundance_only_or_fail,unfaithful_or_fail,abundance_only_or_fail,0.7701034704675147,hnc_wu2022,True,mixing
motif_cd8_high,control,random,15,0.968523328509617,1.0,0.3822960441861319,0.4050362418234492,1.0022766779424976,0.0,0.5042964765690104,0.502389215565696,-0.0019072610033144,0.0,0.9666666666666668,0.0,0.0,fail_control,fail_control,fail_control,0.307504615492557,hnc_wu2022,False,mixing
motif_immune_exclusion,spatial,random,15,0.9189913140030992,1.0,0.1894597703002213,0.3668813007078871,0.9866286098333364,0.0,0.5070084307275979,0.4973878841260986,-0.0096205466014992,0.0,0.9666666666666668,0.0,0.0,abundance_only_or_fail,unfaithful_or_fail,abundance_only_or_fail,0.8430812896351787,hnc_wu2022,True,mixing
motif_tumor_high,control,random,15,0.955445126633458,0.9333333333333332,0.3495921349499536,0.3498756305016171,1.0051588775308444,0.0,0.475050171652878,0.4732573638363958,-0.0017928078164822,0.0,0.9666666666666668,0.0,0.0,fail_control,fail_control,fail_control,0.1123414384449827,hnc_wu2022,False,mixing
motif_cd8_clustering,spatial,single,15,0.8449522215117599,1.0,0.4371408613516498,0.3185421429306852,3.5293548833477075,1.0,0.0903689886506413,0.7904796752001408,0.7001106865494994,1.0,0.9666666666666668,0.9666666666666668,0.9666666666666668,pass_spatial,pass_spatial,pass_spatial,8.018857435595287e-15,hnc_wu2022,True,mixing
motif_cd8_high,control,single,15,0.968523328509617,1.0,0.7919494955054599,0.7863733116949508,2.5644185945803004,1.0,0.1455674749887741,0.7882567796351155,0.6426893046463413,1.0,0.9666666666666668,0.9666666666666668,0.9666666666666668,pass_control,pass_control,pass_control,9.323467746811606e-16,hnc_wu2022,False,mixing
motif_immune_exclusion,spatial,single,15,0.9189913140030992,1.0,0.4007336714916765,0.5244345657217188,2.7051767178197306,1.0,0.1227135377321479,0.8391553229562017,0.7164417852240538,1.0,0.9666666666666668,0.9666666666666668,0.9666666666666668,pass_spatial,pass_spatial,pass_spatial,2.4185175395917963e-14,hnc_wu2022,True,mixing
motif_tumor_high,control,single,15,0.955445126633458,0.9333333333333332,0.8902572499643702,0.8719953534535291,2.805825888611305,0.9333333333333332,0.1516392661605772,0.8092799725048904,0.6576407063443132,0.9333333333333332,0.9666666666666668,0.9666666666666668,0.9666666666666668,pass_control,pass_control,pass_control,1.667770080912677e-13,hnc_wu2022,False,mixing
motif_cd8_high,control,attention,15,0.9720046976431156,1.0,0.726711041868891,0.7025385634002319,1.7376343095175026,1.0,0.3415527711911597,0.541100056335431,0.1995472851442712,1.0,1.0,0.8333333333333334,0.8,pass_control,pass_control,pass_control,2.602662035508309e-15,tnbc_wang2023,True,mixing
motif_tumor_high,control,attention,15,0.9706098562239098,1.0,0.5108023991969922,0.4930371210024198,1.3640611141744992,0.6666666666666666,0.4470111667311586,0.5256927434868304,0.0786815767556718,0.7333333333333333,1.0,0.8333333333333334,0.8,pass_control,pass_control,pass_control,2.617708319084114e-06,tnbc_wang2023,False,mixing
motif_cd8_high,control,ig,15,0.9720046976431156,1.0,0.8439701385140619,0.8408890229218074,2.097240212988837,1.0,0.2729217381608009,0.6771794413205704,0.4042577031597693,1.0,1.0,1.0,1.0,pass_control,pass_control,pass_control,3.018661301577441e-16,tnbc_wang2023,True,mixing
motif_tumor_high,control,ig,15,0.9706098562239098,1.0,0.7937055850636032,0.8035854290541817,2.393068391961815,1.0,0.2731023482115455,0.732722604132535,0.4596202559209893,1.0,1.0,1.0,1.0,pass_control,pass_control,pass_control,8.436241511306664e-15,tnbc_wang2023,False,mixing
motif_cd8_high,control,one_removed,15,0.9720046976431156,1.0,0.7852226853718361,0.7632486767197673,2.055266164205852,1.0,0.3423691886678794,0.6566665207583106,0.3142973320904311,1.0,1.0,1.0,1.0,pass_control,pass_control,pass_control,9.242178459140477e-13,tnbc_wang2023,True,mixing
motif_tumor_high,control,one_removed,15,0.9706098562239098,1.0,0.697848970023897,0.6989659513247845,2.170467595825885,1.0,0.3231250822137845,0.6939414021276121,0.3708163199138277,1.0,1.0,1.0,1.0,pass_control,pass_control,pass_control,5.839969944391397e-14,tnbc_wang2023,False,mixing
motif_cd8_high,control,random,15,0.9720046976431156,1.0,0.558495290211722,0.5729309799174536,1.0119126068153197,0.0,0.514821287426827,0.516799605211632,0.0019783177848049,0.0,1.0,0.0,0.0,fail_control,fail_control,fail_control,0.08764100200649,tnbc_wang2023,True,mixing
motif_tumor_high,control,random,15,0.9706098562239098,1.0,0.3971719058146561,0.4016218271063163,1.004455118709429,0.0,0.5150521167942942,0.5168613274991531,0.0018092107048588,0.0,1.0,0.0,0.0,fail_control,fail_control,fail_control,0.5840466833354894,tnbc_wang2023,False,mixing
motif_cd8_high,control,single,15,0.9720046976431156,1.0,0.848785213229365,0.8624388546126904,2.0963726597953065,1.0,0.2468827489277082,0.6754512281565209,0.4285684792288128,1.0,1.0,1.0,1.0,pass_control,pass_control,pass_control,5.9903324179199295e-18,tnbc_wang2023,True,mixing
motif_tumor_high,control,single,15,0.9706098562239098,1.0,0.8080445182338213,0.8212006695184678,2.45078785406402,1.0,0.2648670786623484,0.7382219667432134,0.4733548880808652,1.0,1.0,1.0,1.0,pass_control,pass_control,pass_control,9.15620379929832e-15,tnbc_wang2023,False,mixing
motif_cd8_high,control,attention,15,0.9521450805591726,1.0,0.8373644033522439,0.845083455860246,1.5266350118794985,0.0,0.3396967526258318,0.5197822869292044,0.1800855343033725,0.8666666666666667,1.0,0.0333333333333333,0.0333333333333333,fail_control,pass_control,fail_control,2.3001126516212868e-11,bc_metabric_ali2020,False,mixing
motif_interface_immune,spatial,attention,15,0.6152279664031474,0.4666666666666667,0.4449505338213506,0.4030245649115455,1.3760309637032564,0.0666666666666666,0.3863101987564206,0.4984236063889712,0.1121134076325505,0.2,1.0,0.0333333333333333,0.0333333333333333,abundance_only_or_fail,unfaithful_or_fail,abundance_only_or_fail,0.0036757900447655,bc_metabric_ali2020,True,mixing
motif_tumor_high,control,attention,15,0.968200386707368,1.0,0.4582183404057542,0.4500235640753543,1.1591035128436349,0.0666666666666666,0.5182069167576477,0.5185583343173807,0.0003514175597328,0.3333333333333333,1.0,0.0333333333333333,0.0333333333333333,fail_control,fail_control,fail_control,0.4991516082784059,bc_metabric_ali2020,False,mixing
motif_tumor_stroma_mixing,spatial,attention,15,0.7058145941742333,1.0,0.734355320411943,0.6027551665877808,1.2511981937263597,0.0,0.70456362035085,0.4617805859911323,-0.2427830343597176,0.0,1.0,0.0333333333333333,0.0333333333333333,abundance_only_or_fail,unfaithful_or_fail,abundance_only_or_fail,0.9999999999686352,bc_metabric_ali2020,True,mixing
motif_cd8_high,control,ig,15,0.9521450805591726,1.0,0.8695627998285987,0.8622673552955589,1.6750586291381682,0.0,0.2804883297841791,0.6963495481235802,0.4158612183394012,1.0,1.0,0.5,0.5,fail_control,pass_control,fail_control,7.27820107466831e-14,bc_metabric_ali2020,False,mixing
motif_interface_immune,spatial,ig,15,0.6152279664031474,0.4666666666666667,0.4383558752198134,0.4054559141570567,1.5043576346314669,0.2666666666666666,0.1797576880470399,0.8053099731814264,0.6255522851343864,0.4666666666666667,1.0,0.5,0.5,abundance_only_or_fail,unfaithful_or_fail,abundance_only_or_fail,6.693891219032491e-07,bc_metabric_ali2020,True,mixing
motif_tumor_high,control,ig,15,0.968200386707368,1.0,0.6995174207038679,0.7085338380069274,2.051184510475933,1.0,0.2759400101086248,0.7382204181590983,0.4622804080504733,1.0,1.0,0.5,0.5,pass_control,pass_control,pass_control,2.6585840324035574e-15,bc_metabric_ali2020,False,mixing
motif_tumor_stroma_mixing,spatial,ig,15,0.7058145941742333,1.0,0.6946144855946944,0.543618436316598,1.164407556929976,0.0,0.2122957043496077,0.8363951259195643,0.6240994215699567,1.0,1.0,0.5,0.5,abundance_only_or_fail,pass_spatial,faithful_but_wrong_place,3.460043274707428e-13,bc_metabric_ali2020,True,mixing
motif_cd8_high,control,one_removed,15,0.9521450805591726,1.0,0.8072755980218597,0.7955831608704432,1.598882552811311,0.0,0.3504030995865357,0.6472334213249533,0.2968303217384175,1.0,1.0,0.5,0.5,fail_control,pass_control,fail_control,8.697725044683187e-13,bc_metabric_ali2020,False,mixing
motif_interface_immune,spatial,one_removed,15,0.6152279664031474,0.4666666666666667,0.428440740404684,0.3938904923274919,1.4262105217040826,0.2,0.2357562806322694,0.7630937671790429,0.5273374865467735,0.4666666666666667,1.0,0.5,0.5,abundance_only_or_fail,unfaithful_or_fail,abundance_only_or_fail,1.4849173797506467e-06,bc_metabric_ali2020,True,mixing
motif_tumor_high,control,one_removed,15,0.968200386707368,1.0,0.6030758342718844,0.6041219633082321,1.8535449448837904,1.0,0.340009700125728,0.6904891452559881,0.3504794451302601,1.0,1.0,0.5,0.5,pass_control,pass_control,pass_control,4.90888429310392e-13,bc_metabric_ali2020,False,mixing
motif_tumor_stroma_mixing,spatial,one_removed,15,0.7058145941742333,1.0,0.6914459286724007,0.5416722544544265,1.0953415277647016,0.0,0.2486210344856592,0.7591210571229746,0.5105000226373154,1.0,1.0,0.5,0.5,abundance_only_or_fail,pass_spatial,faithful_but_wrong_place,3.205018128952943e-13,bc_metabric_ali2020,True,mixing
motif_cd8_high,control,random,15,0.9521450805591726,1.0,0.7075380385630478,0.7292450234036132,0.9939513977856742,0.0,0.4962968521681656,0.4926771427238215,-0.0036197094443441,0.0,1.0,0.0,0.0,fail_control,fail_control,fail_control,0.5603396139213963,bc_metabric_ali2020,False,mixing
motif_interface_immune,spatial,random,15,0.6152279664031474,0.4666666666666667,0.3760251612416777,0.3443404001395286,0.9770843084070808,0.0,0.4900114314979681,0.4817532167398576,-0.0082582147581105,0.0,1.0,0.0,0.0,abundance_only_or_fail,unfaithful_or_fail,abundance_only_or_fail,0.9302179735649366,bc_metabric_ali2020,True,mixing
motif_tumor_high,control,random,15,0.968200386707368,1.0,0.4029346129095826,0.4029931113672455,1.0025370445219524,0.0,0.5175342620924674,0.5227521009300367,0.0052178388375692,0.0,1.0,0.0,0.0,fail_control,fail_control,fail_control,0.4070086806387198,bc_metabric_ali2020,False,mixing
motif_tumor_stroma_mixing,spatial,random,15,0.7058145941742333,1.0,0.6683690563768548,0.5229485880483468,1.027488796604623,0.0,0.494429214308579,0.4948859672088589,0.0004567529002797,0.0,1.0,0.0,0.0,abundance_only_or_fail,unfaithful_or_fail,abundance_only_or_fail,0.824565866043957,bc_metabric_ali2020,True,mixing
motif_cd8_high,control,single,15,0.9521450805591726,1.0,0.8836802604394399,0.8987971796217943,1.6625282995964936,0.0666666666666666,0.2183796046708575,0.7069757491239266,0.488596144453069,1.0,1.0,0.5333333333333333,0.5333333333333333,fail_control,pass_control,fail_control,6.800048119998878e-16,bc_metabric_ali2020,False,mixing
motif_interface_immune,spatial,single,15,0.6152279664031474,0.4666666666666667,0.4468089538229073,0.4155458614447499,1.5331960237079585,0.4,0.1251506217738518,0.8353870928925555,0.7102364711187038,0.4666666666666667,1.0,0.5333333333333333,0.5333333333333333,abundance_only_or_fail,unfaithful_or_fail,abundance_only_or_fail,1.5761795858658646e-06,bc_metabric_ali2020,True,mixing
motif_tumor_high,control,single,15,0.968200386707368,1.0,0.7265066636523417,0.7380260737454123,2.1769209904774485,1.0,0.2590460213728616,0.7509749559474665,0.4919289345746049,1.0,1.0,0.5333333333333333,0.5333333333333333,pass_control,pass_control,pass_control,2.866531391075461e-16,bc_metabric_ali2020,False,mixing
motif_tumor_stroma_mixing,spatial,single,15,0.7058145941742333,1.0,0.6610067205955248,0.5276308013168511,0.9574918896265036,0.0,0.1975948159966275,0.8808376581920138,0.6832428421953861,1.0,1.0,0.5333333333333333,0.5333333333333333,abundance_only_or_fail,pass_spatial,faithful_but_wrong_place,1.3519227291968524e-13,bc_metabric_ali2020,True,mixing
motif_apc_t_contact,spatial,attention,15,0.630607858583381,0.5333333333333333,0.3035339140674382,0.2957459846306614,0.4303425328119041,0.0,0.3752514278186674,0.5391292078146322,0.1638777799959648,0.5333333333333333,0.9666666666666668,0.9333333333333332,0.9333333333333332,abundance_only_or_fail,pass_spatial,faithful_but_wrong_place,0.0002272021032881,bc_jackson2020,True,celltype_density
motif_cd8_high,control,attention,15,0.933730794889066,0.9333333333333332,0.7104266750496473,0.7128620139591876,1.944814770957648,0.9333333333333332,0.3576745378584657,0.6150596983850907,0.2573851605266247,0.9333333333333332,0.9666666666666668,0.9333333333333332,0.9333333333333332,pass_control,pass_control,pass_control,1.7163173408745645e-13,bc_jackson2020,False,celltype_density
motif_cd8_tumor_contact,spatial,attention,15,0.823070424942973,1.0,0.5162389100865545,0.5024582010873807,1.260891486862584,0.2,0.7746614451281104,0.5607395261246035,-0.2139219190035068,0.0,0.9666666666666668,0.9333333333333332,0.9333333333333332,abundance_only_or_fail,unfaithful_or_fail,abundance_only_or_fail,0.9999999999923576,bc_jackson2020,True,celltype_density
motif_macrophage_tumor_niche,spatial,attention,15,0.6001019885385936,0.3333333333333333,0.3797737235045841,0.3941937544877455,1.17578610181971,0.0666666666666666,0.630867037974698,0.4995935834623967,-0.1312734545123011,0.0,0.9666666666666668,0.9333333333333332,0.9333333333333332,abundance_only_or_fail,unfaithful_or_fail,abundance_only_or_fail,0.99947991866787,bc_jackson2020,True,celltype_density
motif_t_tumor_mixing,spatial,attention,15,0.821215267166264,1.0,0.5197346706262846,0.5032201307772063,1.263100693797242,0.1333333333333333,0.7782400370048045,0.556507177470569,-0.2217328595342355,0.0,0.9666666666666668,0.9333333333333332,0.9333333333333332,abundance_only_or_fail,unfaithful_or_fail,abundance_only_or_fail,0.9999999999999568,bc_jackson2020,True,celltype_density
motif_tumor_high,control,attention,15,0.9778972614030472,1.0,0.5735192915478025,0.5285629845337261,1.5961217744899965,0.9333333333333332,0.3417766052684855,0.5522565613611576,0.210479956092672,1.0,0.9666666666666668,0.9333333333333332,0.9333333333333332,pass_control,pass_control,pass_control,2.712764958428932e-13,bc_jackson2020,True,celltype_density
motif_apc_t_contact,spatial,ig,15,0.630607858583381,0.5333333333333333,0.3298322461144121,0.3218025981573408,0.5160427082039364,0.0,0.3583958586026344,0.6276589535492462,0.2692630949466117,0.5333333333333333,0.9666666666666668,0.9666666666666668,0.9666666666666668,abundance_only_or_fail,pass_spatial,faithful_but_wrong_place,1.0567013496835647e-07,bc_jackson2020,True,celltype_density
motif_cd8_high,control,ig,15,0.933730794889066,0.9333333333333332,0.6496951158708855,0.6033410768792363,1.892717067929762,0.9333333333333332,0.4598020809160097,0.6661208635689595,0.2063187826529497,0.9333333333333332,0.9666666666666668,0.9666666666666668,0.9666666666666668,pass_control,pass_control,pass_control,2.8705200561135343e-13,bc_jackson2020,False,celltype_density
motif_cd8_tumor_contact,spatial,ig,15,0.823070424942973,1.0,0.5315141633811684,0.4200962544369447,1.427113411124193,0.7333333333333333,0.4592081637929858,0.7579292653664139,0.2987211015734279,1.0,0.9666666666666668,0.9666666666666668,0.9666666666666668,pass_spatial,pass_spatial,pass_spatial,3.932166368094118e-14,bc_jackson2020,True,celltype_density
motif_macrophage_tumor_niche,spatial,ig,15,0.6001019885385936,0.3333333333333333,0.4179016883250502,0.4066718241105894,1.5533216194280322,0.2666666666666666,0.3874538437517342,0.6602457575472055,0.2727919137954713,0.3333333333333333,0.9666666666666668,0.9666666666666668,0.9666666666666668,abundance_only_or_fail,unfaithful_or_fail,abundance_only_or_fail,1.7698738967134106e-05,bc_jackson2020,True,celltype_density
motif_t_tumor_mixing,spatial,ig,15,0.821215267166264,1.0,0.5266229450061756,0.4117010870277384,1.4067193181066575,0.6666666666666666,0.4551250036988408,0.7565062354526825,0.3013812317538415,1.0,0.9666666666666668,0.9666666666666668,0.9666666666666668,pass_spatial,pass_spatial,pass_spatial,5.634155173610146e-14,bc_jackson2020,True,celltype_density
motif_tumor_high,control,ig,15,0.9778972614030472,1.0,0.8794502695831531,0.8473012378879641,2.7149845119154663,1.0,0.2764987927396095,0.7000121129043806,0.4235133201647711,1.0,0.9666666666666668,0.9666666666666668,0.9666666666666668,pass_control,pass_control,pass_control,1.1911974033348509e-15,bc_jackson2020,True,celltype_density
motif_apc_t_contact,spatial,one_removed,15,0.630607858583381,0.5333333333333333,0.3542802361767919,0.3443971667957491,0.6447509270569689,0.0,0.4060931050159,0.6256263450988983,0.2195332400829981,0.5333333333333333,0.9666666666666668,0.9333333333333332,0.9333333333333332,abundance_only_or_fail,pass_spatial,faithful_but_wrong_place,1.4268343154850442e-08,bc_jackson2020,True,celltype_density
motif_cd8_high,control,one_removed,15,0.933730794889066,0.9333333333333332,0.5878386249086466,0.5510993867087781,1.6831419145479274,0.8666666666666667,0.5180986862961189,0.6721838867596135,0.1540852004634945,0.9333333333333332,0.9666666666666668,0.9333333333333332,0.9333333333333332,pass_control,pass_control,pass_control,2.165422098063156e-10,bc_jackson2020,False,celltype_density
motif_cd8_tumor_contact,spatial,one_removed,15,0.823070424942973,1.0,0.5231410014332003,0.4134243144212537,1.3943673630315003,0.5333333333333333,0.450428239332298,0.7002308493990164,0.2498026100667182,1.0,0.9666666666666668,0.9333333333333332,0.9333333333333332,pass_spatial,pass_spatial,pass_spatial,2.398175829100205e-15,bc_jackson2020,True,celltype_density
motif_macrophage_tumor_niche,spatial,one_removed,15,0.6001019885385936,0.3333333333333333,0.4190677085717046,0.3971259497529533,1.5245851463664477,0.2,0.383134637394824,0.6366299406231142,0.2534953032282901,0.3333333333333333,0.9666666666666668,0.9333333333333332,0.9333333333333332,abundance_only_or_fail,unfaithful_or_fail,abundance_only_or_fail,2.040766720948241e-05,bc_jackson2020,True,celltype_density
motif_t_tumor_mixing,spatial,one_removed,15,0.821215267166264,1.0,0.5150628862983265,0.403425190885595,1.3770469203848124,0.6,0.4489363581749201,0.6988331118278752,0.249896753652955,1.0,0.9666666666666668,0.9333333333333332,0.9333333333333332,pass_spatial,pass_spatial,pass_spatial,3.321914358190791e-15,bc_jackson2020,True,celltype_density
motif_tumor_high,control,one_removed,15,0.9778972614030472,1.0,0.8027429705307311,0.7686683742148012,2.561974353946899,1.0,0.3222568369958682,0.6860508436941967,0.3637940066983284,1.0,0.9666666666666668,0.9333333333333332,0.9333333333333332,pass_control,pass_control,pass_control,1.7555743486333906e-14,bc_jackson2020,True,celltype_density
motif_apc_t_contact,spatial,random,15,0.630607858583381,0.5333333333333333,0.3615270652451479,0.349300374877058,0.9412266021366164,0.0,0.522921005705226,0.5187528149593634,-0.0041681907458625,0.0,0.9666666666666668,0.0,0.0,abundance_only_or_fail,unfaithful_or_fail,abundance_only_or_fail,0.570395007672043,bc_jackson2020,True,celltype_density
motif_cd8_high,control,random,15,0.933730794889066,0.9333333333333332,0.4679173577250511,0.4863689825918267,0.9922240462260594,0.0,0.5843963759107048,0.5867112335047707,0.0023148575940659,0.0,0.9666666666666668,0.0,0.0,fail_control,fail_control,fail_control,0.45696225803708,bc_jackson2020,False,celltype_density
motif_cd8_tumor_contact,spatial,random,15,0.823070424942973,1.0,0.431665870980796,0.3696800640710004,1.0207548255881025,0.0,0.5813828908429673,0.5834736164267429,0.0020907255837755,0.0,0.9666666666666668,0.0,0.0,abundance_only_or_fail,unfaithful_or_fail,abundance_only_or_fail,0.231571748315062,bc_jackson2020,True,celltype_density
motif_macrophage_tumor_niche,spatial,random,15,0.6001019885385936,0.3333333333333333,0.32051136945667,0.2953674710900629,1.024470873962038,0.0,0.5153505877025233,0.5105855262805277,-0.0047650614219955,0.0,0.9666666666666668,0.0,0.0,abundance_only_or_fail,unfaithful_or_fail,abundance_only_or_fail,0.7805519003132351,bc_jackson2020,True,celltype_density
motif_t_tumor_mixing,spatial,random,15,0.821215267166264,1.0,0.4324964134876323,0.3686636889244428,1.0177189072594048,0.0,0.5804172238841221,0.5793368047916331,-0.0010804190924891,0.0,0.9666666666666668,0.0,0.0,abundance_only_or_fail,unfaithful_or_fail,abundance_only_or_fail,0.7440610610775609,bc_jackson2020,True,celltype_density
motif_tumor_high,control,random,15,0.9778972614030472,1.0,0.4000703186795815,0.4041873875469344,0.9889418160022638,0.0,0.5297099824928122,0.5288983647495137,-0.0008116177432985,0.0,0.9666666666666668,0.0,0.0,fail_control,fail_control,fail_control,0.5388328097336081,bc_jackson2020,True,celltype_density
motif_apc_t_contact,spatial,single,15,0.630607858583381,0.5333333333333333,0.32060144514706,0.3154383886669567,0.6785819423598526,0.0,0.2799012506373263,0.6297121787170576,0.3498109280797312,0.5333333333333333,0.9666666666666668,0.9666666666666668,0.9666666666666668,abundance_only_or_fail,pass_spatial,faithful_but_wrong_place,1.4179934028614242e-07,bc_jackson2020,True,celltype_density
motif_cd8_high,control,single,15,0.933730794889066,0.9333333333333332,0.7909841637673688,0.7881882636015097,2.2064132572715947,0.9333333333333332,0.2875707052202644,0.6842875895832178,0.3967168843629532,0.9333333333333332,0.9666666666666668,0.9666666666666668,0.9666666666666668,pass_control,pass_control,pass_control,2.4323783262818554e-16,bc_jackson2020,False,celltype_density
motif_cd8_tumor_contact,spatial,single,15,0.823070424942973,1.0,0.4533213742315791,0.3578016961388725,0.8524705610330336,0.0666666666666666,0.4495350788474742,0.8299084790177486,0.3803734001702743,1.0,0.9666666666666668,0.9666666666666668,0.9666666666666668,abundance_only_or_fail,pass_spatial,faithful_but_wrong_place,1.0798523854809249e-12,bc_jackson2020,True,celltype_density
motif_macrophage_tumor_niche,spatial,single,15,0.6001019885385936,0.3333333333333333,0.3811229709251315,0.3855872027189089,1.1735816131562609,0.0666666666666666,0.3735421290806306,0.7366085077702615,0.3630663786896309,0.3333333333333333,0.9666666666666668,0.9666666666666668,0.9666666666666668,abundance_only_or_fail,unfaithful_or_fail,abundance_only_or_fail,8.626083952380887e-05,bc_jackson2020,True,celltype_density
motif_t_tumor_mixing,spatial,single,15,0.821215267166264,1.0,0.4476692322993207,0.3515212589726891,0.8327622889684856,0.0,0.4489264335085027,0.8279648401983428,0.3790384066898401,1.0,0.9666666666666668,0.9666666666666668,0.9666666666666668,abundance_only_or_fail,pass_spatial,faithful_but_wrong_place,7.086858403188701e-15,bc_jackson2020,True,celltype_density
motif_tumor_high,control,single,15,0.9778972614030472,1.0,0.8931935109124097,0.8843216058805758,2.723774165009003,1.0,0.238112809016504,0.7014997798939332,0.4633869708774293,1.0,0.9666666666666668,0.9666666666666668,0.9666666666666668,pass_control,pass_control,pass_control,7.753861817088478e-16,bc_jackson2020,True,celltype_density
motif_cd8_clustering,spatial,attention,15,0.8814546119443132,1.0,0.5872158824625318,0.5384812608168844,4.545552672523434,1.0,0.2120695602387084,0.4650043107992688,0.2529347505605603,0.8666666666666667,1.0,0.9333333333333332,0.6666666666666666,pass_spatial,pass_spatial,pass_spatial,8.877786951864671e-07,hnc_wu2022,True,celltype_density
motif_cd8_high,control,attention,15,0.949351180679878,1.0,0.5570033758288185,0.5371417062734494,1.7162105097654416,0.9333333333333332,0.3500016016486021,0.5256752139077556,0.1756736122591534,0.8666666666666667,1.0,0.9333333333333332,0.6666666666666666,pass_control,pass_control,pass_control,1.7519056181623731e-09,hnc_wu2022,False,celltype_density
motif_immune_exclusion,spatial,attention,15,0.7901308675175936,1.0,0.2611942072422771,0.3872919753581696,1.2229085150648658,0.6,0.3431617579411071,0.5102263084265728,0.1670645504854656,0.6666666666666666,1.0,0.9333333333333332,0.6666666666666666,pass_spatial,pass_spatial,pass_spatial,0.0001664400050223,hnc_wu2022,True,celltype_density
motif_tumor_high,control,attention,15,0.9614224408349652,1.0,0.511589794248894,0.4511753791306924,1.5132694042341746,0.9333333333333332,0.4144049559842884,0.5004280919215077,0.0860231359372193,0.4666666666666667,1.0,0.9333333333333332,0.6666666666666666,pass_control,fail_control,fail_control,6.546715168942054e-08,hnc_wu2022,False,celltype_density
motif_cd8_clustering,spatial,ig,15,0.8814546119443132,1.0,0.5617371775074022,0.3871549524706962,4.710818412983968,1.0,0.2233289872191514,0.5930232732428337,0.3696942860236822,1.0,1.0,1.0,1.0,pass_spatial,pass_spatial,pass_spatial,7.437901691675257e-12,hnc_wu2022,True,celltype_density
motif_cd8_high,control,ig,15,0.949351180679878,1.0,0.7443866363222015,0.6781915684740333,2.606141844443272,1.0,0.2202854749410452,0.7087469848795224,0.4884615099384771,1.0,1.0,1.0,1.0,pass_control,pass_control,pass_control,2.848633420224868e-13,hnc_wu2022,False,celltype_density
motif_immune_exclusion,spatial,ig,15,0.7901308675175936,1.0,0.3242494101175285,0.4710803683333428,1.7727545525418846,0.7333333333333333,0.2290114803858272,0.7197682743101019,0.4907567939242749,1.0,1.0,1.0,1.0,pass_spatial,pass_spatial,pass_spatial,3.4628256581314736e-11,hnc_wu2022,True,celltype_density
motif_tumor_high,control,ig,15,0.9614224408349652,1.0,0.8862937482269184,0.8653961051479315,2.841340806758848,1.0,0.1602949749816942,0.7980022339140109,0.6377072589323167,1.0,1.0,1.0,1.0,pass_control,pass_control,pass_control,1.564548591680093e-16,hnc_wu2022,False,celltype_density
motif_cd8_clustering,spatial,one_removed,15,0.8814546119443132,1.0,0.4569060675323776,0.3200695988765664,3.870575023169742,1.0,0.3074964815934899,0.6009307108485553,0.2934342292550652,1.0,1.0,1.0,1.0,pass_spatial,pass_spatial,pass_spatial,5.350180061525788e-12,hnc_wu2022,True,celltype_density
motif_cd8_high,control,one_removed,15,0.949351180679878,1.0,0.6627025972850838,0.607579057329986,2.4635499386955093,1.0,0.2961965750230299,0.6726641670427204,0.3764675920196904,1.0,1.0,1.0,1.0,pass_control,pass_control,pass_control,2.5018284477911014e-14,hnc_wu2022,False,celltype_density
motif_immune_exclusion,spatial,one_removed,15,0.7901308675175936,1.0,0.29806706075529,0.4548034447210963,1.723136480947496,0.7333333333333333,0.314632278737456,0.7138335706295238,0.3992012918920676,1.0,1.0,1.0,1.0,pass_spatial,pass_spatial,pass_spatial,1.5788748474531128e-12,hnc_wu2022,True,celltype_density
motif_tumor_high,control,one_removed,15,0.9614224408349652,1.0,0.8376512760437331,0.8107183109843638,2.717033729804132,1.0,0.1974484601360562,0.7665472346270035,0.5690987744909474,1.0,1.0,1.0,1.0,pass_control,pass_control,pass_control,3.4845780751688823e-16,hnc_wu2022,False,celltype_density
motif_cd8_clustering,spatial,random,15,0.8814546119443132,1.0,0.1904328376436445,0.1726496019505517,0.9701513572630128,0.0,0.4371286794930661,0.4433654680278291,0.006236788534763,0.0,1.0,0.0,0.0,abundance_only_or_fail,unfaithful_or_fail,abundance_only_or_fail,0.4587359328603192,hnc_wu2022,True,celltype_density
motif_cd8_high,control,random,15,0.949351180679878,1.0,0.3818446921891008,0.4053034708216648,0.9983376494458192,0.0,0.5053764824111686,0.5035553904272015,-0.0018210919839671,0.0,1.0,0.0,0.0,fail_control,fail_control,fail_control,0.5963391120722314,hnc_wu2022,False,celltype_density
motif_immune_exclusion,spatial,random,15,0.7901308675175936,1.0,0.1894597703002213,0.3668813007078871,0.9866286098333364,0.0,0.5107541889774679,0.5061020622529167,-0.0046521267245511,0.0,1.0,0.0,0.0,abundance_only_or_fail,unfaithful_or_fail,abundance_only_or_fail,0.8416918504155377,hnc_wu2022,True,celltype_density
motif_tumor_high,control,random,15,0.9614224408349652,1.0,0.3493698125428269,0.3494992447624365,1.005214211153432,0.0,0.4939818234498597,0.4958009268074157,0.0018191033575559,0.0,1.0,0.0,0.0,fail_control,fail_control,fail_control,0.823033547102939,hnc_wu2022,False,celltype_density
motif_cd8_clustering,spatial,single,15,0.8814546119443132,1.0,0.5655700943178943,0.4129819819734005,4.48286723417912,1.0,0.1078333916254359,0.6324595827701421,0.5246261911447061,1.0,1.0,1.0,1.0,pass_spatial,pass_spatial,pass_spatial,2.337176532464568e-12,hnc_wu2022,True,celltype_density
motif_cd8_high,control,single,15,0.949351180679878,1.0,0.7602460332880311,0.7347164927072966,2.5133325724769278,1.0,0.1623213217504419,0.7085840555425452,0.5462627337921032,1.0,1.0,1.0,1.0,pass_control,pass_control,pass_control,1.1251566703659675e-14,hnc_wu2022,False,celltype_density
motif_immune_exclusion,spatial,single,15,0.7901308675175936,1.0,0.3735192149191536,0.5013213124683895,2.4925930321033345,0.8,0.2052921139558276,0.7444611801621547,0.5391690662063271,1.0,1.0,1.0,1.0,pass_spatial,pass_spatial,pass_spatial,1.6494568821774915e-10,hnc_wu2022,True,celltype_density
motif_tumor_high,control,single,15,0.9614224408349652,1.0,0.9072160446046548,0.8799736509127454,2.8783449453266465,1.0,0.1580336838761342,0.8019773954166233,0.6439437115404891,1.0,1.0,1.0,1.0,pass_control,pass_control,pass_control,4.104567803658755e-17,hnc_wu2022,False,celltype_density
motif_cd8_high,control,attention,15,0.9666080530699664,1.0,0.7471380434617652,0.7314597709832891,1.7491748591174907,0.7333333333333333,0.3851514718591624,0.5132845920396091,0.1281331201804466,0.6666666666666666,1.0,0.8333333333333334,0.6666666666666666,pass_control,pass_control,pass_control,1.3688865025146398e-10,tnbc_wang2023,True,celltype_density
motif_tumor_high,control,attention,15,0.9704879072345084,1.0,0.568898961065431,0.5326243901089609,1.5646016896491914,0.9333333333333332,0.4261571459888194,0.520120018647595,0.0939628726587756,0.7333333333333333,1.0,0.8333333333333334,0.6666666666666666,pass_control,pass_control,pass_control,5.080660901817244e-07,tnbc_wang2023,False,celltype_density
motif_cd8_high,control,ig,15,0.9666080530699664,1.0,0.8067257303923824,0.7510361497591415,2.16843111319644,1.0,0.3618716546132292,0.621500976850742,0.2596293222375128,1.0,1.0,1.0,1.0,pass_control,pass_control,pass_control,2.0643902926102877e-13,tnbc_wang2023,True,celltype_density
motif_tumor_high,control,ig,15,0.9704879072345084,1.0,0.8511139534459062,0.8382202247870808,2.5476766188674858,1.0,0.2958695624532456,0.6899468868208924,0.3940773243676467,1.0,1.0,1.0,1.0,pass_control,pass_control,pass_control,4.875766681540342e-16,tnbc_wang2023,False,celltype_density
motif_cd8_high,control,one_removed,15,0.9666080530699664,1.0,0.7138615372303031,0.6773088258336845,1.921363195997604,1.0,0.3986612561666259,0.5899032845755282,0.1912420284089021,1.0,1.0,1.0,1.0,pass_control,pass_control,pass_control,3.475422211619343e-10,tnbc_wang2023,True,celltype_density
motif_tumor_high,control,one_removed,15,0.9704879072345084,1.0,0.7545492513774121,0.7259905948608184,2.380188372762091,1.0,0.3356291346910979,0.6658357802081961,0.3302066455170983,1.0,1.0,1.0,1.0,pass_control,pass_control,pass_control,9.997455252273632e-15,tnbc_wang2023,False,celltype_density
motif_cd8_high,control,random,15,0.9666080530699664,1.0,0.558495290211722,0.5729309799174536,1.0119126068153197,0.0,0.4953771308826799,0.4956066217450059,0.0002294908623261,0.0,1.0,0.0,0.0,fail_control,fail_control,fail_control,0.5491056833490822,tnbc_wang2023,True,celltype_density
motif_tumor_high,control,random,15,0.9704879072345084,1.0,0.3971719058146561,0.4016218271063163,1.004455118709429,0.0,0.5084641759137404,0.5071942670865995,-0.0012699088271407,0.0,1.0,0.0,0.0,fail_control,fail_control,fail_control,0.7585054966523365,tnbc_wang2023,False,celltype_density
motif_cd8_high,control,single,15,0.9666080530699664,1.0,0.8478367458999398,0.8465532477303288,2.113299782663843,1.0,0.2533644918734317,0.6332085750849323,0.3798440832115004,1.0,1.0,1.0,1.0,pass_control,pass_control,pass_control,1.7204005520312481e-18,tnbc_wang2023,True,celltype_density
motif_tumor_high,control,single,15,0.9704879072345084,1.0,0.9027613974321472,0.8916425609380882,2.7334531300029634,1.0,0.2615841486668834,0.7151852764266265,0.4536011277597431,1.0,1.0,1.0,1.0,pass_control,pass_control,pass_control,3.393380161636217e-16,tnbc_wang2023,False,celltype_density
motif_cd8_high,control,attention,15,0.9642917047883056,1.0,0.8864672262999572,0.8862691645631292,1.7079448084694382,0.0,0.4091680706578139,0.4926038521341988,0.0834357814763848,0.1333333333333333,1.0,0.4333333333333333,0.3333333333333333,fail_control,fail_control,fail_control,1.029929273632558e-05,bc_metabric_ali2020,False,celltype_density
motif_interface_immune,spatial,attention,15,0.5938671644284367,0.5333333333333333,0.4326506440168282,0.3980141407867744,1.1789352906537538,0.0,0.4855979259540393,0.4916006691161401,0.0060027431621008,0.1333333333333333,1.0,0.4333333333333333,0.3333333333333333,abundance_only_or_fail,unfaithful_or_fail,abundance_only_or_fail,0.2362313247663191,bc_metabric_ali2020,True,celltype_density
motif_tumor_high,control,attention,15,0.9697188001718946,1.0,0.5214465829682465,0.4919942553258714,1.406247058278214,0.8666666666666667,0.4392965012390691,0.5080149111395404,0.0687184099004713,0.7333333333333333,1.0,0.4333333333333333,0.3333333333333333,pass_control,pass_control,pass_control,7.596075280856055e-07,bc_metabric_ali2020,False,celltype_density
motif_tumor_stroma_mixing,spatial,attention,15,0.7466045303672479,1.0,0.7731095330534858,0.6401031653473372,1.3565303378691906,0.1333333333333333,0.6987609426576623,0.4811428725405681,-0.217618070117094,0.0,1.0,0.4333333333333333,0.3333333333333333,abundance_only_or_fail,unfaithful_or_fail,abundance_only_or_fail,0.999999999997925,bc_metabric_ali2020,True,celltype_density
motif_cd8_high,control,ig,15,0.9642917047883056,1.0,0.8267074770483698,0.7959006465919313,1.6665421097598343,0.0,0.3938960766332754,0.568166167056495,0.1742700904232197,1.0,1.0,0.5,0.5,fail_control,pass_control,fail_control,1.4174118775882023e-11,bc_metabric_ali2020,False,celltype_density
motif_interface_immune,spatial,ig,15,0.5938671644284367,0.5333333333333333,0.4187461148984912,0.3802220587275722,1.1793371901361225,0.0,0.3223314897660096,0.6511666322172744,0.3288351424512647,0.5333333333333333,1.0,0.5,0.5,abundance_only_or_fail,pass_spatial,faithful_but_wrong_place,4.605301646427158e-09,bc_metabric_ali2020,True,celltype_density
motif_tumor_high,control,ig,15,0.9697188001718946,1.0,0.8022540337978454,0.7936834602133201,2.477629223436878,1.0,0.2977260859989282,0.68562984784038,0.3879037618414516,1.0,1.0,0.5,0.5,pass_control,pass_control,pass_control,2.251684620778969e-16,bc_metabric_ali2020,False,celltype_density
motif_tumor_stroma_mixing,spatial,ig,15,0.7466045303672479,1.0,0.7117178016492526,0.5811018556660078,1.2837213305847692,0.0666666666666666,0.3779429319226164,0.6808422011737718,0.3028992692511555,1.0,1.0,0.5,0.5,abundance_only_or_fail,pass_spatial,faithful_but_wrong_place,5.931283373435035e-12,bc_metabric_ali2020,True,celltype_density
motif_cd8_high,control,one_removed,15,0.9642917047883056,1.0,0.7662111591737514,0.7467851990670304,1.4916305161453132,0.0,0.4203838493804814,0.5645147414009922,0.1441308920205107,1.0,1.0,0.5,0.5,fail_control,pass_control,fail_control,1.7088704086654686e-12,bc_metabric_ali2020,False,celltype_density
motif_interface_immune,spatial,one_removed,15,0.5938671644284367,0.5333333333333333,0.4220603716355189,0.3844525158523769,1.1784682952322227,0.0,0.3449656214760789,0.6352169454893529,0.2902513240132739,0.5333333333333333,1.0,0.5,0.5,abundance_only_or_fail,pass_spatial,faithful_but_wrong_place,2.499885253661457e-08,bc_metabric_ali2020,True,celltype_density
motif_tumor_high,control,one_removed,15,0.9697188001718946,1.0,0.6924579763139259,0.6757595030240399,2.2434565902163097,1.0,0.351563033762312,0.6586669924594584,0.3071039586971461,1.0,1.0,0.5,0.5,pass_control,pass_control,pass_control,8.166063926219626e-15,bc_metabric_ali2020,False,celltype_density
motif_tumor_stroma_mixing,spatial,one_removed,15,0.7466045303672479,1.0,0.7182373007048001,0.5764893847019276,1.1740456017006848,0.1333333333333333,0.3723849149371717,0.6257272336386727,0.2533423187015012,1.0,1.0,0.5,0.5,abundance_only_or_fail,pass_spatial,faithful_but_wrong_place,9.878115527056465e-13,bc_metabric_ali2020,True,celltype_density
motif_cd8_high,control,random,15,0.9642917047883056,1.0,0.7080589731483258,0.7295930182716861,0.9942347276373212,0.0,0.4716026535125263,0.4729041992426475,0.0013015457301212,0.0,1.0,0.0,0.0,fail_control,fail_control,fail_control,0.432882127416745,bc_metabric_ali2020,False,celltype_density
motif_interface_immune,spatial,random,15,0.5938671644284367,0.5333333333333333,0.3865177716297746,0.3468688707854752,0.9690122217887076,0.0,0.4927051352989872,0.4934185066371432,0.000713371338156,0.0,1.0,0.0,0.0,abundance_only_or_fail,unfaithful_or_fail,abundance_only_or_fail,0.4002507972081842,bc_metabric_ali2020,True,celltype_density
motif_tumor_high,control,random,15,0.9697188001718946,1.0,0.4030919933470131,0.4015591919431314,0.9898887565728154,0.0,0.502998054714441,0.5000753981456183,-0.0029226565688228,0.0,1.0,0.0,0.0,fail_control,fail_control,fail_control,0.9678009588709144,bc_metabric_ali2020,False,celltype_density
motif_tumor_stroma_mixing,spatial,random,15,0.7466045303672479,1.0,0.6676259278089248,0.5228338373425466,1.010445528384791,0.0,0.5035544198759933,0.5026282923641758,-0.0009261275118171,0.0,1.0,0.0,0.0,abundance_only_or_fail,unfaithful_or_fail,abundance_only_or_fail,0.6095519443695587,bc_metabric_ali2020,True,celltype_density
motif_cd8_high,control,single,15,0.9642917047883056,1.0,0.8689563066666189,0.876146883744502,1.6262374668704025,0.0,0.2634333356137147,0.6250260007775211,0.3615926651638065,1.0,1.0,0.5,0.5,fail_control,pass_control,fail_control,6.836387166919726e-15,bc_metabric_ali2020,False,celltype_density
motif_interface_immune,spatial,single,15,0.5938671644284367,0.5333333333333333,0.431448367711893,0.4146460381766317,1.1656147836220885,0.0,0.2648415371891777,0.7070386890373068,0.442197151848129,0.5333333333333333,1.0,0.5,0.5,abundance_only_or_fail,pass_spatial,faithful_but_wrong_place,2.4274188411202007e-09,bc_metabric_ali2020,True,celltype_density
motif_tumor_high,control,single,15,0.9697188001718946,1.0,0.8365867398235765,0.8333110281223093,2.594348836380256,1.0,0.2634513219598861,0.7045029836562938,0.4410516616964077,1.0,1.0,0.5,0.5,pass_control,pass_control,pass_control,2.4084589733144618e-17,bc_metabric_ali2020,False,celltype_density
motif_tumor_stroma_mixing,spatial,single,15,0.7466045303672479,1.0,0.6110040952744846,0.5217415358872274,0.6071344565721027,0.0,0.3728320102787086,0.7627494746583152,0.3899174643796066,1.0,1.0,0.5,0.5,abundance_only_or_fail,pass_spatial,faithful_but_wrong_place,1.4292385692849431e-11,bc_metabric_ali2020,True,celltype_density
motif_apc_t_contact,spatial,attention,15,0.643497219345829,0.6,0.3552046817536902,0.3468467835591459,0.9143179696512994,0.0,0.3586496963542229,0.5897149917794265,0.2310652954252035,0.6,0.9,0.8666666666666667,0.8,abundance_only_or_fail,pass_spatial,faithful_but_wrong_place,5.996990604944184e-07,bc_jackson2020,True,composition_mixing
motif_cd8_high,control,attention,15,0.920512746924618,0.8666666666666667,0.6596139980245135,0.6402610284293124,1.785965566588719,0.8666666666666667,0.414508651159448,0.6553441837506071,0.2408355325911589,0.8666666666666667,0.9,0.8666666666666667,0.8,pass_control,pass_control,pass_control,2.2874292112630635e-10,bc_jackson2020,False,composition_mixing
motif_cd8_tumor_contact,spatial,attention,15,0.6627077016787007,0.8666666666666667,0.4830401522301122,0.4002816069485889,1.1911242607798778,0.0,0.6605626621416499,0.620380973502247,-0.0401816886394027,0.7333333333333333,0.9,0.8666666666666667,0.8,abundance_only_or_fail,pass_spatial,faithful_but_wrong_place,0.9953014622346918,bc_jackson2020,True,composition_mixing
motif_macrophage_tumor_niche,spatial,attention,15,0.5813560851469162,0.4,0.4101046586983849,0.3314479609056912,1.5566904072016998,0.2,0.5691794548081124,0.503804979139911,-0.0653744756682014,0.0666666666666666,0.9,0.8666666666666667,0.8,abundance_only_or_fail,unfaithful_or_fail,abundance_only_or_fail,0.976163963911694,bc_jackson2020,True,composition_mixing
motif_t_tumor_mixing,spatial,attention,15,0.677509861105593,0.9333333333333332,0.4752051997444967,0.3932968313723656,1.146629038492199,0.0,0.6493887201319092,0.6167322702729654,-0.0326564498589439,0.6666666666666666,0.9,0.8666666666666667,0.8,abundance_only_or_fail,pass_spatial,faithful_but_wrong_place,0.9760584557379098,bc_jackson2020,True,composition_mixing
motif_tumor_high,control,attention,15,0.9429055439254844,0.9333333333333332,0.4906806781387208,0.4599139103604095,1.3991748027877755,0.8666666666666667,0.4108428384635538,0.5636212028447265,0.1527783643811727,0.8,0.9,0.8666666666666667,0.8,pass_control,pass_control,pass_control,7.56099430166103e-08,bc_jackson2020,True,composition_mixing
motif_apc_t_contact,spatial,ig,15,0.643497219345829,0.6,0.3782927099160765,0.3661554693866631,1.0808457686271309,0.0,0.1832307692645195,0.831779322862571,0.6485485535980514,0.6,0.9,0.9,0.9,abundance_only_or_fail,pass_spatial,faithful_but_wrong_place,1.5114629866872696e-09,bc_jackson2020,True,composition_mixing
motif_cd8_high,control,ig,15,0.920512746924618,0.8666666666666667,0.72918439063623,0.7091672632499825,2.1117495402168336,0.8666666666666667,0.3777125415300783,0.7944488495555961,0.4167363080255179,0.8666666666666667,0.9,0.9,0.9,pass_control,pass_control,pass_control,8.705884567304509e-11,bc_jackson2020,False,composition_mixing
motif_cd8_tumor_contact,spatial,ig,15,0.6627077016787007,0.8666666666666667,0.4778831491335911,0.3999438045470974,1.22414419190055,0.0,0.2934555100941355,0.8834484699709558,0.5899929598768203,0.8666666666666667,0.9,0.9,0.9,abundance_only_or_fail,pass_spatial,faithful_but_wrong_place,2.281690541687408e-13,bc_jackson2020,True,composition_mixing
motif_macrophage_tumor_niche,spatial,ig,15,0.5813560851469162,0.4,0.4419062596435596,0.3891483619929874,1.9845755206203857,0.4,0.153293478407039,0.8535681885996663,0.7002747101926273,0.4,0.9,0.9,0.9,abundance_only_or_fail,unfaithful_or_fail,abundance_only_or_fail,5.528871701630495e-06,bc_jackson2020,True,composition_mixing
motif_t_tumor_mixing,spatial,ig,15,0.677509861105593,0.9333333333333332,0.4760662854932794,0.400877433832019,1.2315705050710746,0.0,0.2863040539230537,0.8872810714232803,0.6009770175002266,0.9333333333333332,0.9,0.9,0.9,abundance_only_or_fail,pass_spatial,faithful_but_wrong_place,9.600178100542102e-14,bc_jackson2020,True,composition_mixing
motif_tumor_high,control,ig,15,0.9429055439254844,0.9333333333333332,0.7849889441749935,0.7786763429055304,2.3674896140629795,0.9333333333333332,0.2414956839843587,0.7398519271046766,0.4983562431203179,0.9333333333333332,0.9,0.9,0.9,pass_control,pass_control,pass_control,1.7080512920992644e-15,bc_jackson2020,True,composition_mixing
motif_apc_t_contact,spatial,one_removed,15,0.643497219345829,0.6,0.3841077257196333,0.3713987363704315,1.079522646821592,0.0,0.2782399623409765,0.8011747294131285,0.522934767072152,0.6,0.9,0.9,0.9,abundance_only_or_fail,pass_spatial,faithful_but_wrong_place,5.3132340245383114e-08,bc_jackson2020,True,composition_mixing
motif_cd8_high,control,one_removed,15,0.920512746924618,0.8666666666666667,0.6034519925240465,0.5837912344606772,1.8739261628368744,0.8666666666666667,0.4901151587653809,0.7687752727825836,0.2786601140172026,0.8666666666666667,0.9,0.9,0.9,pass_control,pass_control,pass_control,5.105369414469553e-10,bc_jackson2020,False,composition_mixing
motif_cd8_tumor_contact,spatial,one_removed,15,0.6627077016787007,0.8666666666666667,0.4599872026771507,0.3871483381245796,1.1870269972456744,0.0,0.3690271900122082,0.8315712384582569,0.4625440484460487,0.8666666666666667,0.9,0.9,0.9,abundance_only_or_fail,pass_spatial,faithful_but_wrong_place,2.9335517063565764e-12,bc_jackson2020,True,composition_mixing
motif_macrophage_tumor_niche,spatial,one_removed,15,0.5813560851469162,0.4,0.422825554553721,0.3761364675283969,1.854547278384994,0.3333333333333333,0.2155662657656687,0.7956453961233881,0.5800791303577193,0.4,0.9,0.9,0.9,abundance_only_or_fail,unfaithful_or_fail,abundance_only_or_fail,4.398091850057882e-06,bc_jackson2020,True,composition_mixing
motif_t_tumor_mixing,spatial,one_removed,15,0.677509861105593,0.9333333333333332,0.4606226497104046,0.3900527792123109,1.1833815721945484,0.0,0.3574177796136476,0.8357913965818321,0.4783736169681847,0.9333333333333332,0.9,0.9,0.9,abundance_only_or_fail,pass_spatial,faithful_but_wrong_place,1.5953190961078751e-13,bc_jackson2020,True,composition_mixing
motif_tumor_high,control,one_removed,15,0.9429055439254844,0.9333333333333332,0.6800882048130676,0.6715113949655916,2.1546455815883063,0.9333333333333332,0.3199612998452988,0.7142031331991261,0.3942418333538272,0.9333333333333332,0.9,0.9,0.9,pass_control,pass_control,pass_control,1.2644015129628304e-12,bc_jackson2020,True,composition_mixing
motif_apc_t_contact,spatial,random,15,0.643497219345829,0.6,0.3691204787235909,0.3563350468300539,1.039480968471474,0.0,0.568472260454141,0.5756833960861453,0.0072111356320042,0.0,0.9,0.0,0.0,abundance_only_or_fail,unfaithful_or_fail,abundance_only_or_fail,0.2422484067701961,bc_jackson2020,True,composition_mixing
motif_cd8_high,control,random,15,0.920512746924618,0.8666666666666667,0.4667183511039861,0.4836386004147446,1.0097295770788148,0.0,0.6346506641223054,0.6387880869054897,0.0041374227831843,0.0,0.9,0.0,0.0,fail_control,fail_control,fail_control,0.3036459083115127,bc_jackson2020,False,composition_mixing
motif_cd8_tumor_contact,spatial,random,15,0.6627077016787007,0.8666666666666667,0.4320412365642906,0.369068180971506,0.98023659843309,0.0,0.6280393372978295,0.6161184254692533,-0.0119209118285762,0.0,0.9,0.0,0.0,abundance_only_or_fail,unfaithful_or_fail,abundance_only_or_fail,0.985907127564394,bc_jackson2020,True,composition_mixing
motif_macrophage_tumor_niche,spatial,random,15,0.5813560851469162,0.4,0.31216462897845,0.291007643762702,0.936342176848767,0.0,0.5053167598824695,0.5129246028103862,0.0076078429279167,0.0,0.9,0.0,0.0,abundance_only_or_fail,unfaithful_or_fail,abundance_only_or_fail,0.6745955497968741,bc_jackson2020,True,composition_mixing
motif_t_tumor_mixing,spatial,random,15,0.677509861105593,0.9333333333333332,0.4324579805393308,0.368014518421669,1.0175877984695136,0.0,0.6115944068723326,0.6209118222067633,0.0093174153344306,0.0,0.9,0.0,0.0,abundance_only_or_fail,unfaithful_or_fail,abundance_only_or_fail,0.117873939856756,bc_jackson2020,True,composition_mixing
motif_tumor_high,control,random,15,0.9429055439254844,0.9333333333333332,0.401125501592512,0.4056752829198499,0.9975762916077576,0.0,0.5435637898322431,0.5413115799767624,-0.0022522098554806,0.0,0.9,0.0,0.0,fail_control,fail_control,fail_control,0.6740215995997825,bc_jackson2020,True,composition_mixing
motif_apc_t_contact,spatial,single,15,0.643497219345829,0.6,0.383142251183876,0.3721445777450671,1.1397456736604437,0.0,0.1291290725825454,0.8535430241559248,0.7244139515733795,0.6,0.9,0.9,0.9,abundance_only_or_fail,pass_spatial,faithful_but_wrong_place,7.365466831820201e-10,bc_jackson2020,True,composition_mixing
motif_cd8_high,control,single,15,0.920512746924618,0.8666666666666667,0.7728342954745225,0.7794471408227313,2.1916193171266527,0.8666666666666667,0.2798599890193899,0.8143946664989099,0.53453467747952,0.8666666666666667,0.9,0.9,0.9,pass_control,pass_control,pass_control,5.2983171130182177e-14,bc_jackson2020,False,composition_mixing
motif_cd8_tumor_contact,spatial,single,15,0.6627077016787007,0.8666666666666667,0.4770082578304448,0.3938614566208473,1.189190684226652,0.0,0.2449085463276329,0.9130289446190496,0.6681203982914169,0.8666666666666667,0.9,0.9,0.9,abundance_only_or_fail,pass_spatial,faithful_but_wrong_place,1.0160022285057439e-13,bc_jackson2020,True,composition_mixing
motif_macrophage_tumor_niche,spatial,single,15,0.5813560851469162,0.4,0.4407795398486287,0.3840340412950501,1.966957927315424,0.4,0.1333933652853164,0.8937302393963229,0.7603368741110064,0.4,0.9,0.9,0.9,abundance_only_or_fail,unfaithful_or_fail,abundance_only_or_fail,4.2591267273488536e-06,bc_jackson2020,True,composition_mixing
motif_t_tumor_mixing,spatial,single,15,0.677509861105593,0.9333333333333332,0.4789646210940476,0.3980274565473458,1.217872352860348,0.0,0.2397241847984277,0.9113246460374717,0.6716004612390438,0.9333333333333332,0.9,0.9,0.9,abundance_only_or_fail,pass_spatial,faithful_but_wrong_place,1.0781520815629154e-14,bc_jackson2020,True,composition_mixing
motif_tumor_high,control,single,15,0.9429055439254844,0.9333333333333332,0.8046079577915277,0.8093153472006394,2.429869906136257,0.9333333333333332,0.2049255568550245,0.7391337503351305,0.5342081934801058,0.9333333333333332,0.9,0.9,0.9,pass_control,pass_control,pass_control,4.0977762168841375e-16,bc_jackson2020,True,composition_mixing
motif_cd8_clustering,spatial,attention,15,0.8476794489794562,1.0,0.4450246690416011,0.396644356178871,3.607107122660711,1.0,0.2945808867808673,0.4700800814158263,0.175499194634959,0.3333333333333333,0.9666666666666668,0.5666666666666667,0.4666666666666667,pass_spatial,unfaithful_or_fail,looks_biological_unfaithful,1.6931926952000211e-06,hnc_wu2022,True,composition_mixing
motif_cd8_high,control,attention,15,0.9715994364003336,1.0,0.488397367963068,0.4616105253429397,1.396689888452464,0.7333333333333333,0.3476879828957832,0.5166206088111461,0.1689326259153629,0.9333333333333332,0.9666666666666668,0.5666666666666667,0.4666666666666667,pass_control,pass_control,pass_control,1.7068526286345606e-08,hnc_wu2022,False,composition_mixing
motif_immune_exclusion,spatial,attention,15,0.9210933502178176,1.0,0.3199807852995907,0.4095112403390283,1.863784204290052,0.9333333333333332,0.3734376142560642,0.5236002528449443,0.1501626385888801,0.5333333333333333,0.9666666666666668,0.5666666666666667,0.4666666666666667,pass_spatial,pass_spatial,pass_spatial,7.208428562119061e-06,hnc_wu2022,True,composition_mixing
motif_tumor_high,control,attention,15,0.9562217703714744,0.9333333333333332,0.4484519458835824,0.4307580331892312,1.2015144215033975,0.4,0.435514079048393,0.4648396612894909,0.0293255822410979,0.2,0.9666666666666668,0.5666666666666667,0.4666666666666667,fail_control,fail_control,fail_control,0.0145941883110387,hnc_wu2022,False,composition_mixing
motif_cd8_clustering,spatial,ig,15,0.8476794489794562,1.0,0.5052709140283854,0.3510630505087123,4.085387822704986,1.0,0.1520795268847594,0.7429240323912563,0.590844505506497,1.0,0.9666666666666668,0.9666666666666668,0.9666666666666668,pass_spatial,pass_spatial,pass_spatial,1.31798216350372e-11,hnc_wu2022,True,composition_mixing
motif_cd8_high,control,ig,15,0.9715994364003336,1.0,0.7812978122464885,0.7698000574609386,2.502225851890626,1.0,0.1837756051409216,0.7666992351159961,0.5829236299750744,1.0,0.9666666666666668,0.9666666666666668,0.9666666666666668,pass_control,pass_control,pass_control,3.837448561650286e-14,hnc_wu2022,False,composition_mixing
motif_immune_exclusion,spatial,ig,15,0.9210933502178176,1.0,0.3973936017336817,0.5182565956352956,2.674076110514664,1.0,0.1580131973235181,0.8135824195701484,0.6555692222466303,1.0,0.9666666666666668,0.9666666666666668,0.9666666666666668,pass_spatial,pass_spatial,pass_spatial,9.62500425124987e-13,hnc_wu2022,True,composition_mixing
motif_tumor_high,control,ig,15,0.9562217703714744,0.9333333333333332,0.8491947890687249,0.8324302625142754,2.6674451053973383,0.9333333333333332,0.1429049721644557,0.8144435165295895,0.6715385443651337,0.9333333333333332,0.9666666666666668,0.9666666666666668,0.9666666666666668,pass_control,pass_control,pass_control,1.0379641759463468e-13,hnc_wu2022,False,composition_mixing
motif_cd8_clustering,spatial,one_removed,15,0.8476794489794562,1.0,0.4363407452904945,0.3126280686448901,3.789323988268639,1.0,0.2341918339264069,0.6677967060725247,0.4336048721461178,1.0,0.9666666666666668,0.9666666666666668,0.9666666666666668,pass_spatial,pass_spatial,pass_spatial,1.1418985957221763e-10,hnc_wu2022,True,composition_mixing
motif_cd8_high,control,one_removed,15,0.9715994364003336,1.0,0.6238223754420028,0.6220598119599485,2.158566157636713,1.0,0.2790102998235465,0.6940522856623076,0.4150419858387612,1.0,0.9666666666666668,0.9666666666666668,0.9666666666666668,pass_control,pass_control,pass_control,4.172501237591458e-12,hnc_wu2022,False,composition_mixing
motif_immune_exclusion,spatial,one_removed,15,0.9210933502178176,1.0,0.3236483292908184,0.4563273025149008,2.3451472883341684,1.0,0.2857383320662792,0.7124124897534752,0.4266741576871959,1.0,0.9666666666666668,0.9666666666666668,0.9666666666666668,pass_spatial,pass_spatial,pass_spatial,8.700816767220568e-11,hnc_wu2022,True,composition_mixing
motif_tumor_high,control,one_removed,15,0.9562217703714744,0.9333333333333332,0.7894590988444458,0.7668480131304063,2.5375594835490145,0.9333333333333332,0.1910624613170846,0.7510356368748358,0.5599731755577512,0.9333333333333332,0.9666666666666668,0.9666666666666668,0.9666666666666668,pass_control,pass_control,pass_control,4.092289649771734e-13,hnc_wu2022,False,composition_mixing
motif_cd8_clustering,spatial,random,15,0.8476794489794562,1.0,0.1904328376436445,0.1726496019505517,0.9701513572630128,0.0,0.4533536325198761,0.453651671816244,0.0002980392963678,0.0666666666666666,0.9666666666666668,0.0,0.0,abundance_only_or_fail,unfaithful_or_fail,abundance_only_or_fail,0.2548301893824831,hnc_wu2022,True,composition_mixing
motif_cd8_high,control,random,15,0.9715994364003336,1.0,0.3822960441861319,0.4050362418234492,1.0022766779424976,0.0,0.5037189412510252,0.5025100050141196,-0.0012089362369056,0.0,0.9666666666666668,0.0,0.0,fail_control,fail_control,fail_control,0.5930232068102332,hnc_wu2022,False,composition_mixing
motif_immune_exclusion,spatial,random,15,0.9210933502178176,1.0,0.1894597703002213,0.3668813007078871,0.9866286098333364,0.0,0.5105281496328781,0.5055973260166683,-0.0049308236162098,0.0666666666666666,0.9666666666666668,0.0,0.0,abundance_only_or_fail,unfaithful_or_fail,abundance_only_or_fail,0.8542055815201737,hnc_wu2022,True,composition_mixing
motif_tumor_high,control,random,15,0.9562217703714744,0.9333333333333332,0.3495921349499536,0.3498756305016171,1.0051588775308444,0.0,0.4739255200407402,0.4692615667646301,-0.0046639532761099,0.0,0.9666666666666668,0.0,0.0,fail_control,fail_control,fail_control,0.5781841264531496,hnc_wu2022,False,composition_mixing
motif_cd8_clustering,spatial,single,15,0.8476794489794562,1.0,0.4520688960782326,0.3313772454471884,3.6347569474231967,1.0,0.0880110565753094,0.7884664613462503,0.7004554047709411,1.0,0.9666666666666668,0.9666666666666668,0.9666666666666668,pass_spatial,pass_spatial,pass_spatial,1.8158553755602448e-13,hnc_wu2022,True,composition_mixing
motif_cd8_high,control,single,15,0.9715994364003336,1.0,0.8013863017107261,0.7937202496684683,2.5962494639729403,1.0,0.1416986061049571,0.7750138835736645,0.6333152774687071,1.0,0.9666666666666668,0.9666666666666668,0.9666666666666668,pass_control,pass_control,pass_control,1.2440054533223252e-14,hnc_wu2022,False,composition_mixing
motif_immune_exclusion,spatial,single,15,0.9210933502178176,1.0,0.4113978439747846,0.5272147317320257,2.789882345268609,1.0,0.1167791091576581,0.8359117096262264,0.7191326004685686,1.0,0.9666666666666668,0.9666666666666668,0.9666666666666668,pass_spatial,pass_spatial,pass_spatial,1.0942170377932444e-14,hnc_wu2022,True,composition_mixing
motif_tumor_high,control,single,15,0.9562217703714744,0.9333333333333332,0.9046763391357748,0.8855404788610702,2.84059453079962,0.9333333333333332,0.1476531232224691,0.8082613802343924,0.6606082570119229,0.9333333333333332,0.9666666666666668,0.9666666666666668,0.9666666666666668,pass_control,pass_control,pass_control,4.3160668323060025e-14,hnc_wu2022,False,composition_mixing
motif_cd8_high,control,attention,15,0.9730582893394994,1.0,0.7193271813921946,0.6933128780517612,1.698533913840449,1.0,0.3904332719801804,0.5354740608052224,0.1450407888250419,1.0,1.0,0.6666666666666666,0.6333333333333333,pass_control,pass_control,pass_control,8.54539741729e-10,tnbc_wang2023,True,composition_mixing
motif_tumor_high,control,attention,15,0.9677899277694898,1.0,0.4905084963165945,0.4673355142752516,1.2880889070884654,0.3333333333333333,0.5187903243709856,0.5187389021037793,-5.14222672064607e-05,0.4,1.0,0.6666666666666666,0.6333333333333333,fail_control,fail_control,fail_control,0.7900808228141398,tnbc_wang2023,False,composition_mixing
motif_cd8_high,control,ig,15,0.9730582893394994,1.0,0.8485205359090556,0.8423485501427866,2.1051875935208395,1.0,0.2842081139845179,0.680709779615549,0.396501665631031,1.0,1.0,1.0,1.0,pass_control,pass_control,pass_control,4.637878306016608e-15,tnbc_wang2023,True,composition_mixing
motif_tumor_high,control,ig,15,0.9677899277694898,1.0,0.7984965246916466,0.8138597419519662,2.398151180992907,1.0,0.2752490321311561,0.7308431840816088,0.4555941519504526,1.0,1.0,1.0,1.0,pass_control,pass_control,pass_control,4.790097577870191e-15,tnbc_wang2023,False,composition_mixing
motif_cd8_high,control,one_removed,15,0.9730582893394994,1.0,0.7860506717620453,0.7647431530489233,2.063353287089347,1.0,0.3459518945134593,0.6569615609952161,0.3110096664817569,1.0,1.0,1.0,1.0,pass_control,pass_control,pass_control,8.040699181934745e-13,tnbc_wang2023,True,composition_mixing
motif_tumor_high,control,one_removed,15,0.9677899277694898,1.0,0.7001126028715794,0.707778636016998,2.1606535556393,1.0,0.3262185128476887,0.6904224380402552,0.3642039251925666,1.0,1.0,1.0,1.0,pass_control,pass_control,pass_control,5.297079442258837e-14,tnbc_wang2023,False,composition_mixing
motif_cd8_high,control,random,15,0.9730582893394994,1.0,0.558495290211722,0.5729309799174536,1.0119126068153197,0.0,0.5125620148745851,0.5147407601885743,0.0021787453139892,0.0,1.0,0.0,0.0,fail_control,fail_control,fail_control,0.0237867602913867,tnbc_wang2023,True,composition_mixing
motif_tumor_high,control,random,15,0.9677899277694898,1.0,0.3971719058146561,0.4016218271063163,1.004455118709429,0.0,0.5104184088321142,0.5112614953782721,0.0008430865461579,0.0,1.0,0.0,0.0,fail_control,fail_control,fail_control,0.5339749476557956,tnbc_wang2023,False,composition_mixing
motif_cd8_high,control,single,15,0.9730582893394994,1.0,0.8535040823740879,0.8659610918377436,2.110782666838023,1.0,0.2497974991718357,0.6805846915789058,0.4307871924070701,1.0,1.0,1.0,1.0,pass_control,pass_control,pass_control,1.411063855335009e-17,tnbc_wang2023,True,composition_mixing
motif_tumor_high,control,single,15,0.9677899277694898,1.0,0.8210724022966306,0.8350275124897596,2.4847209945159765,1.0,0.2665062216166445,0.7372959565781763,0.4707897349615317,1.0,1.0,1.0,1.0,pass_control,pass_control,pass_control,5.185073202819277e-15,tnbc_wang2023,False,composition_mixing
motif_cd8_high,control,attention,15,0.954980872832118,1.0,0.8431770670761739,0.8475473701447908,1.5647977025022728,0.0,0.3357029780780007,0.5256997461140908,0.18999676803609,0.8,1.0,0.1666666666666666,0.1666666666666666,fail_control,pass_control,fail_control,1.1769075527372959e-10,bc_metabric_ali2020,False,composition_mixing
motif_interface_immune,spatial,attention,15,0.6277451341817942,0.7333333333333333,0.4564399046201469,0.4144919740639989,1.429728445292186,0.2666666666666666,0.3824456051620931,0.4912811043391589,0.1088354991770656,0.2666666666666666,1.0,0.1666666666666666,0.1666666666666666,abundance_only_or_fail,unfaithful_or_fail,abundance_only_or_fail,0.0001151905207368,bc_metabric_ali2020,True,composition_mixing
motif_tumor_high,control,attention,15,0.9717658478965266,1.0,0.4823450343510908,0.4769785063555896,1.2173628946812358,0.3333333333333333,0.479427279408272,0.5213809030424456,0.0419536236341735,0.5333333333333333,1.0,0.1666666666666666,0.1666666666666666,fail_control,pass_control,fail_control,0.001109527510356,bc_metabric_ali2020,False,composition_mixing
motif_tumor_stroma_mixing,spatial,attention,15,0.706919258533313,1.0,0.7379957598503123,0.6093614653430494,1.243664521194738,0.0,0.7132309062187531,0.4514477098261128,-0.2617831963926402,0.0,1.0,0.1666666666666666,0.1666666666666666,abundance_only_or_fail,unfaithful_or_fail,abundance_only_or_fail,0.9999999999496936,bc_metabric_ali2020,True,composition_mixing
motif_cd8_high,control,ig,15,0.954980872832118,1.0,0.8731883735489305,0.8657256980043436,1.6872081866200357,0.0,0.2827972700893816,0.6792924277161524,0.3964951576267709,1.0,1.0,0.5,0.5,fail_control,pass_control,fail_control,4.317148236996909e-14,bc_metabric_ali2020,False,composition_mixing
motif_interface_immune,spatial,ig,15,0.6277451341817942,0.7333333333333333,0.4416235438269608,0.4070217866020183,1.480296842432918,0.5333333333333333,0.1596011180193877,0.8152552159098917,0.655654097890504,0.7333333333333333,1.0,0.5,0.5,pass_spatial,pass_spatial,pass_spatial,1.2243594812791612e-11,bc_metabric_ali2020,True,composition_mixing
motif_tumor_high,control,ig,15,0.9717658478965266,1.0,0.7216420732661643,0.7310450422427368,2.127655555931254,1.0,0.277620271648069,0.7326987286274271,0.455078456979358,1.0,1.0,0.5,0.5,pass_control,pass_control,pass_control,5.755367786269829e-15,bc_metabric_ali2020,False,composition_mixing
motif_tumor_stroma_mixing,spatial,ig,15,0.706919258533313,1.0,0.6996967047009952,0.5500052129700655,1.1990532343157885,0.0,0.2179643040798954,0.8271254327609917,0.6091611286810964,1.0,1.0,0.5,0.5,abundance_only_or_fail,pass_spatial,faithful_but_wrong_place,5.653772831067993e-12,bc_metabric_ali2020,True,composition_mixing
motif_cd8_high,control,one_removed,15,0.954980872832118,1.0,0.8071273492118404,0.7949913781123016,1.607727545222572,0.0,0.3632603354220684,0.639193976303451,0.2759336408813826,1.0,1.0,0.5,0.5,fail_control,pass_control,fail_control,4.3157394935423946e-11,bc_metabric_ali2020,False,composition_mixing
motif_interface_immune,spatial,one_removed,15,0.6277451341817942,0.7333333333333333,0.4310540821661242,0.3948927550963896,1.4366253854202578,0.3333333333333333,0.2135040592015596,0.7596409529151876,0.5461368937136281,0.7333333333333333,1.0,0.5,0.5,abundance_only_or_fail,pass_spatial,faithful_but_wrong_place,2.9768750954799886e-11,bc_metabric_ali2020,True,composition_mixing
motif_tumor_high,control,one_removed,15,0.9717658478965266,1.0,0.6182705736140668,0.6159850954677734,1.906873500966584,1.0,0.3390449322068946,0.6854359201909922,0.3463909879840974,1.0,1.0,0.5,0.5,pass_control,pass_control,pass_control,3.8741237422582354e-13,bc_metabric_ali2020,False,composition_mixing
motif_tumor_stroma_mixing,spatial,one_removed,15,0.706919258533313,1.0,0.6957408903496252,0.5463516178862714,1.1170860921824155,0.0,0.2447480391850111,0.7449059538204156,0.5001579146354045,1.0,1.0,0.5,0.5,abundance_only_or_fail,pass_spatial,faithful_but_wrong_place,6.909169668847944e-13,bc_metabric_ali2020,True,composition_mixing
motif_cd8_high,control,random,15,0.954980872832118,1.0,0.7061122683606171,0.7291981548576272,0.9960317441777948,0.0,0.4954715550173834,0.4973949566778969,0.0019234016605135,0.0,1.0,0.0,0.0,fail_control,fail_control,fail_control,0.41734646921229,bc_metabric_ali2020,False,composition_mixing
motif_interface_immune,spatial,random,15,0.6277451341817942,0.7333333333333333,0.3806021380450664,0.3501490452801926,0.9948912949544204,0.0,0.4810275925337434,0.4675348220620991,-0.0134927704716442,0.0,1.0,0.0,0.0,abundance_only_or_fail,unfaithful_or_fail,abundance_only_or_fail,0.5698809055132832,bc_metabric_ali2020,True,composition_mixing
motif_tumor_high,control,random,15,0.9717658478965266,1.0,0.3985487151437261,0.3983550555838039,0.9842787767854886,0.0,0.522164742535031,0.5154976469197711,-0.0066670956152598,0.0,1.0,0.0,0.0,fail_control,fail_control,fail_control,0.3977628583964985,bc_metabric_ali2020,False,composition_mixing
motif_tumor_stroma_mixing,spatial,random,15,0.706919258533313,1.0,0.6665516262728862,0.520792768975276,1.005074129354388,0.0,0.4836965850248088,0.4891104139440883,0.0054138289192795,0.0,1.0,0.0,0.0,abundance_only_or_fail,unfaithful_or_fail,abundance_only_or_fail,0.3776977749074724,bc_metabric_ali2020,True,composition_mixing
motif_cd8_high,control,single,15,0.954980872832118,1.0,0.8883923326983566,0.9038731374674092,1.6818356865010275,0.1333333333333333,0.2186649753295001,0.6876857652554231,0.4690207899259231,1.0,1.0,0.5666666666666667,0.5666666666666667,fail_control,pass_control,fail_control,1.3148276130585533e-15,bc_metabric_ali2020,False,composition_mixing
motif_interface_immune,spatial,single,15,0.6277451341817942,0.7333333333333333,0.4516139263268279,0.4176381382842002,1.5037564349265795,0.5333333333333333,0.1126650554540075,0.8357042680727343,0.7230392126187267,0.7333333333333333,1.0,0.5666666666666667,0.5666666666666667,pass_spatial,pass_spatial,pass_spatial,7.804032499633865e-11,bc_metabric_ali2020,True,composition_mixing
motif_tumor_high,control,single,15,0.9717658478965266,1.0,0.7463081997118468,0.7571508567572773,2.240470839093192,1.0,0.2630452464842221,0.7430138966689148,0.4799686501846928,1.0,1.0,0.5666666666666667,0.5666666666666667,pass_control,pass_control,pass_control,3.457606267678404e-16,bc_metabric_ali2020,False,composition_mixing
motif_tumor_stroma_mixing,spatial,single,15,0.706919258533313,1.0,0.6632659487090813,0.5335787314178275,0.9643066227693624,0.0,0.2011116283787578,0.87345518003374,0.6723435516549823,1.0,1.0,0.5666666666666667,0.5666666666666667,abundance_only_or_fail,pass_spatial,faithful_but_wrong_place,1.0533201273967385e-12,bc_metabric_ali2020,True,composition_mixing
motif_apc_t_contact,spatial,attention,15,0.60787654647746,0.4,0.3132232019322753,0.3020106261537311,0.5169309936071905,0.0,0.413522558906289,0.5471755464078091,0.1336529875015199,0.4,0.9666666666666668,0.9666666666666668,0.9666666666666668,abundance_only_or_fail,unfaithful_or_fail,abundance_only_or_fail,9.413442377528327e-05,bc_jackson2020,True,composition_celltype_density
motif_cd8_high,control,attention,15,0.9424720752778076,0.9333333333333332,0.7177751241519356,0.6907423977729258,1.9652378161776745,0.9333333333333332,0.3651947315752789,0.6314050161610717,0.2662102845857928,0.9333333333333332,0.9666666666666668,0.9666666666666668,0.9666666666666668,pass_control,pass_control,pass_control,2.787030530881109e-12,bc_jackson2020,False,composition_celltype_density
motif_cd8_tumor_contact,spatial,attention,15,0.8565223859176463,1.0,0.5724397351416545,0.548205339686157,1.5351009964854605,0.6666666666666666,0.8015923517381996,0.5840203420130146,-0.2175720097251851,0.0,0.9666666666666668,0.9666666666666668,0.9666666666666668,pass_spatial,unfaithful_or_fail,looks_biological_unfaithful,0.999999999987876,bc_jackson2020,True,composition_celltype_density
motif_macrophage_tumor_niche,spatial,attention,15,0.6700957888590963,0.8,0.4483351528438535,0.4302081249919336,1.8036140384954955,0.5333333333333333,0.6779582526518494,0.473298370578934,-0.2046598820729153,0.0,0.9666666666666668,0.9666666666666668,0.9666666666666668,pass_spatial,unfaithful_or_fail,looks_biological_unfaithful,0.9999989476514208,bc_jackson2020,True,composition_celltype_density
motif_t_tumor_mixing,spatial,attention,15,0.8320070142373751,1.0,0.5551010089447049,0.5292764717804229,1.4363765345259507,0.5333333333333333,0.8014467192732863,0.5780534349953911,-0.2233932842778953,0.0,0.9666666666666668,0.9666666666666668,0.9666666666666668,pass_spatial,unfaithful_or_fail,looks_biological_unfaithful,0.999999999997749,bc_jackson2020,True,composition_celltype_density
motif_tumor_high,control,attention,15,0.9808563178654868,1.0,0.5863238799494337,0.5328697988056056,1.6495338321401458,1.0,0.376244809474988,0.5568391826785702,0.1805943732035823,1.0,0.9666666666666668,0.9666666666666668,0.9666666666666668,pass_control,pass_control,pass_control,1.835523998675341e-11,bc_jackson2020,True,composition_celltype_density
motif_apc_t_contact,spatial,ig,15,0.60787654647746,0.4,0.3372789296397793,0.3287748019428724,0.6268664923814237,0.0,0.3691969585647051,0.6767204434202978,0.3075234848555926,0.4,0.9666666666666668,0.9666666666666668,0.9666666666666668,abundance_only_or_fail,unfaithful_or_fail,abundance_only_or_fail,5.729480774552336e-06,bc_jackson2020,True,composition_celltype_density
motif_cd8_high,control,ig,15,0.9424720752778076,0.9333333333333332,0.7380109701085059,0.7143762893768192,1.9881988883175288,0.9333333333333332,0.3911494974603448,0.6810532006962257,0.2899037032358808,0.9333333333333332,0.9666666666666668,0.9666666666666668,0.9666666666666668,pass_control,pass_control,pass_control,1.146375155495645e-11,bc_jackson2020,False,composition_celltype_density
motif_cd8_tumor_contact,spatial,ig,15,0.8565223859176463,1.0,0.5802131975219568,0.4783684570135859,1.6933294957773526,1.0,0.4839096701038827,0.7678384335372309,0.2839287634333481,1.0,0.9666666666666668,0.9666666666666668,0.9666666666666668,pass_spatial,pass_spatial,pass_spatial,4.1409809873733176e-11,bc_jackson2020,True,composition_celltype_density
motif_macrophage_tumor_niche,spatial,ig,15,0.6700957888590963,0.8,0.4391363336590589,0.4058638550836224,1.8947998773654915,0.6666666666666666,0.3583866203331795,0.6836685458944252,0.3252819255612457,0.8,0.9666666666666668,0.9666666666666668,0.9666666666666668,pass_spatial,pass_spatial,pass_spatial,1.0190813569894768e-10,bc_jackson2020,True,composition_celltype_density
motif_t_tumor_mixing,spatial,ig,15,0.8320070142373751,1.0,0.5772925754483134,0.4737628643013278,1.6464315792663409,1.0,0.4775219079048795,0.7691018735710186,0.2915799656661392,1.0,0.9666666666666668,0.9666666666666668,0.9666666666666668,pass_spatial,pass_spatial,pass_spatial,3.225816685913762e-11,bc_jackson2020,True,composition_celltype_density
motif_tumor_high,control,ig,15,0.9808563178654868,1.0,0.9179633441216484,0.8993922104568163,2.750882807119452,1.0,0.2830282301995065,0.717644896506551,0.4346166663070445,1.0,0.9666666666666668,0.9666666666666668,0.9666666666666668,pass_control,pass_control,pass_control,2.2678969865608245e-16,bc_jackson2020,True,composition_celltype_density
motif_apc_t_contact,spatial,one_removed,15,0.60787654647746,0.4,0.3484215564231503,0.3368106419856918,0.7168200084411144,0.0,0.3883776228358164,0.6690061615376033,0.2806285387017869,0.4,0.9666666666666668,0.9666666666666668,0.9666666666666668,abundance_only_or_fail,unfaithful_or_fail,abundance_only_or_fail,9.799462710311428e-07,bc_jackson2020,True,composition_celltype_density
motif_cd8_high,control,one_removed,15,0.9424720752778076,0.9333333333333332,0.6831567073679984,0.6335065672716464,2.148292692716481,0.9333333333333332,0.4861261565044493,0.6997628581625851,0.2136367016581357,0.9333333333333332,0.9666666666666668,0.9666666666666668,0.9666666666666668,pass_control,pass_control,pass_control,3.33629715793872e-12,bc_jackson2020,False,composition_celltype_density
motif_cd8_tumor_contact,spatial,one_removed,15,0.8565223859176463,1.0,0.5689654780763134,0.4326699581091079,1.6348171764574682,0.9333333333333332,0.4625096040122017,0.7229158889462269,0.2604062849340252,1.0,0.9666666666666668,0.9666666666666668,0.9666666666666668,pass_spatial,pass_spatial,pass_spatial,4.3319959355166573e-14,bc_jackson2020,True,composition_celltype_density
motif_macrophage_tumor_niche,spatial,one_removed,15,0.6700957888590963,0.8,0.4639327941544493,0.4052397143590066,2.043193887730808,0.7333333333333333,0.3368249414472634,0.6413489141000069,0.3045239726527434,0.8,0.9666666666666668,0.9666666666666668,0.9666666666666668,pass_spatial,pass_spatial,pass_spatial,3.613082302665857e-11,bc_jackson2020,True,composition_celltype_density
motif_t_tumor_mixing,spatial,one_removed,15,0.8320070142373751,1.0,0.5567191699529184,0.4241303810313674,1.5400463016306607,0.8666666666666667,0.4577654749598136,0.7194044869992579,0.2616390120394441,1.0,0.9666666666666668,0.9666666666666668,0.9666666666666668,pass_spatial,pass_spatial,pass_spatial,1.5403929871693174e-13,bc_jackson2020,True,composition_celltype_density
motif_tumor_high,control,one_removed,15,0.9808563178654868,1.0,0.8183957744881118,0.795099892312788,2.578372547713192,1.0,0.3360758773615917,0.6983154393250229,0.3622395619634311,1.0,0.9666666666666668,0.9666666666666668,0.9666666666666668,pass_control,pass_control,pass_control,4.242183923852799e-15,bc_jackson2020,True,composition_celltype_density
motif_apc_t_contact,spatial,random,15,0.60787654647746,0.4,0.3572000020292973,0.3416882184536806,0.9875193762421208,0.0,0.540555200228667,0.5379412940888851,-0.0026139061397818,0.0666666666666666,0.9666666666666668,0.0,0.0,abundance_only_or_fail,unfaithful_or_fail,abundance_only_or_fail,0.8529505999818935,bc_jackson2020,True,composition_celltype_density
motif_cd8_high,control,random,15,0.9424720752778076,0.9333333333333332,0.4713294959544186,0.4886207997165714,1.0204283329462702,0.0,0.5931233176656417,0.5958664063537773,0.0027430886881356,0.0,0.9666666666666668,0.0,0.0,fail_control,fail_control,fail_control,0.1480843281696867,bc_jackson2020,False,composition_celltype_density
motif_cd8_tumor_contact,spatial,random,15,0.8565223859176463,1.0,0.4293565165959482,0.3679780507763593,0.9997470231090676,0.0,0.6028862747096789,0.6028986929062905,1.241819661142174e-05,0.0,0.9666666666666668,0.0,0.0,abundance_only_or_fail,unfaithful_or_fail,abundance_only_or_fail,0.7795190700427692,bc_jackson2020,True,composition_celltype_density
motif_macrophage_tumor_niche,spatial,random,15,0.6700957888590963,0.8,0.3091009692395813,0.2945045483647849,1.0081920190243083,0.0,0.4934396601720294,0.4995055759427498,0.0060659157707204,0.0,0.9666666666666668,0.0,0.0,abundance_only_or_fail,unfaithful_or_fail,abundance_only_or_fail,0.1424789427118983,bc_jackson2020,True,composition_celltype_density
motif_t_tumor_mixing,spatial,random,15,0.8320070142373751,1.0,0.4312991101448615,0.3666625967486694,0.980899361739336,0.0,0.6024231713993674,0.596228707040884,-0.0061944643584833,0.0,0.9666666666666668,0.0,0.0,abundance_only_or_fail,unfaithful_or_fail,abundance_only_or_fail,0.999167007485266,bc_jackson2020,True,composition_celltype_density
motif_tumor_high,control,random,15,0.9808563178654868,1.0,0.4010068070141491,0.4042203387722384,0.9850919914430034,0.0,0.5391120863471711,0.5403913685231535,0.0012792821759822,0.0,0.9666666666666668,0.0,0.0,fail_control,fail_control,fail_control,0.379557758609124,bc_jackson2020,True,composition_celltype_density
motif_apc_t_contact,spatial,single,15,0.60787654647746,0.4,0.3425369444193675,0.3367961891520725,0.9471880879786566,0.0,0.2864279236313794,0.696361223608625,0.4099332999772456,0.4,0.9666666666666668,0.9666666666666668,0.9666666666666668,abundance_only_or_fail,unfaithful_or_fail,abundance_only_or_fail,4.823738075863263e-06,bc_jackson2020,True,composition_celltype_density
motif_cd8_high,control,single,15,0.9424720752778076,0.9333333333333332,0.8546580531800136,0.8544130324800882,2.37408481712328,0.9333333333333332,0.2800709055169358,0.7122913137809114,0.4322204082639755,0.9333333333333332,0.9666666666666668,0.9666666666666668,0.9666666666666668,pass_control,pass_control,pass_control,7.791330874369499e-16,bc_jackson2020,False,composition_celltype_density
motif_cd8_tumor_contact,spatial,single,15,0.8565223859176463,1.0,0.4385132767426415,0.3421359361351729,0.7275764814851744,0.0,0.4612306137814734,0.8497083584727121,0.3884777446912386,1.0,0.9666666666666668,0.9666666666666668,0.9666666666666668,abundance_only_or_fail,pass_spatial,faithful_but_wrong_place,4.952348267300123e-12,bc_jackson2020,True,composition_celltype_density
motif_macrophage_tumor_niche,spatial,single,15,0.6700957888590963,0.8,0.3614376164814588,0.3450173869003639,1.1611159119131027,0.0666666666666666,0.3414204014926497,0.7716743074516742,0.4302539059590243,0.8,0.9666666666666668,0.9666666666666668,0.9666666666666668,abundance_only_or_fail,pass_spatial,faithful_but_wrong_place,1.0310257794500615e-09,bc_jackson2020,True,composition_celltype_density
motif_t_tumor_mixing,spatial,single,15,0.8320070142373751,1.0,0.4405507233409441,0.344490639430272,0.7535363683841108,0.0,0.4590772826169335,0.8462608619087144,0.3871835792917809,1.0,0.9666666666666668,0.9666666666666668,0.9666666666666668,abundance_only_or_fail,pass_spatial,faithful_but_wrong_place,7.632440556737281e-14,bc_jackson2020,True,composition_celltype_density
motif_tumor_high,control,single,15,0.9808563178654868,1.0,0.93241538580465,0.9327943099383608,2.7746408866772883,1.0,0.250896843630331,0.7170624069069103,0.4661655632765791,1.0,0.9666666666666668,0.9666666666666668,0.9666666666666668,pass_control,pass_control,pass_control,1.7097290159415414e-16,bc_jackson2020,True,composition_celltype_density
motif_cd8_clustering,spatial,attention,15,0.8875392474511771,1.0,0.60447737568135,0.48522836733031,4.680531971968187,1.0,0.1257123141141821,0.4738880683844053,0.3481757542702231,1.0,1.0,0.8333333333333334,0.5,pass_spatial,pass_spatial,pass_spatial,1.8289450075843344e-12,hnc_wu2022,True,composition_celltype_density
motif_cd8_high,control,attention,15,0.9681369652128856,1.0,0.544661415405918,0.5237554717532801,1.6299872898371612,0.8666666666666667,0.3432217857539518,0.5194401111275814,0.1762183253736295,0.8,1.0,0.8333333333333334,0.5,pass_control,pass_control,pass_control,6.247572900963363e-10,hnc_wu2022,False,composition_celltype_density
motif_immune_exclusion,spatial,attention,15,0.8777308351080796,1.0,0.3141437057122918,0.4167147717707494,1.7628187880768798,0.9333333333333332,0.2347057450205235,0.5062640846320211,0.2715583396114974,0.8666666666666667,1.0,0.8333333333333334,0.5,pass_spatial,pass_spatial,pass_spatial,6.487318913133714e-10,hnc_wu2022,True,composition_celltype_density
motif_tumor_high,control,attention,15,0.9690031636631352,1.0,0.4968629131010594,0.4360586094487498,1.3639144629927948,0.8,0.4448101749125107,0.4820679877120787,0.037257812799568,0.2666666666666666,1.0,0.8333333333333334,0.5,pass_control,fail_control,fail_control,0.031178340601619,hnc_wu2022,False,composition_celltype_density
motif_cd8_clustering,spatial,ig,15,0.8875392474511771,1.0,0.5491606767449052,0.3759567085831966,4.227645979803873,1.0,0.1915478565690475,0.6001665867717711,0.4086187302027236,1.0,1.0,1.0,1.0,pass_spatial,pass_spatial,pass_spatial,9.023046005525257e-13,hnc_wu2022,True,composition_celltype_density
motif_cd8_high,control,ig,15,0.9681369652128856,1.0,0.7656760075927689,0.7168631681121063,2.612631571822793,1.0,0.2410319253137968,0.7406915877547934,0.4996596624409965,1.0,1.0,1.0,1.0,pass_control,pass_control,pass_control,4.67091358977352e-13,hnc_wu2022,False,composition_celltype_density
motif_immune_exclusion,spatial,ig,15,0.8777308351080796,1.0,0.4152082412410499,0.513840137729615,2.829286494896264,1.0,0.1534216696638576,0.717165245733039,0.5637435760691815,1.0,1.0,1.0,1.0,pass_spatial,pass_spatial,pass_spatial,7.726310592201186e-12,hnc_wu2022,True,composition_celltype_density
motif_tumor_high,control,ig,15,0.9690031636631352,1.0,0.9301421298010616,0.9153817973019602,2.8922466338313773,1.0,0.1523616614022453,0.8077550851898774,0.6553934237876322,1.0,1.0,1.0,1.0,pass_control,pass_control,pass_control,3.3631818637988453e-15,hnc_wu2022,False,composition_celltype_density
motif_cd8_clustering,spatial,one_removed,15,0.8875392474511771,1.0,0.4839199132850086,0.3385842674293126,4.113457108165074,1.0,0.2919251628691993,0.6084947641186832,0.3165696012494838,1.0,1.0,1.0,1.0,pass_spatial,pass_spatial,pass_spatial,3.2087974052043477e-12,hnc_wu2022,True,composition_celltype_density
motif_cd8_high,control,one_removed,15,0.9681369652128856,1.0,0.6519262483016272,0.6263187762846623,2.3338110854718948,1.0,0.3062760706969467,0.69502375894213,0.3887476882451833,1.0,1.0,1.0,1.0,pass_control,pass_control,pass_control,2.5181225728738364e-14,hnc_wu2022,False,composition_celltype_density
motif_immune_exclusion,spatial,one_removed,15,0.8777308351080796,1.0,0.3554140775690114,0.4670539277169974,2.543340238285789,1.0,0.2870470694064905,0.6943672216753458,0.4073201522688553,1.0,1.0,1.0,1.0,pass_spatial,pass_spatial,pass_spatial,1.0238688885606455e-09,hnc_wu2022,True,composition_celltype_density
motif_tumor_high,control,one_removed,15,0.9690031636631352,1.0,0.8744894073818068,0.8579139938133654,2.7495635362926825,1.0,0.1814847835875458,0.7721648817804813,0.5906800981929354,1.0,1.0,1.0,1.0,pass_control,pass_control,pass_control,1.2949836108034022e-14,hnc_wu2022,False,composition_celltype_density
motif_cd8_clustering,spatial,random,15,0.8875392474511771,1.0,0.1904328376436445,0.1726496019505517,0.9701513572630128,0.0,0.4399159725081802,0.4401777357458415,0.0002617632376612,0.0,1.0,0.0,0.0,abundance_only_or_fail,unfaithful_or_fail,abundance_only_or_fail,0.5974339821398267,hnc_wu2022,True,composition_celltype_density
motif_cd8_high,control,random,15,0.9681369652128856,1.0,0.3818446921891008,0.4053034708216648,0.9983376494458192,0.0,0.5054483453997418,0.507764669151285,0.002316323751543,0.0666666666666666,1.0,0.0,0.0,fail_control,fail_control,fail_control,0.7081796361154677,hnc_wu2022,False,composition_celltype_density
motif_immune_exclusion,spatial,random,15,0.8777308351080796,1.0,0.1894597703002213,0.3668813007078871,0.9866286098333364,0.0,0.489328063308631,0.4849998149012451,-0.0043282484073858,0.0,1.0,0.0,0.0,abundance_only_or_fail,unfaithful_or_fail,abundance_only_or_fail,0.7339705804733989,hnc_wu2022,True,composition_celltype_density
motif_tumor_high,control,random,15,0.9690031636631352,1.0,0.3493698125428269,0.3494992447624365,1.005214211153432,0.0,0.4808120536416068,0.4811027546572088,0.000290701015602,0.0,1.0,0.0,0.0,fail_control,fail_control,fail_control,0.6706802237098699,hnc_wu2022,False,composition_celltype_density
motif_cd8_clustering,spatial,single,15,0.8875392474511771,1.0,0.6300513412022752,0.4707216045878621,4.981737257181812,1.0,0.0861649725479129,0.6042157397516682,0.5180507672037553,1.0,1.0,1.0,1.0,pass_spatial,pass_spatial,pass_spatial,2.095019910677635e-14,hnc_wu2022,True,composition_celltype_density
motif_cd8_high,control,single,15,0.9681369652128856,1.0,0.7864495630612535,0.7782076001521002,2.550426322157032,1.0,0.1650066909796801,0.7498759824595541,0.584869291479874,1.0,1.0,1.0,1.0,pass_control,pass_control,pass_control,2.1118602581842273e-14,hnc_wu2022,False,composition_celltype_density
motif_immune_exclusion,spatial,single,15,0.8777308351080796,1.0,0.4594200370983362,0.5207002218907507,3.3128082857468923,1.0,0.1266305210152942,0.7155550083970005,0.5889244873817062,1.0,1.0,1.0,1.0,pass_spatial,pass_spatial,pass_spatial,8.058809325360498e-13,hnc_wu2022,True,composition_celltype_density
motif_tumor_high,control,single,15,0.9690031636631352,1.0,0.9585496598414558,0.9381755215110172,2.9447041412161257,1.0,0.1548639696082699,0.8053447430911927,0.6504807734829228,1.0,1.0,1.0,1.0,pass_control,pass_control,pass_control,1.7176846965395152e-15,hnc_wu2022,False,composition_celltype_density
motif_cd8_high,control,attention,15,0.9690458191268818,1.0,0.730548912927999,0.7093308856034246,1.687749756254687,0.4666666666666667,0.3730890250738938,0.5161336902483183,0.1430446651744245,0.6666666666666666,1.0,0.6333333333333333,0.5666666666666667,fail_control,pass_control,fail_control,2.7475442166097955e-10,tnbc_wang2023,True,composition_celltype_density
motif_tumor_high,control,attention,15,0.9800030325915992,1.0,0.5759625391634132,0.540501903032004,1.5318676731824596,0.8,0.4612142227218757,0.5132516912528748,0.052037468530999,0.6666666666666666,1.0,0.6333333333333333,0.5666666666666667,pass_control,pass_control,pass_control,5.180692281147092e-05,tnbc_wang2023,False,composition_celltype_density
motif_cd8_high,control,ig,15,0.9690458191268818,1.0,0.8533821253398355,0.8115039145528338,2.167795357209516,1.0,0.3226596016914099,0.6244115246201212,0.3017519229287111,1.0,1.0,1.0,1.0,pass_control,pass_control,pass_control,1.8769232629076799e-16,tnbc_wang2023,True,composition_celltype_density
motif_tumor_high,control,ig,15,0.9800030325915992,1.0,0.9181967405866424,0.9103115670897612,2.7319189564987583,1.0,0.2919955045952013,0.7127111304339233,0.4207156258387219,1.0,1.0,1.0,1.0,pass_control,pass_control,pass_control,2.054476493575504e-15,tnbc_wang2023,False,composition_celltype_density
motif_cd8_high,control,one_removed,15,0.9690458191268818,1.0,0.7525685643583037,0.7147572050351243,2.029206630383664,1.0,0.3824510240764016,0.5937086846698693,0.2112576605934677,1.0,1.0,1.0,1.0,pass_control,pass_control,pass_control,1.1360578810453682e-11,tnbc_wang2023,True,composition_celltype_density
motif_tumor_high,control,one_removed,15,0.9800030325915992,1.0,0.7921010295417678,0.7671819943326101,2.450759877991856,1.0,0.3363797195112,0.6725998379583787,0.3362201184471787,1.0,1.0,1.0,1.0,pass_control,pass_control,pass_control,2.6687084665355424e-14,tnbc_wang2023,False,composition_celltype_density
motif_cd8_high,control,random,15,0.9690458191268818,1.0,0.558495290211722,0.5729309799174536,1.0119126068153197,0.0,0.4905897584954383,0.491832311082035,0.0012425525865965,0.0,1.0,0.0,0.0,fail_control,fail_control,fail_control,0.3052100862175084,tnbc_wang2023,True,composition_celltype_density
motif_tumor_high,control,random,15,0.9800030325915992,1.0,0.3971719058146561,0.4016218271063163,1.004455118709429,0.0,0.5077144570257879,0.5090016854935098,0.0012872284677218,0.0,1.0,0.0,0.0,fail_control,fail_control,fail_control,0.5895161650695958,tnbc_wang2023,False,composition_celltype_density
motif_cd8_high,control,single,15,0.9690458191268818,1.0,0.883767682726231,0.8806391222966317,2.21203561640722,1.0,0.2412339950365382,0.6334597447776957,0.3922257497411575,1.0,1.0,1.0,1.0,pass_control,pass_control,pass_control,3.2340372943127e-19,tnbc_wang2023,True,composition_celltype_density
motif_tumor_high,control,single,15,0.9800030325915992,1.0,0.9476861412872788,0.940184514874424,2.807381987873334,1.0,0.2690012295665765,0.723875155036266,0.4548739254696894,1.0,1.0,1.0,1.0,pass_control,pass_control,pass_control,6.809925765477868e-16,tnbc_wang2023,False,composition_celltype_density
motif_cd8_high,control,attention,15,0.966575083557236,1.0,0.8821274275349248,0.8813036815245147,1.691601110142302,0.0,0.3752360071780908,0.4959939340868412,0.1207579269087503,0.3333333333333333,1.0,0.4666666666666667,0.3333333333333333,fail_control,fail_control,fail_control,1.01393632309321e-07,bc_metabric_ali2020,False,composition_celltype_density
motif_interface_immune,spatial,attention,15,0.5810796544449468,0.4,0.3845845013883298,0.3536907096005515,1.0024312648715077,0.0,0.4409116851290801,0.5118128281060925,0.0709011429770124,0.2,1.0,0.4666666666666667,0.3333333333333333,abundance_only_or_fail,unfaithful_or_fail,abundance_only_or_fail,0.1306507840685131,bc_metabric_ali2020,True,composition_celltype_density
motif_tumor_high,control,attention,15,0.9806796263235024,1.0,0.5383705940880051,0.5096309661200416,1.418584338457656,0.9333333333333332,0.452671447836672,0.5085446156521238,0.0558731678154518,0.6666666666666666,1.0,0.4666666666666667,0.3333333333333333,pass_control,pass_control,pass_control,5.770072271354092e-06,bc_metabric_ali2020,False,composition_celltype_density
motif_tumor_stroma_mixing,spatial,attention,15,0.7379467821325059,0.8666666666666667,0.7483445697057751,0.6118283656172542,1.3045314607945695,0.0,0.7066462887890463,0.4818031399277952,-0.2248431488612512,0.0,1.0,0.4666666666666667,0.3333333333333333,abundance_only_or_fail,unfaithful_or_fail,abundance_only_or_fail,0.9999999996627909,bc_metabric_ali2020,True,composition_celltype_density
motif_cd8_high,control,ig,15,0.966575083557236,1.0,0.8442649649019928,0.815627924616655,1.6796837464743226,0.0,0.3757008574565451,0.5628938366508554,0.1871929791943103,1.0,1.0,0.5,0.5,fail_control,pass_control,fail_control,4.342544931340103e-12,bc_metabric_ali2020,False,composition_celltype_density
motif_interface_immune,spatial,ig,15,0.5810796544449468,0.4,0.402278279949241,0.3881780880344762,1.1167864305770143,0.0666666666666666,0.2851162971954915,0.7152622173088924,0.4301459201134009,0.4,1.0,0.5,0.5,abundance_only_or_fail,unfaithful_or_fail,abundance_only_or_fail,8.543521349717028e-06,bc_metabric_ali2020,True,composition_celltype_density
motif_tumor_high,control,ig,15,0.9806796263235024,1.0,0.8462613113916437,0.8431379982056607,2.5630151832952226,1.0,0.3004513149736038,0.6978130149640599,0.397361699990456,1.0,1.0,0.5,0.5,pass_control,pass_control,pass_control,1.419750955682574e-13,bc_metabric_ali2020,False,composition_celltype_density
motif_tumor_stroma_mixing,spatial,ig,15,0.7379467821325059,0.8666666666666667,0.7370877666261215,0.6173116980515199,1.360552222482874,0.0666666666666666,0.3639249595398582,0.7095324619288618,0.3456075023890032,0.8666666666666667,1.0,0.5,0.5,abundance_only_or_fail,pass_spatial,faithful_but_wrong_place,5.462092619781345e-12,bc_metabric_ali2020,True,composition_celltype_density
motif_cd8_high,control,one_removed,15,0.966575083557236,1.0,0.7766004372792393,0.7571838642894331,1.521862899167171,0.0,0.424952488781705,0.5602917599869469,0.1353392712052419,1.0,1.0,0.5,0.5,fail_control,pass_control,fail_control,3.124547039494262e-09,bc_metabric_ali2020,False,composition_celltype_density
motif_interface_immune,spatial,one_removed,15,0.5810796544449468,0.4,0.3954131844133597,0.3852837293133515,1.0868134455388043,0.0,0.3217084148122855,0.6810255141209991,0.3593170993087136,0.4,1.0,0.5,0.5,abundance_only_or_fail,unfaithful_or_fail,abundance_only_or_fail,4.122634927178106e-05,bc_metabric_ali2020,True,composition_celltype_density
motif_tumor_high,control,one_removed,15,0.9806796263235024,1.0,0.6983396852657459,0.6845694443383468,2.227928957020119,1.0,0.354288942726819,0.6583862006872158,0.3040972579603967,1.0,1.0,0.5,0.5,pass_control,pass_control,pass_control,4.975185112118361e-12,bc_metabric_ali2020,False,composition_celltype_density
motif_tumor_stroma_mixing,spatial,one_removed,15,0.7379467821325059,0.8666666666666667,0.7059413933053098,0.5816137511927021,1.1070430420171928,0.0,0.3573652416286023,0.640065640205327,0.2827003985767247,0.8666666666666667,1.0,0.5,0.5,abundance_only_or_fail,pass_spatial,faithful_but_wrong_place,4.811185498522222e-12,bc_metabric_ali2020,True,composition_celltype_density
motif_cd8_high,control,random,15,0.966575083557236,1.0,0.7088570729324447,0.7312119405962713,0.9974704778875432,0.0,0.4684821496248158,0.4720160332311046,0.0035338836062887,0.0,1.0,0.0,0.0,fail_control,fail_control,fail_control,0.7289009309437278,bc_metabric_ali2020,False,composition_celltype_density
motif_interface_immune,spatial,random,15,0.5810796544449468,0.4,0.3618445297001003,0.3336444780291248,0.9555368296352428,0.0,0.5055779615406385,0.5002876200003771,-0.0052903415402614,0.0,1.0,0.0,0.0,abundance_only_or_fail,unfaithful_or_fail,abundance_only_or_fail,0.9057658788934204,bc_metabric_ali2020,True,composition_celltype_density
motif_tumor_high,control,random,15,0.9806796263235024,1.0,0.4021015787098272,0.4024078468322939,0.981454407598218,0.0,0.5026461660695211,0.5049662360937123,0.002320070024191,0.0,1.0,0.0,0.0,fail_control,fail_control,fail_control,0.0877106812583652,bc_metabric_ali2020,False,composition_celltype_density
motif_tumor_stroma_mixing,spatial,random,15,0.7379467821325059,0.8666666666666667,0.6650474272895613,0.5210675460343747,1.006733022431893,0.0,0.5022108937746765,0.507434230225881,0.0052233364512042,0.0,1.0,0.0,0.0,abundance_only_or_fail,unfaithful_or_fail,abundance_only_or_fail,0.0323091191963131,bc_metabric_ali2020,True,composition_celltype_density
motif_cd8_high,control,single,15,0.966575083557236,1.0,0.8813154723687735,0.8912419524117923,1.650104936307449,0.0,0.2442816798855422,0.6134355243337546,0.3691538444482124,1.0,1.0,0.5,0.5,fail_control,pass_control,fail_control,2.5844547297339544e-16,bc_metabric_ali2020,False,composition_celltype_density
motif_interface_immune,spatial,single,15,0.5810796544449468,0.4,0.4140767714558477,0.4205430113004931,1.1132383823949743,0.0,0.2287187401793979,0.743224564644159,0.5145058244647611,0.4,1.0,0.5,0.5,abundance_only_or_fail,unfaithful_or_fail,abundance_only_or_fail,1.145384800348318e-05,bc_metabric_ali2020,True,composition_celltype_density
motif_tumor_high,control,single,15,0.9806796263235024,1.0,0.8746858359841307,0.875628737535535,2.6636968025512493,1.0,0.2718393767200461,0.7135968472535024,0.4417574705334563,1.0,1.0,0.5,0.5,pass_control,pass_control,pass_control,1.0829459538313686e-14,bc_metabric_ali2020,False,composition_celltype_density
motif_tumor_stroma_mixing,spatial,single,15,0.7379467821325059,0.8666666666666667,0.6195214876207645,0.535696671371764,0.6531951263396577,0.0,0.3598119734985981,0.7867323048117769,0.4269203313131787,0.8666666666666667,1.0,0.5,0.5,abundance_only_or_fail,pass_spatial,faithful_but_wrong_place,2.0279685368458212e-10,bc_metabric_ali2020,True,composition_celltype_density
motif_apc_t_contact,spatial,attention,15,0.6516337804427669,0.6666666666666666,0.3539161728835441,0.3460269586458163,0.8257329574103615,0.0,0.3665812354025684,0.5998200933585011,0.2332388579559327,0.6666666666666666,0.8666666666666667,0.8666666666666667,0.8666666666666667,abundance_only_or_fail,pass_spatial,faithful_but_wrong_place,5.5990668308727e-08,bc_jackson2020,True,mixing_celltype_density
motif_cd8_high,control,attention,15,0.9217351596000304,0.7333333333333333,0.6617215235316668,0.6431908857943178,1.7872400749054032,0.7333333333333333,0.4182947930317059,0.6563511400393377,0.2380563470076317,0.7333333333333333,0.8666666666666667,0.8666666666666667,0.8666666666666667,pass_control,pass_control,pass_control,9.45479375539455e-10,bc_jackson2020,False,mixing_celltype_density
motif_cd8_tumor_contact,spatial,attention,15,0.6609460973112126,0.9333333333333332,0.4887576562586903,0.4020321848278947,1.2003260625009966,0.0,0.6370334887065383,0.6186232159431352,-0.0184102727634031,0.6666666666666666,0.8666666666666667,0.8666666666666667,0.8666666666666667,abundance_only_or_fail,pass_spatial,faithful_but_wrong_place,0.9462665330764388,bc_jackson2020,True,mixing_celltype_density
motif_macrophage_tumor_niche,spatial,attention,15,0.5888883488290945,0.2666666666666666,0.4032071570675157,0.3192842831756801,1.5089135769491249,0.0666666666666666,0.6055894825698499,0.4907756769121871,-0.1148138056576627,0.0,0.8666666666666667,0.8666666666666667,0.8666666666666667,abundance_only_or_fail,unfaithful_or_fail,abundance_only_or_fail,0.973481924305548,bc_jackson2020,True,mixing_celltype_density
motif_t_tumor_mixing,spatial,attention,15,0.6631266057404449,0.8666666666666667,0.4796564420226761,0.3943645149956523,1.1840009678854535,0.0,0.6432345702203407,0.6224079462689454,-0.0208266239513955,0.5333333333333333,0.8666666666666667,0.8666666666666667,0.8666666666666667,abundance_only_or_fail,pass_spatial,faithful_but_wrong_place,0.930524518744895,bc_jackson2020,True,mixing_celltype_density
motif_tumor_high,control,attention,15,0.9489129084197953,1.0,0.496717643736441,0.4658982406314765,1.423981836898968,1.0,0.3800650589650669,0.5669340984297755,0.1868690394647084,1.0,0.8666666666666667,0.8666666666666667,0.8666666666666667,pass_control,pass_control,pass_control,1.2315185957650635e-10,bc_jackson2020,True,mixing_celltype_density
motif_apc_t_contact,spatial,ig,15,0.6516337804427669,0.6666666666666666,0.3796283915466295,0.3680745453273563,1.011449998880252,0.0,0.1937903304111415,0.8445530139750481,0.6507626835639065,0.6666666666666666,0.8666666666666667,0.8666666666666667,0.8666666666666667,abundance_only_or_fail,pass_spatial,faithful_but_wrong_place,7.57249256587916e-10,bc_jackson2020,True,mixing_celltype_density
motif_cd8_high,control,ig,15,0.9217351596000304,0.7333333333333333,0.723689997601588,0.7019074847790016,2.0963757694414222,0.7333333333333333,0.3885266597046076,0.7916660172647741,0.4031393575601665,0.7333333333333333,0.8666666666666667,0.8666666666666667,0.8666666666666667,pass_control,pass_control,pass_control,4.5857078080577174e-10,bc_jackson2020,False,mixing_celltype_density
motif_cd8_tumor_contact,spatial,ig,15,0.6609460973112126,0.9333333333333332,0.4810667037755548,0.3986495497433377,1.2392396504005183,0.1333333333333333,0.2892510999658966,0.8799065610341282,0.5906554610682317,0.9333333333333332,0.8666666666666667,0.8666666666666667,0.8666666666666667,abundance_only_or_fail,pass_spatial,faithful_but_wrong_place,3.7914396815717514e-14,bc_jackson2020,True,mixing_celltype_density
motif_macrophage_tumor_niche,spatial,ig,15,0.5888883488290945,0.2666666666666666,0.4418912819641973,0.3789923425643107,1.8995691672955632,0.2666666666666666,0.1609858760224327,0.85164977276742,0.6906638967449872,0.2666666666666666,0.8666666666666667,0.8666666666666667,0.8666666666666667,abundance_only_or_fail,unfaithful_or_fail,abundance_only_or_fail,0.0001592532268539,bc_jackson2020,True,mixing_celltype_density
motif_t_tumor_mixing,spatial,ig,15,0.6631266057404449,0.8666666666666667,0.4815715998601541,0.3983106771323336,1.2572665074096316,0.0666666666666666,0.2863775693336728,0.886926927744659,0.6005493584109863,0.8666666666666667,0.8666666666666667,0.8666666666666667,0.8666666666666667,abundance_only_or_fail,pass_spatial,faithful_but_wrong_place,1.3277237003668437e-12,bc_jackson2020,True,mixing_celltype_density
motif_tumor_high,control,ig,15,0.9489129084197953,1.0,0.7843371549120891,0.777226936228418,2.379398650977467,1.0,0.2365109682504226,0.7416617069096149,0.5051507386591924,1.0,0.8666666666666667,0.8666666666666667,0.8666666666666667,pass_control,pass_control,pass_control,8.739145636253352e-17,bc_jackson2020,True,mixing_celltype_density
motif_apc_t_contact,spatial,one_removed,15,0.6516337804427669,0.6666666666666666,0.3895302173183533,0.3772174110283502,1.1118866313088644,0.0,0.2950595101315676,0.8103596688653102,0.5153001587337425,0.6666666666666666,0.8666666666666667,0.8666666666666667,0.8666666666666667,abundance_only_or_fail,pass_spatial,faithful_but_wrong_place,1.035229636640207e-08,bc_jackson2020,True,mixing_celltype_density
motif_cd8_high,control,one_removed,15,0.9217351596000304,0.7333333333333333,0.5986824745287037,0.5789182447841825,1.8482733761818813,0.7333333333333333,0.4995979473053257,0.7636556874345931,0.2640577401292673,0.7333333333333333,0.8666666666666667,0.8666666666666667,0.8666666666666667,pass_control,pass_control,pass_control,7.044764177951948e-09,bc_jackson2020,False,mixing_celltype_density
motif_cd8_tumor_contact,spatial,one_removed,15,0.6609460973112126,0.9333333333333332,0.461088222610469,0.3848012571637124,1.194871529754194,0.0666666666666666,0.3613572565303632,0.8323325415186026,0.4709752849882392,0.9333333333333332,0.8666666666666667,0.8666666666666667,0.8666666666666667,abundance_only_or_fail,pass_spatial,faithful_but_wrong_place,6.364907775694485e-14,bc_jackson2020,True,mixing_celltype_density
motif_macrophage_tumor_niche,spatial,one_removed,15,0.5888883488290945,0.2666666666666666,0.4224465033379442,0.3671317097175677,1.7916126395098275,0.2666666666666666,0.2232293116670983,0.7866376790164465,0.5634083673493482,0.2666666666666666,0.8666666666666667,0.8666666666666667,0.8666666666666667,abundance_only_or_fail,unfaithful_or_fail,abundance_only_or_fail,1.0855555570420536e-06,bc_jackson2020,True,mixing_celltype_density
motif_t_tumor_mixing,spatial,one_removed,15,0.6631266057404449,0.8666666666666667,0.4623494862399035,0.3861679064385121,1.222426496883591,0.0666666666666666,0.3635203480340682,0.8409205128264394,0.4774001647923712,0.8666666666666667,0.8666666666666667,0.8666666666666667,0.8666666666666667,abundance_only_or_fail,pass_spatial,faithful_but_wrong_place,5.129716595134212e-12,bc_jackson2020,True,mixing_celltype_density
motif_tumor_high,control,one_removed,15,0.9489129084197953,1.0,0.6772722840692079,0.6674635206788708,2.151332700743478,1.0,0.3217795244327412,0.7159484457666544,0.394168921333913,1.0,0.8666666666666667,0.8666666666666667,0.8666666666666667,pass_control,pass_control,pass_control,6.799883070639326e-13,bc_jackson2020,True,mixing_celltype_density
motif_apc_t_contact,spatial,random,15,0.6516337804427669,0.6666666666666666,0.3700011488359157,0.357766147549833,1.031851578397028,0.0,0.5742548206225699,0.5832517813170379,0.0089969606944678,0.0,0.8666666666666667,0.0,0.0,abundance_only_or_fail,unfaithful_or_fail,abundance_only_or_fail,0.5431553094484429,bc_jackson2020,True,mixing_celltype_density
motif_cd8_high,control,random,15,0.9217351596000304,0.7333333333333333,0.4679186655413732,0.4865265738601577,0.9858805117428656,0.0,0.6385245171874597,0.6355150888646393,-0.0030094283228203,0.0,0.8666666666666667,0.0,0.0,fail_control,fail_control,fail_control,0.2328084416184656,bc_jackson2020,False,mixing_celltype_density
motif_cd8_tumor_contact,spatial,random,15,0.6609460973112126,0.9333333333333332,0.4336819484057264,0.368270104505756,0.998796288673754,0.0,0.6164928721436601,0.622010765461959,0.0055178933182988,0.0,0.8666666666666667,0.0,0.0,abundance_only_or_fail,unfaithful_or_fail,abundance_only_or_fail,0.6356929971753718,bc_jackson2020,True,mixing_celltype_density
motif_macrophage_tumor_niche,spatial,random,15,0.5888883488290945,0.2666666666666666,0.3173324320640802,0.2890350289583283,0.9920885011441184,0.0,0.5166316935779723,0.503396490102551,-0.0132352034754213,0.0,0.8666666666666667,0.0,0.0,abundance_only_or_fail,unfaithful_or_fail,abundance_only_or_fail,0.812067477833089,bc_jackson2020,True,mixing_celltype_density
motif_t_tumor_mixing,spatial,random,15,0.6631266057404449,0.8666666666666667,0.4323726946406914,0.3664148005720227,0.9974738963368268,0.0,0.6219604667450214,0.6198272959270864,-0.002133170817935,0.0,0.8666666666666667,0.0,0.0,abundance_only_or_fail,unfaithful_or_fail,abundance_only_or_fail,0.4852389071445162,bc_jackson2020,True,mixing_celltype_density
motif_tumor_high,control,random,15,0.9489129084197953,1.0,0.4026526983086806,0.407128501030505,1.0099472717962923,0.0,0.5384949953126512,0.5500544522149741,0.0115594569023229,0.0,0.8666666666666667,0.0,0.0,fail_control,fail_control,fail_control,0.001401325374174,bc_jackson2020,True,mixing_celltype_density
motif_apc_t_contact,spatial,single,15,0.6516337804427669,0.6666666666666666,0.3887571145875772,0.3782659824407347,1.19147305331125,0.0,0.130760252538358,0.8624834973758843,0.7317232448375262,0.6666666666666666,0.8666666666666667,0.8666666666666667,0.8666666666666667,abundance_only_or_fail,pass_spatial,faithful_but_wrong_place,1.2039190742325455e-10,bc_jackson2020,True,mixing_celltype_density
motif_cd8_high,control,single,15,0.9217351596000304,0.7333333333333333,0.7685263272712213,0.7766046750633887,2.169630135329217,0.7333333333333333,0.286511210235131,0.8150363985965712,0.5285251883614404,0.7333333333333333,0.8666666666666667,0.8666666666666667,0.8666666666666667,pass_control,pass_control,pass_control,5.372059361641683e-12,bc_jackson2020,False,mixing_celltype_density
motif_cd8_tumor_contact,spatial,single,15,0.6609460973112126,0.9333333333333332,0.4790165708633594,0.3927027727943025,1.204509264201017,0.0666666666666666,0.2368824279637056,0.9095539281292876,0.6726715001655821,0.9333333333333332,0.8666666666666667,0.8666666666666667,0.8666666666666667,abundance_only_or_fail,pass_spatial,faithful_but_wrong_place,7.786433267473435e-15,bc_jackson2020,True,mixing_celltype_density
motif_macrophage_tumor_niche,spatial,single,15,0.5888883488290945,0.2666666666666666,0.4411215171918451,0.3758488600937821,1.919571365113327,0.2666666666666666,0.1382843560123655,0.8945816948479899,0.7562973388356244,0.2666666666666666,0.8666666666666667,0.8666666666666667,0.8666666666666667,abundance_only_or_fail,unfaithful_or_fail,abundance_only_or_fail,0.0003913692790493,bc_jackson2020,True,mixing_celltype_density
motif_t_tumor_mixing,spatial,single,15,0.6631266057404449,0.8666666666666667,0.4788452203841367,0.3927803721581978,1.2121964223874742,0.0,0.2412743155590016,0.9134701068455424,0.6721957912865408,0.8666666666666667,0.8666666666666667,0.8666666666666667,0.8666666666666667,abundance_only_or_fail,pass_spatial,faithful_but_wrong_place,5.00833085714184e-13,bc_jackson2020,True,mixing_celltype_density
motif_tumor_high,control,single,15,0.9489129084197953,1.0,0.7998606166819474,0.8040461059630523,2.4226880234623978,1.0,0.2035536266001299,0.7403236641276713,0.5367700375275413,1.0,0.8666666666666667,0.8666666666666667,0.8666666666666667,pass_control,pass_control,pass_control,1.6301258420655058e-17,bc_jackson2020,True,mixing_celltype_density
motif_cd8_clustering,spatial,attention,15,0.8530006340868664,1.0,0.4671674005998509,0.4364201664133053,3.748093449545514,1.0,0.3349750759310924,0.4729370935366894,0.137962017605597,0.4666666666666667,0.9666666666666668,0.5,0.3666666666666666,pass_spatial,unfaithful_or_fail,looks_biological_unfaithful,2.563149620961672e-06,hnc_wu2022,True,mixing_celltype_density
motif_cd8_high,control,attention,15,0.9710491738795718,1.0,0.4974064718694387,0.4708725628949282,1.4250782528604315,0.7333333333333333,0.3384502981586078,0.5181822671478963,0.1797319689892884,0.8,0.9666666666666668,0.5,0.3666666666666666,pass_control,pass_control,pass_control,3.2182881801616222e-09,hnc_wu2022,False,mixing_celltype_density
motif_immune_exclusion,spatial,attention,15,0.9246521777635164,1.0,0.3276295572180433,0.4124133451582893,1.8964968869116563,1.0,0.3713534252064974,0.5235973587025292,0.1522439334960317,0.5333333333333333,0.9666666666666668,0.5,0.3666666666666666,pass_spatial,pass_spatial,pass_spatial,4.629773481202001e-06,hnc_wu2022,True,mixing_celltype_density
motif_tumor_high,control,attention,15,0.9546842248374962,0.9333333333333332,0.4397103486911856,0.4072540622050353,1.2054179802772609,0.2666666666666666,0.4913476765575263,0.4786747054651323,-0.0126729710923941,0.0666666666666666,0.9666666666666668,0.5,0.3666666666666666,fail_control,fail_control,fail_control,0.6687083831602847,hnc_wu2022,False,mixing_celltype_density
motif_cd8_clustering,spatial,ig,15,0.8530006340868664,1.0,0.5213401435161901,0.3658650107973631,4.194432221899772,1.0,0.1551956204115301,0.7406579886156547,0.5854623682041246,1.0,0.9666666666666668,0.9666666666666668,0.9666666666666668,pass_spatial,pass_spatial,pass_spatial,8.410930223669302e-12,hnc_wu2022,True,mixing_celltype_density
motif_cd8_high,control,ig,15,0.9710491738795718,1.0,0.7828692395933133,0.7689353680533295,2.519466626058276,1.0,0.1983883071606981,0.7651127798795276,0.5667244727188295,1.0,0.9666666666666668,0.9666666666666668,0.9666666666666668,pass_control,pass_control,pass_control,1.0120322275644771e-13,hnc_wu2022,False,mixing_celltype_density
motif_immune_exclusion,spatial,ig,15,0.9246521777635164,1.0,0.4139986577465502,0.5278382441603529,2.785136286999021,1.0,0.1606779667644441,0.8100563274097935,0.6493783606453494,1.0,0.9666666666666668,0.9666666666666668,0.9666666666666668,pass_spatial,pass_spatial,pass_spatial,1.4695449352483405e-12,hnc_wu2022,True,mixing_celltype_density
motif_tumor_high,control,ig,15,0.9546842248374962,0.9333333333333332,0.8433590540947452,0.8337001461579945,2.647747651616825,0.9333333333333332,0.1437540848075667,0.8098602115530227,0.666106126745456,0.9333333333333332,0.9666666666666668,0.9666666666666668,0.9666666666666668,pass_control,pass_control,pass_control,4.15532438256689e-14,hnc_wu2022,False,mixing_celltype_density
motif_cd8_clustering,spatial,one_removed,15,0.8530006340868664,1.0,0.4455830811901439,0.3191953685846622,3.789093275480092,1.0,0.2488685790273253,0.6728671370836257,0.4239985580563001,1.0,0.9666666666666668,0.9666666666666668,0.9666666666666668,pass_spatial,pass_spatial,pass_spatial,3.740525121854351e-09,hnc_wu2022,True,mixing_celltype_density
motif_cd8_high,control,one_removed,15,0.9710491738795718,1.0,0.6110530645093079,0.6080918580050962,2.1270099046875184,1.0,0.2963121113408956,0.6841742666872469,0.3878621553463514,1.0,0.9666666666666668,0.9666666666666668,0.9666666666666668,pass_control,pass_control,pass_control,6.868452040611286e-14,hnc_wu2022,False,mixing_celltype_density
motif_immune_exclusion,spatial,one_removed,15,0.9246521777635164,1.0,0.3309213284249625,0.4632837091971115,2.477198874325541,1.0,0.2951188014882947,0.7070102864875442,0.4118914849992496,1.0,0.9666666666666668,0.9666666666666668,0.9666666666666668,pass_spatial,pass_spatial,pass_spatial,5.88310006506726e-11,hnc_wu2022,True,mixing_celltype_density
motif_tumor_high,control,one_removed,15,0.9546842248374962,0.9333333333333332,0.7674395039380686,0.75407794422335,2.4843423949244787,0.9333333333333332,0.2041416160084117,0.743328388816554,0.5391867728081422,0.9333333333333332,0.9666666666666668,0.9666666666666668,0.9666666666666668,pass_control,pass_control,pass_control,4.802656506574897e-14,hnc_wu2022,False,mixing_celltype_density
motif_cd8_clustering,spatial,random,15,0.8530006340868664,1.0,0.1904328376436445,0.1726496019505517,0.9701513572630128,0.0,0.4609152894297963,0.4559426209988643,-0.004972668430932,0.0,0.9666666666666668,0.0,0.0,abundance_only_or_fail,unfaithful_or_fail,abundance_only_or_fail,0.2062698885281508,hnc_wu2022,True,mixing_celltype_density
motif_cd8_high,control,random,15,0.9710491738795718,1.0,0.3822960441861319,0.4050362418234492,1.0022766779424976,0.0,0.5075772829274352,0.5056187229498789,-0.0019585599775563,0.0,0.9666666666666668,0.0,0.0,fail_control,fail_control,fail_control,0.6438016846319458,hnc_wu2022,False,mixing_celltype_density
motif_immune_exclusion,spatial,random,15,0.9246521777635164,1.0,0.1894597703002213,0.3668813007078871,0.9866286098333364,0.0,0.5112594685297058,0.5114073650205053,0.0001478964907995,0.0,0.9666666666666668,0.0,0.0,abundance_only_or_fail,unfaithful_or_fail,abundance_only_or_fail,0.7445626766681528,hnc_wu2022,True,mixing_celltype_density
motif_tumor_high,control,random,15,0.9546842248374962,0.9333333333333332,0.3495921349499536,0.3498756305016171,1.0051588775308444,0.0,0.4793550946468149,0.4774922950186923,-0.0018627996281227,0.0,0.9666666666666668,0.0,0.0,fail_control,fail_control,fail_control,0.2246813650882845,hnc_wu2022,False,mixing_celltype_density
motif_cd8_clustering,spatial,single,15,0.8530006340868664,1.0,0.4602688604638058,0.3336780574179945,3.685141254900319,1.0,0.0902579688640007,0.7920513952584862,0.7017934263944856,1.0,0.9666666666666668,0.9666666666666668,0.9666666666666668,pass_spatial,pass_spatial,pass_spatial,1.9859558458192034e-13,hnc_wu2022,True,mixing_celltype_density
motif_cd8_high,control,single,15,0.9710491738795718,1.0,0.8064316894702678,0.7994873858846798,2.610494830884214,1.0,0.1475588544799243,0.7724814298771506,0.6249225753972262,1.0,0.9666666666666668,0.9666666666666668,0.9666666666666668,pass_control,pass_control,pass_control,2.417425881239477e-15,hnc_wu2022,False,mixing_celltype_density
motif_immune_exclusion,spatial,single,15,0.9246521777635164,1.0,0.4255502309789759,0.5384175715010622,2.9675768993518785,1.0,0.1208546037079763,0.8336986545154195,0.7128440508074433,1.0,0.9666666666666668,0.9666666666666668,0.9666666666666668,pass_spatial,pass_spatial,pass_spatial,4.4188116723263376e-14,hnc_wu2022,True,mixing_celltype_density
motif_tumor_high,control,single,15,0.9546842248374962,0.9333333333333332,0.9003436154530257,0.8806680378979116,2.8339405683925336,0.9333333333333332,0.1505460727340325,0.81102964954337,0.6604835768093376,0.9333333333333332,0.9666666666666668,0.9666666666666668,0.9666666666666668,pass_control,pass_control,pass_control,7.638228207962773e-15,hnc_wu2022,False,mixing_celltype_density
motif_cd8_high,control,attention,15,0.973860347521411,1.0,0.7203392938389809,0.6959404276875615,1.694134652277475,0.9333333333333332,0.3824179959744514,0.5317955169498546,0.1493775209754032,1.0,1.0,0.6,0.5666666666666667,pass_control,pass_control,pass_control,4.312624721484108e-09,tnbc_wang2023,True,mixing_celltype_density
motif_tumor_high,control,attention,15,0.9678569592468834,1.0,0.4878033059727532,0.4638631334251792,1.290444921883405,0.2666666666666666,0.5273332992908828,0.5185632579922277,-0.0087700412986548,0.4,1.0,0.6,0.5666666666666667,fail_control,fail_control,fail_control,0.9375458842013132,tnbc_wang2023,False,mixing_celltype_density
motif_cd8_high,control,ig,15,0.973860347521411,1.0,0.8460183168463691,0.8390436672452731,2.108208411136709,1.0,0.2831773922697901,0.6794405151237031,0.3962631228539129,1.0,1.0,1.0,1.0,pass_control,pass_control,pass_control,5.7060230706047035e-15,tnbc_wang2023,True,mixing_celltype_density
motif_tumor_high,control,ig,15,0.9678569592468834,1.0,0.7957145960045449,0.8101250060073254,2.3898673028243635,1.0,0.2773200566462256,0.7309917170379898,0.4536716603917642,1.0,1.0,1.0,1.0,pass_control,pass_control,pass_control,2.790698158465461e-15,tnbc_wang2023,False,mixing_celltype_density
motif_cd8_high,control,one_removed,15,0.973860347521411,1.0,0.7828849862986095,0.7619433025087429,2.05878801107282,1.0,0.3454651173410797,0.6544802134878857,0.3090150961468058,1.0,1.0,1.0,1.0,pass_control,pass_control,pass_control,6.93338498227434e-13,tnbc_wang2023,True,mixing_celltype_density
motif_tumor_high,control,one_removed,15,0.9678569592468834,1.0,0.6984560493548884,0.7057640680858389,2.1746516770952677,1.0,0.3280280526093721,0.6907948872085257,0.3627668345991535,1.0,1.0,1.0,1.0,pass_control,pass_control,pass_control,8.112572595879454e-14,tnbc_wang2023,False,mixing_celltype_density
motif_cd8_high,control,random,15,0.973860347521411,1.0,0.558495290211722,0.5729309799174536,1.0119126068153197,0.0,0.5101930738054592,0.512905155751638,0.0027120819461787,0.0,1.0,0.0,0.0,fail_control,fail_control,fail_control,0.0092987607433248,tnbc_wang2023,True,mixing_celltype_density
motif_tumor_high,control,random,15,0.9678569592468834,1.0,0.3971719058146561,0.4016218271063163,1.004455118709429,0.0,0.5098350202962628,0.5138526445428654,0.0040176242466027,0.0,1.0,0.0,0.0,fail_control,fail_control,fail_control,0.424176301857848,tnbc_wang2023,False,mixing_celltype_density
motif_cd8_high,control,single,15,0.973860347521411,1.0,0.8512363232485861,0.8640020639954091,2.1041120656667847,1.0,0.2491448427126028,0.6789141460011575,0.4297693032885548,1.0,1.0,1.0,1.0,pass_control,pass_control,pass_control,4.621432247886983e-17,tnbc_wang2023,True,mixing_celltype_density
motif_tumor_high,control,single,15,0.9678569592468834,1.0,0.8185675009505045,0.8334526755326069,2.4823453671038025,1.0,0.2662632908887577,0.7382605491338822,0.4719972582451245,1.0,1.0,1.0,1.0,pass_control,pass_control,pass_control,3.066597636944777e-15,tnbc_wang2023,False,mixing_celltype_density
motif_cd8_high,control,attention,15,0.9544191932878388,1.0,0.8412585996144772,0.8467675933485245,1.549738909683178,0.0,0.3417884619293383,0.523067266090334,0.1812788041609958,0.8,1.0,0.2333333333333333,0.2,fail_control,pass_control,fail_control,1.3102312345582109e-10,bc_metabric_ali2020,False,mixing_celltype_density
motif_interface_immune,spatial,attention,15,0.6281993565059459,0.8,0.4543818492650814,0.4119875085819793,1.3364118401486549,0.2,0.3987031083168755,0.4820342752962441,0.0833311669793687,0.2666666666666666,1.0,0.2333333333333333,0.2,abundance_only_or_fail,unfaithful_or_fail,abundance_only_or_fail,0.0038473553075727,bc_metabric_ali2020,True,mixing_celltype_density
motif_tumor_high,control,attention,15,0.9690308363336688,1.0,0.4866224919578302,0.4818149090508545,1.2507476268947155,0.4666666666666667,0.4637216478265365,0.5228791957494796,0.0591575479229431,0.6,1.0,0.2333333333333333,0.2,fail_control,pass_control,fail_control,4.429787764470955e-05,bc_metabric_ali2020,False,mixing_celltype_density
motif_tumor_stroma_mixing,spatial,attention,15,0.711175811658842,1.0,0.7403973513402327,0.6098716134776818,1.264638941931888,0.0,0.7003956860891801,0.4511691563718162,-0.2492265297173636,0.0,1.0,0.2333333333333333,0.2,abundance_only_or_fail,unfaithful_or_fail,abundance_only_or_fail,0.9999999998842194,bc_metabric_ali2020,True,mixing_celltype_density
motif_cd8_high,control,ig,15,0.9544191932878388,1.0,0.8725936545479875,0.8654446272823013,1.6847456516647918,0.0,0.2832403942049902,0.6884688550878622,0.4052284608828719,1.0,1.0,0.5,0.5,fail_control,pass_control,fail_control,6.329028243512587e-14,bc_metabric_ali2020,False,mixing_celltype_density
motif_interface_immune,spatial,ig,15,0.6281993565059459,0.8,0.4486707455362129,0.4153873900005698,1.467029010181669,0.5333333333333333,0.1578918971708846,0.8082874152907081,0.6503955181198234,0.8,1.0,0.5,0.5,pass_spatial,pass_spatial,pass_spatial,2.3206693368506863e-11,bc_metabric_ali2020,True,mixing_celltype_density
motif_tumor_high,control,ig,15,0.9690308363336688,1.0,0.7195435357894454,0.7270569313438887,2.1270196054248527,1.0,0.2791908693984778,0.7338067413450029,0.454615871946525,1.0,1.0,0.5,0.5,pass_control,pass_control,pass_control,3.294083192187296e-15,bc_metabric_ali2020,False,mixing_celltype_density
motif_tumor_stroma_mixing,spatial,ig,15,0.711175811658842,1.0,0.6964534037035227,0.5461595634805448,1.158085515509985,0.0,0.2137637201140677,0.8260045985686203,0.6122408784545527,1.0,1.0,0.5,0.5,abundance_only_or_fail,pass_spatial,faithful_but_wrong_place,1.1702403679620779e-11,bc_metabric_ali2020,True,mixing_celltype_density
motif_cd8_high,control,one_removed,15,0.9544191932878388,1.0,0.8102192422620091,0.7976749775053309,1.6092619710953726,0.0,0.3561765045482171,0.6439967732200301,0.2878202686718128,1.0,1.0,0.5,0.5,fail_control,pass_control,fail_control,2.569338822563694e-12,bc_metabric_ali2020,False,mixing_celltype_density
motif_interface_immune,spatial,one_removed,15,0.6281993565059459,0.8,0.438056130887295,0.402508942375167,1.4591152806802885,0.6,0.2155104141267997,0.7530619492992692,0.5375515351724695,0.8,1.0,0.5,0.5,pass_spatial,pass_spatial,pass_spatial,9.190942548191955e-12,bc_metabric_ali2020,True,mixing_celltype_density
motif_tumor_high,control,one_removed,15,0.9690308363336688,1.0,0.6178357168202463,0.6138172070396588,1.9199341298701884,1.0,0.3455426691137332,0.6849797639322728,0.3394370948185395,1.0,1.0,0.5,0.5,pass_control,pass_control,pass_control,9.122813367111526e-13,bc_metabric_ali2020,False,mixing_celltype_density
motif_tumor_stroma_mixing,spatial,one_removed,15,0.711175811658842,1.0,0.6965886026159874,0.545828555479075,1.13920340445834,0.0,0.2420144795991737,0.7423404395943883,0.5003259599952147,1.0,1.0,0.5,0.5,abundance_only_or_fail,pass_spatial,faithful_but_wrong_place,1.4277571270295552e-11,bc_metabric_ali2020,True,mixing_celltype_density
motif_cd8_high,control,random,15,0.9544191932878388,1.0,0.7092956814435027,0.7301943384638109,1.0049954707131463,0.0,0.4971620001223937,0.4933001399345022,-0.0038618601878913,0.0,1.0,0.0,0.0,fail_control,fail_control,fail_control,0.9972997754043118,bc_metabric_ali2020,False,mixing_celltype_density
motif_interface_immune,spatial,random,15,0.6281993565059459,0.8,0.3855257578202138,0.3540566335061867,1.0282246104543844,0.0,0.4717523683782847,0.4721344729734644,0.0003821045951795,0.0666666666666666,1.0,0.0,0.0,abundance_only_or_fail,unfaithful_or_fail,abundance_only_or_fail,0.4562051104176489,bc_metabric_ali2020,True,mixing_celltype_density
motif_tumor_high,control,random,15,0.9690308363336688,1.0,0.4023831183502798,0.4028136407126068,0.994817755985688,0.0,0.5204040969753403,0.5246030940183687,0.0041989970430284,0.0,1.0,0.0,0.0,fail_control,fail_control,fail_control,0.5798973255231905,bc_metabric_ali2020,False,mixing_celltype_density
motif_tumor_stroma_mixing,spatial,random,15,0.711175811658842,1.0,0.669170495393854,0.5238764439719166,1.0093910589632824,0.0,0.488589761453416,0.4889401494631877,0.0003503880097717,0.0,1.0,0.0,0.0,abundance_only_or_fail,unfaithful_or_fail,abundance_only_or_fail,0.5457685603083331,bc_metabric_ali2020,True,mixing_celltype_density
motif_cd8_high,control,single,15,0.9544191932878388,1.0,0.8876755379014176,0.9022179550892606,1.6763579131450694,0.0666666666666666,0.2190444805614533,0.6985835858761746,0.4795391053147212,1.0,1.0,0.5333333333333333,0.5333333333333333,fail_control,pass_control,fail_control,1.1384947852138496e-15,bc_metabric_ali2020,False,mixing_celltype_density
motif_interface_immune,spatial,single,15,0.6281993565059459,0.8,0.4582968302543515,0.4255845772961698,1.50659321576339,0.6,0.1128613978028809,0.8309301216218463,0.7180687238189655,0.8,1.0,0.5333333333333333,0.5333333333333333,pass_spatial,pass_spatial,pass_spatial,7.190338924142219e-11,bc_metabric_ali2020,True,mixing_celltype_density
motif_tumor_high,control,single,15,0.9690308363336688,1.0,0.7465118846080808,0.7560254393454922,2.250295810776261,1.0,0.2609366947844139,0.7433452324167334,0.4824085376323195,1.0,1.0,0.5333333333333333,0.5333333333333333,pass_control,pass_control,pass_control,3.5210315711618093e-16,bc_metabric_ali2020,False,mixing_celltype_density
motif_tumor_stroma_mixing,spatial,single,15,0.711175811658842,1.0,0.6613102842853471,0.5300923874250533,0.966229058485144,0.0,0.1942949755127772,0.8733097271699468,0.6790147516571696,1.0,1.0,0.5333333333333333,0.5333333333333333,abundance_only_or_fail,pass_spatial,faithful_but_wrong_place,2.4580273311188515e-12,bc_metabric_ali2020,True,mixing_celltype_density
