top1,hits_at_1,hits_at_3,hits_at_5,hit_at_1,precision_at_3,precision_at_5,mrr,best_hit_rank,miss_as_top1,family,dataset,task,kind,method,seed,fold,n_hit_candidates,recall_at_1,recall_at_3,recall_at_5
composition::Tumor (Myoepithelial),0,0,0,0,0.0,0.0,0.0,,False,composition,bc_jackson2020,motif_apc_t_contact,spatial,lasso,0,0,0,0.0,0.0,0.0
composition::Tumor (Proliferative),0,0,0,0,0.0,0.0,0.0,,False,composition,bc_jackson2020,motif_apc_t_contact,spatial,lasso,0,1,0,0.0,0.0,0.0
composition::Tumor (Myoepithelial),0,0,0,0,0.0,0.0,0.0,,False,composition,bc_jackson2020,motif_apc_t_contact,spatial,lasso,0,2,0,0.0,0.0,0.0
composition::Tumor (Myoepithelial),0,0,0,0,0.0,0.0,0.0,,False,composition,bc_jackson2020,motif_apc_t_contact,spatial,lasso,0,3,0,0.0,0.0,0.0
composition::Tumor (Myoepithelial),0,0,0,0,0.0,0.0,0.0,,False,composition,bc_jackson2020,motif_apc_t_contact,spatial,lasso,0,4,0,0.0,0.0,0.0
composition::Tumor (Myoepithelial),0,0,0,0,0.0,0.0,0.0,,False,composition,bc_jackson2020,motif_apc_t_contact,spatial,lasso,1,0,0,0.0,0.0,0.0
composition::Tumor (Proliferative),0,0,0,0,0.0,0.0,0.0,,False,composition,bc_jackson2020,motif_apc_t_contact,spatial,lasso,1,1,0,0.0,0.0,0.0
composition::Tumor (Myoepithelial),0,0,0,0,0.0,0.0,0.0,,False,composition,bc_jackson2020,motif_apc_t_contact,spatial,lasso,1,2,0,0.0,0.0,0.0
composition::Tumor (Myoepithelial),0,0,0,0,0.0,0.0,0.0,,False,composition,bc_jackson2020,motif_apc_t_contact,spatial,lasso,1,3,0,0.0,0.0,0.0
composition::Tumor (Myoepithelial),0,0,0,0,0.0,0.0,0.0,,False,composition,bc_jackson2020,motif_apc_t_contact,spatial,lasso,1,4,0,0.0,0.0,0.0
composition::Tumor (Proliferative),0,0,0,0,0.0,0.0,0.0,,False,composition,bc_jackson2020,motif_apc_t_contact,spatial,lasso,2,0,0,0.0,0.0,0.0
composition::Tumor (Myoepithelial),0,0,0,0,0.0,0.0,0.0,,False,composition,bc_jackson2020,motif_apc_t_contact,spatial,lasso,2,1,0,0.0,0.0,0.0
composition::Stromal cells,0,0,0,0,0.0,0.0,0.0,,False,composition,bc_jackson2020,motif_apc_t_contact,spatial,lasso,2,2,0,0.0,0.0,0.0
composition::Tumor (Proliferative),0,0,0,0,0.0,0.0,0.0,,False,composition,bc_jackson2020,motif_apc_t_contact,spatial,lasso,2,3,0,0.0,0.0,0.0
composition::Tumor (Myoepithelial),0,0,0,0,0.0,0.0,0.0,,False,composition,bc_jackson2020,motif_apc_t_contact,spatial,lasso,2,4,0,0.0,0.0,0.0
composition::Stromal cells,0,0,0,0,0.0,0.0,0.0,,False,composition,bc_jackson2020,motif_apc_t_contact,spatial,shap,0,0,0,0.0,0.0,0.0
composition::Stromal cells,0,0,0,0,0.0,0.0,0.0,,False,composition,bc_jackson2020,motif_apc_t_contact,spatial,shap,0,1,0,0.0,0.0,0.0
composition::T & B cells,0,0,0,0,0.0,0.0,0.0,,False,composition,bc_jackson2020,motif_apc_t_contact,spatial,shap,0,2,0,0.0,0.0,0.0
composition::Endothelial,0,0,0,0,0.0,0.0,0.0,,False,composition,bc_jackson2020,motif_apc_t_contact,spatial,shap,0,3,0,0.0,0.0,0.0
composition::Stromal cells,0,0,0,0,0.0,0.0,0.0,,False,composition,bc_jackson2020,motif_apc_t_contact,spatial,shap,0,4,0,0.0,0.0,0.0
composition::Stromal cells,0,0,0,0,0.0,0.0,0.0,,False,composition,bc_jackson2020,motif_apc_t_contact,spatial,shap,1,0,0,0.0,0.0,0.0
composition::Stromal cells,0,0,0,0,0.0,0.0,0.0,,False,composition,bc_jackson2020,motif_apc_t_contact,spatial,shap,1,1,0,0.0,0.0,0.0
composition::Tumor (Myoepithelial),0,0,0,0,0.0,0.0,0.0,,False,composition,bc_jackson2020,motif_apc_t_contact,spatial,shap,1,2,0,0.0,0.0,0.0
composition::Stromal cells,0,0,0,0,0.0,0.0,0.0,,False,composition,bc_jackson2020,motif_apc_t_contact,spatial,shap,1,3,0,0.0,0.0,0.0
composition::Tumor (Myoepithelial),0,0,0,0,0.0,0.0,0.0,,False,composition,bc_jackson2020,motif_apc_t_contact,spatial,shap,1,4,0,0.0,0.0,0.0
composition::Tumor (Proliferative),0,0,0,0,0.0,0.0,0.0,,False,composition,bc_jackson2020,motif_apc_t_contact,spatial,shap,2,0,0,0.0,0.0,0.0
composition::Stromal cells,0,0,0,0,0.0,0.0,0.0,,False,composition,bc_jackson2020,motif_apc_t_contact,spatial,shap,2,1,0,0.0,0.0,0.0
composition::Stromal cells,0,0,0,0,0.0,0.0,0.0,,False,composition,bc_jackson2020,motif_apc_t_contact,spatial,shap,2,2,0,0.0,0.0,0.0
composition::Stromal cells,0,0,0,0,0.0,0.0,0.0,,False,composition,bc_jackson2020,motif_apc_t_contact,spatial,shap,2,3,0,0.0,0.0,0.0
composition::Tumor (Myoepithelial),0,0,0,0,0.0,0.0,0.0,,False,composition,bc_jackson2020,motif_apc_t_contact,spatial,shap,2,4,0,0.0,0.0,0.0
composition::Macrophage,0,0,0,0,0.0,0.0,0.0,,False,composition,bc_jackson2020,motif_cd8_tumor_contact,spatial,lasso,0,0,0,0.0,0.0,0.0
composition::Macrophage,0,0,0,0,0.0,0.0,0.0,,False,composition,bc_jackson2020,motif_cd8_tumor_contact,spatial,lasso,0,1,0,0.0,0.0,0.0
composition::Macrophage,0,0,0,0,0.0,0.0,0.0,,False,composition,bc_jackson2020,motif_cd8_tumor_contact,spatial,lasso,0,2,0,0.0,0.0,0.0
composition::Tumor (Myoepithelial),0,0,0,0,0.0,0.0,0.0,,True,composition,bc_jackson2020,motif_cd8_tumor_contact,spatial,lasso,0,3,0,0.0,0.0,0.0
composition::Macrophage,0,0,0,0,0.0,0.0,0.0,,False,composition,bc_jackson2020,motif_cd8_tumor_contact,spatial,lasso,0,4,0,0.0,0.0,0.0
composition::Macrophage,0,0,0,0,0.0,0.0,0.0,,False,composition,bc_jackson2020,motif_cd8_tumor_contact,spatial,lasso,1,0,0,0.0,0.0,0.0
composition::Macrophage,0,0,0,0,0.0,0.0,0.0,,False,composition,bc_jackson2020,motif_cd8_tumor_contact,spatial,lasso,1,1,0,0.0,0.0,0.0
composition::Macrophage,0,0,0,0,0.0,0.0,0.0,,False,composition,bc_jackson2020,motif_cd8_tumor_contact,spatial,lasso,1,2,0,0.0,0.0,0.0
composition::Tumor (Myoepithelial),0,0,0,0,0.0,0.0,0.0,,True,composition,bc_jackson2020,motif_cd8_tumor_contact,spatial,lasso,1,3,0,0.0,0.0,0.0
composition::Macrophage,0,0,0,0,0.0,0.0,0.0,,False,composition,bc_jackson2020,motif_cd8_tumor_contact,spatial,lasso,1,4,0,0.0,0.0,0.0
composition::Macrophage,0,0,0,0,0.0,0.0,0.0,,False,composition,bc_jackson2020,motif_cd8_tumor_contact,spatial,lasso,2,0,0,0.0,0.0,0.0
composition::Macrophage,0,0,0,0,0.0,0.0,0.0,,False,composition,bc_jackson2020,motif_cd8_tumor_contact,spatial,lasso,2,1,0,0.0,0.0,0.0
composition::Macrophage,0,0,0,0,0.0,0.0,0.0,,False,composition,bc_jackson2020,motif_cd8_tumor_contact,spatial,lasso,2,2,0,0.0,0.0,0.0
composition::Macrophage,0,0,0,0,0.0,0.0,0.0,,False,composition,bc_jackson2020,motif_cd8_tumor_contact,spatial,lasso,2,3,0,0.0,0.0,0.0
composition::Tumor (p53+ EGFR+),0,0,0,0,0.0,0.0,0.0,,True,composition,bc_jackson2020,motif_cd8_tumor_contact,spatial,lasso,2,4,0,0.0,0.0,0.0
composition::Macrophage,0,0,0,0,0.0,0.0,0.0,,False,composition,bc_jackson2020,motif_cd8_tumor_contact,spatial,shap,0,0,0,0.0,0.0,0.0
composition::Macrophage,0,0,0,0,0.0,0.0,0.0,,False,composition,bc_jackson2020,motif_cd8_tumor_contact,spatial,shap,0,1,0,0.0,0.0,0.0
composition::Macrophage,0,0,0,0,0.0,0.0,0.0,,False,composition,bc_jackson2020,motif_cd8_tumor_contact,spatial,shap,0,2,0,0.0,0.0,0.0
composition::Tumor (Myoepithelial),0,0,0,0,0.0,0.0,0.0,,True,composition,bc_jackson2020,motif_cd8_tumor_contact,spatial,shap,0,3,0,0.0,0.0,0.0
composition::Macrophage,0,0,0,0,0.0,0.0,0.0,,False,composition,bc_jackson2020,motif_cd8_tumor_contact,spatial,shap,0,4,0,0.0,0.0,0.0
composition::Tumor (Myoepithelial),0,0,0,0,0.0,0.0,0.0,,True,composition,bc_jackson2020,motif_cd8_tumor_contact,spatial,shap,1,0,0,0.0,0.0,0.0
composition::Macrophage,0,0,0,0,0.0,0.0,0.0,,False,composition,bc_jackson2020,motif_cd8_tumor_contact,spatial,shap,1,1,0,0.0,0.0,0.0
composition::Macrophage,0,0,0,0,0.0,0.0,0.0,,False,composition,bc_jackson2020,motif_cd8_tumor_contact,spatial,shap,1,2,0,0.0,0.0,0.0
composition::Tumor (Myoepithelial),0,0,0,0,0.0,0.0,0.0,,True,composition,bc_jackson2020,motif_cd8_tumor_contact,spatial,shap,1,3,0,0.0,0.0,0.0
composition::Macrophage,0,0,0,0,0.0,0.0,0.0,,False,composition,bc_jackson2020,motif_cd8_tumor_contact,spatial,shap,1,4,0,0.0,0.0,0.0
composition::Macrophage,0,0,0,0,0.0,0.0,0.0,,False,composition,bc_jackson2020,motif_cd8_tumor_contact,spatial,shap,2,0,0,0.0,0.0,0.0
composition::Tumor (Myoepithelial),0,0,0,0,0.0,0.0,0.0,,True,composition,bc_jackson2020,motif_cd8_tumor_contact,spatial,shap,2,1,0,0.0,0.0,0.0
composition::Macrophage,0,0,0,0,0.0,0.0,0.0,,False,composition,bc_jackson2020,motif_cd8_tumor_contact,spatial,shap,2,2,0,0.0,0.0,0.0
composition::Macrophage,0,0,0,0,0.0,0.0,0.0,,False,composition,bc_jackson2020,motif_cd8_tumor_contact,spatial,shap,2,3,0,0.0,0.0,0.0
composition::Macrophage,0,0,0,0,0.0,0.0,0.0,,False,composition,bc_jackson2020,motif_cd8_tumor_contact,spatial,shap,2,4,0,0.0,0.0,0.0
composition::Tumor (CK lo HR lo),0,0,0,0,0.0,0.0,0.0,,True,composition,bc_jackson2020,motif_macrophage_tumor_niche,spatial,lasso,0,0,0,0.0,0.0,0.0
composition::Tumor (p53+ EGFR+),0,0,0,0,0.0,0.0,0.0,,True,composition,bc_jackson2020,motif_macrophage_tumor_niche,spatial,lasso,0,1,0,0.0,0.0,0.0
composition::Tumor (CK lo HR lo),0,0,0,0,0.0,0.0,0.0,,True,composition,bc_jackson2020,motif_macrophage_tumor_niche,spatial,lasso,0,2,0,0.0,0.0,0.0
composition::Tumor (CK lo HR lo),0,0,0,0,0.0,0.0,0.0,,True,composition,bc_jackson2020,motif_macrophage_tumor_niche,spatial,lasso,0,3,0,0.0,0.0,0.0
composition::Tumor (CK lo HR lo),0,0,0,0,0.0,0.0,0.0,,True,composition,bc_jackson2020,motif_macrophage_tumor_niche,spatial,lasso,0,4,0,0.0,0.0,0.0
composition::Tumor (CK lo HR lo),0,0,0,0,0.0,0.0,0.0,,True,composition,bc_jackson2020,motif_macrophage_tumor_niche,spatial,lasso,1,0,0,0.0,0.0,0.0
composition::Tumor (CK lo HR lo),0,0,0,0,0.0,0.0,0.0,,True,composition,bc_jackson2020,motif_macrophage_tumor_niche,spatial,lasso,1,1,0,0.0,0.0,0.0
composition::Tumor (CK lo HR lo),0,0,0,0,0.0,0.0,0.0,,True,composition,bc_jackson2020,motif_macrophage_tumor_niche,spatial,lasso,1,2,0,0.0,0.0,0.0
composition::Tumor (CK lo HR lo),0,0,0,0,0.0,0.0,0.0,,True,composition,bc_jackson2020,motif_macrophage_tumor_niche,spatial,lasso,1,3,0,0.0,0.0,0.0
composition::Tumor (CK lo HR lo),0,0,0,0,0.0,0.0,0.0,,True,composition,bc_jackson2020,motif_macrophage_tumor_niche,spatial,lasso,1,4,0,0.0,0.0,0.0
composition::Tumor (Myoepithelial),0,0,0,0,0.0,0.0,0.0,,True,composition,bc_jackson2020,motif_macrophage_tumor_niche,spatial,lasso,2,0,0,0.0,0.0,0.0
composition::Tumor (CK lo HR lo),0,0,0,0,0.0,0.0,0.0,,True,composition,bc_jackson2020,motif_macrophage_tumor_niche,spatial,lasso,2,1,0,0.0,0.0,0.0
composition::Tumor (p53+ EGFR+),0,0,0,0,0.0,0.0,0.0,,True,composition,bc_jackson2020,motif_macrophage_tumor_niche,spatial,lasso,2,2,0,0.0,0.0,0.0
composition::Tumor (CK lo HR lo),0,0,0,0,0.0,0.0,0.0,,True,composition,bc_jackson2020,motif_macrophage_tumor_niche,spatial,lasso,2,3,0,0.0,0.0,0.0
composition::Tumor (CK lo HR lo),0,0,0,0,0.0,0.0,0.0,,True,composition,bc_jackson2020,motif_macrophage_tumor_niche,spatial,lasso,2,4,0,0.0,0.0,0.0
composition::Tumor (CK lo HR lo),0,0,0,0,0.0,0.0,0.0,,True,composition,bc_jackson2020,motif_macrophage_tumor_niche,spatial,shap,0,0,0,0.0,0.0,0.0
composition::Tumor (CK lo HR lo),0,0,0,0,0.0,0.0,0.0,,True,composition,bc_jackson2020,motif_macrophage_tumor_niche,spatial,shap,0,1,0,0.0,0.0,0.0
composition::Tumor (CK lo HR lo),0,0,0,0,0.0,0.0,0.0,,True,composition,bc_jackson2020,motif_macrophage_tumor_niche,spatial,shap,0,2,0,0.0,0.0,0.0
composition::Tumor (CK lo HR lo),0,0,0,0,0.0,0.0,0.0,,True,composition,bc_jackson2020,motif_macrophage_tumor_niche,spatial,shap,0,3,0,0.0,0.0,0.0
composition::Tumor (CK lo HR lo),0,0,0,0,0.0,0.0,0.0,,True,composition,bc_jackson2020,motif_macrophage_tumor_niche,spatial,shap,0,4,0,0.0,0.0,0.0
composition::T & B cells,0,0,0,0,0.0,0.0,0.0,,False,composition,bc_jackson2020,motif_macrophage_tumor_niche,spatial,shap,1,0,0,0.0,0.0,0.0
composition::Tumor (CK lo HR lo),0,0,0,0,0.0,0.0,0.0,,True,composition,bc_jackson2020,motif_macrophage_tumor_niche,spatial,shap,1,1,0,0.0,0.0,0.0
composition::Tumor (CK lo HR lo),0,0,0,0,0.0,0.0,0.0,,True,composition,bc_jackson2020,motif_macrophage_tumor_niche,spatial,shap,1,2,0,0.0,0.0,0.0
composition::Tumor (CK lo HR lo),0,0,0,0,0.0,0.0,0.0,,True,composition,bc_jackson2020,motif_macrophage_tumor_niche,spatial,shap,1,3,0,0.0,0.0,0.0
composition::Tumor (CK lo HR lo),0,0,0,0,0.0,0.0,0.0,,True,composition,bc_jackson2020,motif_macrophage_tumor_niche,spatial,shap,1,4,0,0.0,0.0,0.0
composition::Tumor (Myoepithelial),0,0,0,0,0.0,0.0,0.0,,True,composition,bc_jackson2020,motif_macrophage_tumor_niche,spatial,shap,2,0,0,0.0,0.0,0.0
composition::Tumor (CK lo HR lo),0,0,0,0,0.0,0.0,0.0,,True,composition,bc_jackson2020,motif_macrophage_tumor_niche,spatial,shap,2,1,0,0.0,0.0,0.0
composition::Tumor (CK lo HR lo),0,0,0,0,0.0,0.0,0.0,,True,composition,bc_jackson2020,motif_macrophage_tumor_niche,spatial,shap,2,2,0,0.0,0.0,0.0
composition::Tumor (CK lo HR lo),0,0,0,0,0.0,0.0,0.0,,True,composition,bc_jackson2020,motif_macrophage_tumor_niche,spatial,shap,2,3,0,0.0,0.0,0.0
composition::Tumor (CK lo HR lo),0,0,0,0,0.0,0.0,0.0,,True,composition,bc_jackson2020,motif_macrophage_tumor_niche,spatial,shap,2,4,0,0.0,0.0,0.0
composition::Macrophage,0,0,0,0,0.0,0.0,0.0,,False,composition,bc_jackson2020,motif_t_tumor_mixing,spatial,lasso,0,0,0,0.0,0.0,0.0
composition::Tumor (Myoepithelial),0,0,0,0,0.0,0.0,0.0,,True,composition,bc_jackson2020,motif_t_tumor_mixing,spatial,lasso,0,1,0,0.0,0.0,0.0
composition::Macrophage,0,0,0,0,0.0,0.0,0.0,,False,composition,bc_jackson2020,motif_t_tumor_mixing,spatial,lasso,0,2,0,0.0,0.0,0.0
composition::Macrophage,0,0,0,0,0.0,0.0,0.0,,False,composition,bc_jackson2020,motif_t_tumor_mixing,spatial,lasso,0,3,0,0.0,0.0,0.0
composition::Macrophage,0,0,0,0,0.0,0.0,0.0,,False,composition,bc_jackson2020,motif_t_tumor_mixing,spatial,lasso,0,4,0,0.0,0.0,0.0
composition::Macrophage,0,0,0,0,0.0,0.0,0.0,,False,composition,bc_jackson2020,motif_t_tumor_mixing,spatial,lasso,1,0,0,0.0,0.0,0.0
composition::Macrophage,0,0,0,0,0.0,0.0,0.0,,False,composition,bc_jackson2020,motif_t_tumor_mixing,spatial,lasso,1,1,0,0.0,0.0,0.0
composition::Macrophage,0,0,0,0,0.0,0.0,0.0,,False,composition,bc_jackson2020,motif_t_tumor_mixing,spatial,lasso,1,2,0,0.0,0.0,0.0
composition::Macrophage,0,0,0,0,0.0,0.0,0.0,,False,composition,bc_jackson2020,motif_t_tumor_mixing,spatial,lasso,1,3,0,0.0,0.0,0.0
composition::Macrophage,0,0,0,0,0.0,0.0,0.0,,False,composition,bc_jackson2020,motif_t_tumor_mixing,spatial,lasso,1,4,0,0.0,0.0,0.0
composition::Macrophage,0,0,0,0,0.0,0.0,0.0,,False,composition,bc_jackson2020,motif_t_tumor_mixing,spatial,lasso,2,0,0,0.0,0.0,0.0
composition::Macrophage,0,0,0,0,0.0,0.0,0.0,,False,composition,bc_jackson2020,motif_t_tumor_mixing,spatial,lasso,2,1,0,0.0,0.0,0.0
composition::Macrophage,0,0,0,0,0.0,0.0,0.0,,False,composition,bc_jackson2020,motif_t_tumor_mixing,spatial,lasso,2,2,0,0.0,0.0,0.0
composition::Macrophage,0,0,0,0,0.0,0.0,0.0,,False,composition,bc_jackson2020,motif_t_tumor_mixing,spatial,lasso,2,3,0,0.0,0.0,0.0
composition::Macrophage,0,0,0,0,0.0,0.0,0.0,,False,composition,bc_jackson2020,motif_t_tumor_mixing,spatial,lasso,2,4,0,0.0,0.0,0.0
composition::Macrophage,0,0,0,0,0.0,0.0,0.0,,False,composition,bc_jackson2020,motif_t_tumor_mixing,spatial,shap,0,0,0,0.0,0.0,0.0
composition::Tumor (p53+ EGFR+),0,0,0,0,0.0,0.0,0.0,,True,composition,bc_jackson2020,motif_t_tumor_mixing,spatial,shap,0,1,0,0.0,0.0,0.0
composition::Macrophage,0,0,0,0,0.0,0.0,0.0,,False,composition,bc_jackson2020,motif_t_tumor_mixing,spatial,shap,0,2,0,0.0,0.0,0.0
composition::Macrophage,0,0,0,0,0.0,0.0,0.0,,False,composition,bc_jackson2020,motif_t_tumor_mixing,spatial,shap,0,3,0,0.0,0.0,0.0
composition::Macrophage,0,0,0,0,0.0,0.0,0.0,,False,composition,bc_jackson2020,motif_t_tumor_mixing,spatial,shap,0,4,0,0.0,0.0,0.0
composition::Tumor (Myoepithelial),0,0,0,0,0.0,0.0,0.0,,True,composition,bc_jackson2020,motif_t_tumor_mixing,spatial,shap,1,0,0,0.0,0.0,0.0
composition::Macrophage,0,0,0,0,0.0,0.0,0.0,,False,composition,bc_jackson2020,motif_t_tumor_mixing,spatial,shap,1,1,0,0.0,0.0,0.0
composition::Macrophage,0,0,0,0,0.0,0.0,0.0,,False,composition,bc_jackson2020,motif_t_tumor_mixing,spatial,shap,1,2,0,0.0,0.0,0.0
composition::Macrophage,0,0,0,0,0.0,0.0,0.0,,False,composition,bc_jackson2020,motif_t_tumor_mixing,spatial,shap,1,3,0,0.0,0.0,0.0
composition::Macrophage,0,0,0,0,0.0,0.0,0.0,,False,composition,bc_jackson2020,motif_t_tumor_mixing,spatial,shap,1,4,0,0.0,0.0,0.0
composition::Macrophage,0,0,0,0,0.0,0.0,0.0,,False,composition,bc_jackson2020,motif_t_tumor_mixing,spatial,shap,2,0,0,0.0,0.0,0.0
composition::Macrophage,0,0,0,0,0.0,0.0,0.0,,False,composition,bc_jackson2020,motif_t_tumor_mixing,spatial,shap,2,1,0,0.0,0.0,0.0
composition::Macrophage,0,0,0,0,0.0,0.0,0.0,,False,composition,bc_jackson2020,motif_t_tumor_mixing,spatial,shap,2,2,0,0.0,0.0,0.0
composition::Macrophage,0,0,0,0,0.0,0.0,0.0,,False,composition,bc_jackson2020,motif_t_tumor_mixing,spatial,shap,2,3,0,0.0,0.0,0.0
composition::Macrophage,0,0,0,0,0.0,0.0,0.0,,False,composition,bc_jackson2020,motif_t_tumor_mixing,spatial,shap,2,4,0,0.0,0.0,0.0
composition::Stromal cells,0,1,2,0,0.3333333333333333,0.4,0.3333333333333333,3.0,False,composition,bc_jackson2020,motif_tumor_high,control,lasso,0,0,14,0.0,0.3333333333333333,0.4
composition::Stromal cells,0,1,2,0,0.3333333333333333,0.4,0.3333333333333333,3.0,False,composition,bc_jackson2020,motif_tumor_high,control,lasso,0,1,14,0.0,0.3333333333333333,0.4
composition::Stromal cells,0,1,2,0,0.3333333333333333,0.4,0.3333333333333333,3.0,False,composition,bc_jackson2020,motif_tumor_high,control,lasso,0,2,14,0.0,0.3333333333333333,0.4
composition::Stromal cells,0,1,2,0,0.3333333333333333,0.4,0.3333333333333333,3.0,False,composition,bc_jackson2020,motif_tumor_high,control,lasso,0,3,14,0.0,0.3333333333333333,0.4
composition::Stromal cells,0,1,2,0,0.3333333333333333,0.4,0.3333333333333333,3.0,False,composition,bc_jackson2020,motif_tumor_high,control,lasso,0,4,14,0.0,0.3333333333333333,0.4
composition::Stromal cells,0,1,2,0,0.3333333333333333,0.4,0.3333333333333333,3.0,False,composition,bc_jackson2020,motif_tumor_high,control,lasso,1,0,14,0.0,0.3333333333333333,0.4
composition::Stromal cells,0,1,2,0,0.3333333333333333,0.4,0.3333333333333333,3.0,False,composition,bc_jackson2020,motif_tumor_high,control,lasso,1,1,14,0.0,0.3333333333333333,0.4
composition::Stromal cells,0,1,2,0,0.3333333333333333,0.4,0.5,2.0,False,composition,bc_jackson2020,motif_tumor_high,control,lasso,1,2,14,0.0,0.3333333333333333,0.4
composition::Stromal cells,0,1,2,0,0.3333333333333333,0.4,0.3333333333333333,3.0,False,composition,bc_jackson2020,motif_tumor_high,control,lasso,1,3,14,0.0,0.3333333333333333,0.4
composition::Stromal cells,0,1,3,0,0.3333333333333333,0.6,0.3333333333333333,3.0,False,composition,bc_jackson2020,motif_tumor_high,control,lasso,1,4,14,0.0,0.3333333333333333,0.6
composition::Stromal cells,0,1,2,0,0.3333333333333333,0.4,0.3333333333333333,3.0,False,composition,bc_jackson2020,motif_tumor_high,control,lasso,2,0,14,0.0,0.3333333333333333,0.4
composition::Stromal cells,0,1,2,0,0.3333333333333333,0.4,0.3333333333333333,3.0,False,composition,bc_jackson2020,motif_tumor_high,control,lasso,2,1,14,0.0,0.3333333333333333,0.4
composition::Stromal cells,0,1,2,0,0.3333333333333333,0.4,0.3333333333333333,3.0,False,composition,bc_jackson2020,motif_tumor_high,control,lasso,2,2,14,0.0,0.3333333333333333,0.4
composition::Stromal cells,0,1,2,0,0.3333333333333333,0.4,0.3333333333333333,3.0,False,composition,bc_jackson2020,motif_tumor_high,control,lasso,2,3,14,0.0,0.3333333333333333,0.4
composition::Stromal cells,0,1,2,0,0.3333333333333333,0.4,0.3333333333333333,3.0,False,composition,bc_jackson2020,motif_tumor_high,control,lasso,2,4,14,0.0,0.3333333333333333,0.4
composition::Stromal cells,0,1,2,0,0.3333333333333333,0.4,0.3333333333333333,3.0,False,composition,bc_jackson2020,motif_tumor_high,control,shap,0,0,14,0.0,0.3333333333333333,0.4
composition::Stromal cells,0,1,3,0,0.3333333333333333,0.6,0.5,2.0,False,composition,bc_jackson2020,motif_tumor_high,control,shap,0,1,14,0.0,0.3333333333333333,0.6
composition::Stromal cells,0,1,2,0,0.3333333333333333,0.4,0.5,2.0,False,composition,bc_jackson2020,motif_tumor_high,control,shap,0,2,14,0.0,0.3333333333333333,0.4
composition::Stromal cells,0,1,2,0,0.3333333333333333,0.4,0.3333333333333333,3.0,False,composition,bc_jackson2020,motif_tumor_high,control,shap,0,3,14,0.0,0.3333333333333333,0.4
composition::Stromal cells,0,1,3,0,0.3333333333333333,0.6,0.3333333333333333,3.0,False,composition,bc_jackson2020,motif_tumor_high,control,shap,0,4,14,0.0,0.3333333333333333,0.6
composition::Stromal cells,0,1,2,0,0.3333333333333333,0.4,0.3333333333333333,3.0,False,composition,bc_jackson2020,motif_tumor_high,control,shap,1,0,14,0.0,0.3333333333333333,0.4
composition::Stromal cells,0,1,2,0,0.3333333333333333,0.4,0.3333333333333333,3.0,False,composition,bc_jackson2020,motif_tumor_high,control,shap,1,1,14,0.0,0.3333333333333333,0.4
composition::Stromal cells,0,1,3,0,0.3333333333333333,0.6,0.5,2.0,False,composition,bc_jackson2020,motif_tumor_high,control,shap,1,2,14,0.0,0.3333333333333333,0.6
composition::Stromal cells,0,1,2,0,0.3333333333333333,0.4,0.3333333333333333,3.0,False,composition,bc_jackson2020,motif_tumor_high,control,shap,1,3,14,0.0,0.3333333333333333,0.4
composition::Stromal cells,0,1,2,0,0.3333333333333333,0.4,0.3333333333333333,3.0,False,composition,bc_jackson2020,motif_tumor_high,control,shap,1,4,14,0.0,0.3333333333333333,0.4
composition::Stromal cells,0,1,2,0,0.3333333333333333,0.4,0.3333333333333333,3.0,False,composition,bc_jackson2020,motif_tumor_high,control,shap,2,0,14,0.0,0.3333333333333333,0.4
composition::Stromal cells,0,1,2,0,0.3333333333333333,0.4,0.3333333333333333,3.0,False,composition,bc_jackson2020,motif_tumor_high,control,shap,2,1,14,0.0,0.3333333333333333,0.4
composition::Stromal cells,0,1,2,0,0.3333333333333333,0.4,0.5,2.0,False,composition,bc_jackson2020,motif_tumor_high,control,shap,2,2,14,0.0,0.3333333333333333,0.4
composition::Stromal cells,0,1,2,0,0.3333333333333333,0.4,0.3333333333333333,3.0,False,composition,bc_jackson2020,motif_tumor_high,control,shap,2,3,14,0.0,0.3333333333333333,0.4
composition::Stromal cells,0,1,2,0,0.3333333333333333,0.4,0.3333333333333333,3.0,False,composition,bc_jackson2020,motif_tumor_high,control,shap,2,4,14,0.0,0.3333333333333333,0.4
composition::Myoepithelial,0,0,0,0,0.0,0.0,0.0,,False,composition,bc_metabric_ali2020,motif_interface_immune,spatial,lasso,0,0,0,0.0,0.0,0.0
composition::Myoepithelial,0,0,0,0,0.0,0.0,0.0,,False,composition,bc_metabric_ali2020,motif_interface_immune,spatial,lasso,0,1,0,0.0,0.0,0.0
composition::Myoepithelial,0,0,0,0,0.0,0.0,0.0,,False,composition,bc_metabric_ali2020,motif_interface_immune,spatial,lasso,0,2,0,0.0,0.0,0.0
composition::Myoepithelial,0,0,0,0,0.0,0.0,0.0,,False,composition,bc_metabric_ali2020,motif_interface_immune,spatial,lasso,0,3,0,0.0,0.0,0.0
composition::Myoepithelial,0,0,0,0,0.0,0.0,0.0,,False,composition,bc_metabric_ali2020,motif_interface_immune,spatial,lasso,0,4,0,0.0,0.0,0.0
composition::Myoepithelial,0,0,0,0,0.0,0.0,0.0,,False,composition,bc_metabric_ali2020,motif_interface_immune,spatial,lasso,1,0,0,0.0,0.0,0.0
composition::Myoepithelial,0,0,0,0,0.0,0.0,0.0,,False,composition,bc_metabric_ali2020,motif_interface_immune,spatial,lasso,1,1,0,0.0,0.0,0.0
composition::Myoepithelial,0,0,0,0,0.0,0.0,0.0,,False,composition,bc_metabric_ali2020,motif_interface_immune,spatial,lasso,1,2,0,0.0,0.0,0.0
composition::Myoepithelial,0,0,0,0,0.0,0.0,0.0,,False,composition,bc_metabric_ali2020,motif_interface_immune,spatial,lasso,1,3,0,0.0,0.0,0.0
composition::Myoepithelial,0,0,0,0,0.0,0.0,0.0,,False,composition,bc_metabric_ali2020,motif_interface_immune,spatial,lasso,1,4,0,0.0,0.0,0.0
composition::Myoepithelial,0,0,0,0,0.0,0.0,0.0,,False,composition,bc_metabric_ali2020,motif_interface_immune,spatial,lasso,2,0,0,0.0,0.0,0.0
composition::Myoepithelial,0,0,0,0,0.0,0.0,0.0,,False,composition,bc_metabric_ali2020,motif_interface_immune,spatial,lasso,2,1,0,0.0,0.0,0.0
composition::Myoepithelial,0,0,0,0,0.0,0.0,0.0,,False,composition,bc_metabric_ali2020,motif_interface_immune,spatial,lasso,2,2,0,0.0,0.0,0.0
composition::Myoepithelial,0,0,0,0,0.0,0.0,0.0,,False,composition,bc_metabric_ali2020,motif_interface_immune,spatial,lasso,2,3,0,0.0,0.0,0.0
composition::Myoepithelial,0,0,0,0,0.0,0.0,0.0,,False,composition,bc_metabric_ali2020,motif_interface_immune,spatial,lasso,2,4,0,0.0,0.0,0.0
composition::Myoepithelial,0,0,0,0,0.0,0.0,0.0,,False,composition,bc_metabric_ali2020,motif_interface_immune,spatial,shap,0,0,0,0.0,0.0,0.0
composition::Myoepithelial,0,0,0,0,0.0,0.0,0.0,,False,composition,bc_metabric_ali2020,motif_interface_immune,spatial,shap,0,1,0,0.0,0.0,0.0
composition::Myoepithelial,0,0,0,0,0.0,0.0,0.0,,False,composition,bc_metabric_ali2020,motif_interface_immune,spatial,shap,0,2,0,0.0,0.0,0.0
composition::Myoepithelial,0,0,0,0,0.0,0.0,0.0,,False,composition,bc_metabric_ali2020,motif_interface_immune,spatial,shap,0,3,0,0.0,0.0,0.0
composition::Myoepithelial,0,0,0,0,0.0,0.0,0.0,,False,composition,bc_metabric_ali2020,motif_interface_immune,spatial,shap,0,4,0,0.0,0.0,0.0
composition::Myoepithelial,0,0,0,0,0.0,0.0,0.0,,False,composition,bc_metabric_ali2020,motif_interface_immune,spatial,shap,1,0,0,0.0,0.0,0.0
composition::Myoepithelial,0,0,0,0,0.0,0.0,0.0,,False,composition,bc_metabric_ali2020,motif_interface_immune,spatial,shap,1,1,0,0.0,0.0,0.0
composition::Myoepithelial,0,0,0,0,0.0,0.0,0.0,,False,composition,bc_metabric_ali2020,motif_interface_immune,spatial,shap,1,2,0,0.0,0.0,0.0
composition::Myoepithelial,0,0,0,0,0.0,0.0,0.0,,False,composition,bc_metabric_ali2020,motif_interface_immune,spatial,shap,1,3,0,0.0,0.0,0.0
composition::Myoepithelial,0,0,0,0,0.0,0.0,0.0,,False,composition,bc_metabric_ali2020,motif_interface_immune,spatial,shap,1,4,0,0.0,0.0,0.0
composition::Myoepithelial,0,0,0,0,0.0,0.0,0.0,,False,composition,bc_metabric_ali2020,motif_interface_immune,spatial,shap,2,0,0,0.0,0.0,0.0
composition::Myoepithelial,0,0,0,0,0.0,0.0,0.0,,False,composition,bc_metabric_ali2020,motif_interface_immune,spatial,shap,2,1,0,0.0,0.0,0.0
composition::Myoepithelial,0,0,0,0,0.0,0.0,0.0,,False,composition,bc_metabric_ali2020,motif_interface_immune,spatial,shap,2,2,0,0.0,0.0,0.0
composition::Myoepithelial,0,0,0,0,0.0,0.0,0.0,,False,composition,bc_metabric_ali2020,motif_interface_immune,spatial,shap,2,3,0,0.0,0.0,0.0
composition::Hypoxia,0,0,0,0,0.0,0.0,0.0,,False,composition,bc_metabric_ali2020,motif_interface_immune,spatial,shap,2,4,0,0.0,0.0,0.0
composition::HR- CK7+,0,0,0,0,0.0,0.0,0.0,,False,composition,bc_metabric_ali2020,motif_tumor_stroma_mixing,spatial,lasso,0,0,0,0.0,0.0,0.0
composition::HR- Ki67+,0,0,0,0,0.0,0.0,0.0,,False,composition,bc_metabric_ali2020,motif_tumor_stroma_mixing,spatial,lasso,0,1,0,0.0,0.0,0.0
composition::HR- CK7+,0,0,0,0,0.0,0.0,0.0,,False,composition,bc_metabric_ali2020,motif_tumor_stroma_mixing,spatial,lasso,0,2,0,0.0,0.0,0.0
composition::HR- Ki67+,0,0,0,0,0.0,0.0,0.0,,False,composition,bc_metabric_ali2020,motif_tumor_stroma_mixing,spatial,lasso,0,3,0,0.0,0.0,0.0
composition::HR- CK7+,0,0,0,0,0.0,0.0,0.0,,False,composition,bc_metabric_ali2020,motif_tumor_stroma_mixing,spatial,lasso,0,4,0,0.0,0.0,0.0
composition::HR- CK7+,0,0,0,0,0.0,0.0,0.0,,False,composition,bc_metabric_ali2020,motif_tumor_stroma_mixing,spatial,lasso,1,0,0,0.0,0.0,0.0
composition::HR- Ki67+,0,0,0,0,0.0,0.0,0.0,,False,composition,bc_metabric_ali2020,motif_tumor_stroma_mixing,spatial,lasso,1,1,0,0.0,0.0,0.0
composition::HR- Ki67+,0,0,0,0,0.0,0.0,0.0,,False,composition,bc_metabric_ali2020,motif_tumor_stroma_mixing,spatial,lasso,1,2,0,0.0,0.0,0.0
composition::Fibroblasts CD68+,0,0,0,0,0.0,0.0,0.0,,False,composition,bc_metabric_ali2020,motif_tumor_stroma_mixing,spatial,lasso,1,3,0,0.0,0.0,0.0
composition::HR- CK7+,0,0,0,0,0.0,0.0,0.0,,False,composition,bc_metabric_ali2020,motif_tumor_stroma_mixing,spatial,lasso,1,4,0,0.0,0.0,0.0
composition::Fibroblasts CD68+,0,0,0,0,0.0,0.0,0.0,,False,composition,bc_metabric_ali2020,motif_tumor_stroma_mixing,spatial,lasso,2,0,0,0.0,0.0,0.0
composition::HR- CK7+,0,0,0,0,0.0,0.0,0.0,,False,composition,bc_metabric_ali2020,motif_tumor_stroma_mixing,spatial,lasso,2,1,0,0.0,0.0,0.0
composition::HR- CK7+,0,0,0,0,0.0,0.0,0.0,,False,composition,bc_metabric_ali2020,motif_tumor_stroma_mixing,spatial,lasso,2,2,0,0.0,0.0,0.0
composition::HR- Ki67+,0,0,0,0,0.0,0.0,0.0,,False,composition,bc_metabric_ali2020,motif_tumor_stroma_mixing,spatial,lasso,2,3,0,0.0,0.0,0.0
composition::HR- CK7+,0,0,0,0,0.0,0.0,0.0,,False,composition,bc_metabric_ali2020,motif_tumor_stroma_mixing,spatial,lasso,2,4,0,0.0,0.0,0.0
composition::Vascular SMA+,0,0,0,0,0.0,0.0,0.0,,False,composition,bc_metabric_ali2020,motif_tumor_stroma_mixing,spatial,shap,0,0,0,0.0,0.0,0.0
composition::Fibroblasts CD68+,0,0,0,0,0.0,0.0,0.0,,False,composition,bc_metabric_ali2020,motif_tumor_stroma_mixing,spatial,shap,0,1,0,0.0,0.0,0.0
composition::HR- CK7-,0,0,0,0,0.0,0.0,0.0,,False,composition,bc_metabric_ali2020,motif_tumor_stroma_mixing,spatial,shap,0,2,0,0.0,0.0,0.0
composition::HR- Ki67+,0,0,0,0,0.0,0.0,0.0,,False,composition,bc_metabric_ali2020,motif_tumor_stroma_mixing,spatial,shap,0,3,0,0.0,0.0,0.0
composition::HR- CK7+,0,0,0,0,0.0,0.0,0.0,,False,composition,bc_metabric_ali2020,motif_tumor_stroma_mixing,spatial,shap,0,4,0,0.0,0.0,0.0
composition::HR- CK7+,0,0,0,0,0.0,0.0,0.0,,False,composition,bc_metabric_ali2020,motif_tumor_stroma_mixing,spatial,shap,1,0,0,0.0,0.0,0.0
composition::HR- Ki67+,0,0,0,0,0.0,0.0,0.0,,False,composition,bc_metabric_ali2020,motif_tumor_stroma_mixing,spatial,shap,1,1,0,0.0,0.0,0.0
composition::Macrophages Vim+ Slug+,0,0,0,0,0.0,0.0,0.0,,False,composition,bc_metabric_ali2020,motif_tumor_stroma_mixing,spatial,shap,1,2,0,0.0,0.0,0.0
composition::Fibroblasts CD68+,0,0,0,0,0.0,0.0,0.0,,False,composition,bc_metabric_ali2020,motif_tumor_stroma_mixing,spatial,shap,1,3,0,0.0,0.0,0.0
composition::HR- CK7+,0,0,0,0,0.0,0.0,0.0,,False,composition,bc_metabric_ali2020,motif_tumor_stroma_mixing,spatial,shap,1,4,0,0.0,0.0,0.0
composition::HR- CK7+,0,0,0,0,0.0,0.0,0.0,,False,composition,bc_metabric_ali2020,motif_tumor_stroma_mixing,spatial,shap,2,0,0,0.0,0.0,0.0
composition::HR- CK7+,0,0,0,0,0.0,0.0,0.0,,False,composition,bc_metabric_ali2020,motif_tumor_stroma_mixing,spatial,shap,2,1,0,0.0,0.0,0.0
composition::HR- CK7+,0,0,0,0,0.0,0.0,0.0,,False,composition,bc_metabric_ali2020,motif_tumor_stroma_mixing,spatial,shap,2,2,0,0.0,0.0,0.0
composition::HR- Ki67+,0,0,0,0,0.0,0.0,0.0,,False,composition,bc_metabric_ali2020,motif_tumor_stroma_mixing,spatial,shap,2,3,0,0.0,0.0,0.0
composition::HR- CK7+,0,0,0,0,0.0,0.0,0.0,,False,composition,bc_metabric_ali2020,motif_tumor_stroma_mixing,spatial,shap,2,4,0,0.0,0.0,0.0
composition::CD8 T cell,0,0,0,0,0.0,0.0,0.0,,True,composition,hnc_wu2022,motif_cd8_clustering,spatial,lasso,0,0,0,0.0,0.0,0.0
composition::CD8 T cell,0,0,0,0,0.0,0.0,0.0,,True,composition,hnc_wu2022,motif_cd8_clustering,spatial,lasso,0,1,0,0.0,0.0,0.0
composition::CD8 T cell,0,0,0,0,0.0,0.0,0.0,,True,composition,hnc_wu2022,motif_cd8_clustering,spatial,lasso,0,2,0,0.0,0.0,0.0
composition::CD8 T cell,0,0,0,0,0.0,0.0,0.0,,True,composition,hnc_wu2022,motif_cd8_clustering,spatial,lasso,0,3,0,0.0,0.0,0.0
composition::CD8 T cell,0,0,0,0,0.0,0.0,0.0,,True,composition,hnc_wu2022,motif_cd8_clustering,spatial,lasso,0,4,0,0.0,0.0,0.0
composition::CD8 T cell,0,0,0,0,0.0,0.0,0.0,,True,composition,hnc_wu2022,motif_cd8_clustering,spatial,lasso,1,0,0,0.0,0.0,0.0
composition::APC/Dendritic cell,0,0,0,0,0.0,0.0,0.0,,False,composition,hnc_wu2022,motif_cd8_clustering,spatial,lasso,1,1,0,0.0,0.0,0.0
composition::CD8 T cell,0,0,0,0,0.0,0.0,0.0,,True,composition,hnc_wu2022,motif_cd8_clustering,spatial,lasso,1,2,0,0.0,0.0,0.0
composition::CD8 T cell,0,0,0,0,0.0,0.0,0.0,,True,composition,hnc_wu2022,motif_cd8_clustering,spatial,lasso,1,3,0,0.0,0.0,0.0
composition::CD8 T cell,0,0,0,0,0.0,0.0,0.0,,True,composition,hnc_wu2022,motif_cd8_clustering,spatial,lasso,1,4,0,0.0,0.0,0.0
composition::CD8 T cell,0,0,0,0,0.0,0.0,0.0,,True,composition,hnc_wu2022,motif_cd8_clustering,spatial,lasso,2,0,0,0.0,0.0,0.0
composition::CD8 T cell,0,0,0,0,0.0,0.0,0.0,,True,composition,hnc_wu2022,motif_cd8_clustering,spatial,lasso,2,1,0,0.0,0.0,0.0
composition::CD8 T cell,0,0,0,0,0.0,0.0,0.0,,True,composition,hnc_wu2022,motif_cd8_clustering,spatial,lasso,2,2,0,0.0,0.0,0.0
composition::CD8 T cell,0,0,0,0,0.0,0.0,0.0,,True,composition,hnc_wu2022,motif_cd8_clustering,spatial,lasso,2,3,0,0.0,0.0,0.0
composition::APC/Dendritic cell,0,0,0,0,0.0,0.0,0.0,,False,composition,hnc_wu2022,motif_cd8_clustering,spatial,lasso,2,4,0,0.0,0.0,0.0
composition::CD8 T cell,0,0,0,0,0.0,0.0,0.0,,True,composition,hnc_wu2022,motif_cd8_clustering,spatial,shap,0,0,0,0.0,0.0,0.0
composition::Granulocyte,0,0,0,0,0.0,0.0,0.0,,False,composition,hnc_wu2022,motif_cd8_clustering,spatial,shap,0,1,0,0.0,0.0,0.0
composition::CD8 T cell,0,0,0,0,0.0,0.0,0.0,,True,composition,hnc_wu2022,motif_cd8_clustering,spatial,shap,0,2,0,0.0,0.0,0.0
composition::Tumor (Proliferating),0,0,0,0,0.0,0.0,0.0,,False,composition,hnc_wu2022,motif_cd8_clustering,spatial,shap,0,3,0,0.0,0.0,0.0
composition::CD8 T cell,0,0,0,0,0.0,0.0,0.0,,True,composition,hnc_wu2022,motif_cd8_clustering,spatial,shap,0,4,0,0.0,0.0,0.0
composition::Tumor (Proliferating),0,0,0,0,0.0,0.0,0.0,,False,composition,hnc_wu2022,motif_cd8_clustering,spatial,shap,1,0,0,0.0,0.0,0.0
composition::APC/Dendritic cell,0,0,0,0,0.0,0.0,0.0,,False,composition,hnc_wu2022,motif_cd8_clustering,spatial,shap,1,1,0,0.0,0.0,0.0
composition::CD8 T cell,0,0,0,0,0.0,0.0,0.0,,True,composition,hnc_wu2022,motif_cd8_clustering,spatial,shap,1,2,0,0.0,0.0,0.0
composition::APC/Dendritic cell,0,0,0,0,0.0,0.0,0.0,,False,composition,hnc_wu2022,motif_cd8_clustering,spatial,shap,1,3,0,0.0,0.0,0.0
composition::CD8 T cell,0,0,0,0,0.0,0.0,0.0,,True,composition,hnc_wu2022,motif_cd8_clustering,spatial,shap,1,4,0,0.0,0.0,0.0
composition::CD8 T cell,0,0,0,0,0.0,0.0,0.0,,True,composition,hnc_wu2022,motif_cd8_clustering,spatial,shap,2,0,0,0.0,0.0,0.0
composition::Vessel,0,0,0,0,0.0,0.0,0.0,,False,composition,hnc_wu2022,motif_cd8_clustering,spatial,shap,2,1,0,0.0,0.0,0.0
composition::CD8 T cell,0,0,0,0,0.0,0.0,0.0,,True,composition,hnc_wu2022,motif_cd8_clustering,spatial,shap,2,2,0,0.0,0.0,0.0
composition::CD8 T cell,0,0,0,0,0.0,0.0,0.0,,True,composition,hnc_wu2022,motif_cd8_clustering,spatial,shap,2,3,0,0.0,0.0,0.0
composition::Granulocyte,0,0,0,0,0.0,0.0,0.0,,False,composition,hnc_wu2022,motif_cd8_clustering,spatial,shap,2,4,0,0.0,0.0,0.0
composition::CD8 T cell,0,0,0,0,0.0,0.0,0.0,,True,composition,hnc_wu2022,motif_immune_exclusion,spatial,lasso,0,0,0,0.0,0.0,0.0
composition::CD8 T cell,0,0,0,0,0.0,0.0,0.0,,True,composition,hnc_wu2022,motif_immune_exclusion,spatial,lasso,0,1,0,0.0,0.0,0.0
composition::CD8 T cell,0,0,0,0,0.0,0.0,0.0,,True,composition,hnc_wu2022,motif_immune_exclusion,spatial,lasso,0,2,0,0.0,0.0,0.0
composition::CD8 T cell,0,0,0,0,0.0,0.0,0.0,,True,composition,hnc_wu2022,motif_immune_exclusion,spatial,lasso,0,3,0,0.0,0.0,0.0
composition::CD8 T cell,0,0,0,0,0.0,0.0,0.0,,True,composition,hnc_wu2022,motif_immune_exclusion,spatial,lasso,0,4,0,0.0,0.0,0.0
composition::CD8 T cell,0,0,0,0,0.0,0.0,0.0,,True,composition,hnc_wu2022,motif_immune_exclusion,spatial,lasso,1,0,0,0.0,0.0,0.0
composition::CD8 T cell,0,0,0,0,0.0,0.0,0.0,,True,composition,hnc_wu2022,motif_immune_exclusion,spatial,lasso,1,1,0,0.0,0.0,0.0
composition::CD8 T cell,0,0,0,0,0.0,0.0,0.0,,True,composition,hnc_wu2022,motif_immune_exclusion,spatial,lasso,1,2,0,0.0,0.0,0.0
composition::CD8 T cell,0,0,0,0,0.0,0.0,0.0,,True,composition,hnc_wu2022,motif_immune_exclusion,spatial,lasso,1,3,0,0.0,0.0,0.0
composition::CD8 T cell,0,0,0,0,0.0,0.0,0.0,,True,composition,hnc_wu2022,motif_immune_exclusion,spatial,lasso,1,4,0,0.0,0.0,0.0
composition::CD8 T cell,0,0,0,0,0.0,0.0,0.0,,True,composition,hnc_wu2022,motif_immune_exclusion,spatial,lasso,2,0,0,0.0,0.0,0.0
composition::CD8 T cell,0,0,0,0,0.0,0.0,0.0,,True,composition,hnc_wu2022,motif_immune_exclusion,spatial,lasso,2,1,0,0.0,0.0,0.0
composition::CD8 T cell,0,0,0,0,0.0,0.0,0.0,,True,composition,hnc_wu2022,motif_immune_exclusion,spatial,lasso,2,2,0,0.0,0.0,0.0
composition::CD8 T cell,0,0,0,0,0.0,0.0,0.0,,True,composition,hnc_wu2022,motif_immune_exclusion,spatial,lasso,2,3,0,0.0,0.0,0.0
composition::CD8 T cell,0,0,0,0,0.0,0.0,0.0,,True,composition,hnc_wu2022,motif_immune_exclusion,spatial,lasso,2,4,0,0.0,0.0,0.0
composition::CD8 T cell,0,0,0,0,0.0,0.0,0.0,,True,composition,hnc_wu2022,motif_immune_exclusion,spatial,shap,0,0,0,0.0,0.0,0.0
composition::CD8 T cell,0,0,0,0,0.0,0.0,0.0,,True,composition,hnc_wu2022,motif_immune_exclusion,spatial,shap,0,1,0,0.0,0.0,0.0
composition::CD8 T cell,0,0,0,0,0.0,0.0,0.0,,True,composition,hnc_wu2022,motif_immune_exclusion,spatial,shap,0,2,0,0.0,0.0,0.0
composition::CD8 T cell,0,0,0,0,0.0,0.0,0.0,,True,composition,hnc_wu2022,motif_immune_exclusion,spatial,shap,0,3,0,0.0,0.0,0.0
composition::CD8 T cell,0,0,0,0,0.0,0.0,0.0,,True,composition,hnc_wu2022,motif_immune_exclusion,spatial,shap,0,4,0,0.0,0.0,0.0
composition::CD8 T cell,0,0,0,0,0.0,0.0,0.0,,True,composition,hnc_wu2022,motif_immune_exclusion,spatial,shap,1,0,0,0.0,0.0,0.0
composition::CD8 T cell,0,0,0,0,0.0,0.0,0.0,,True,composition,hnc_wu2022,motif_immune_exclusion,spatial,shap,1,1,0,0.0,0.0,0.0
composition::CD8 T cell,0,0,0,0,0.0,0.0,0.0,,True,composition,hnc_wu2022,motif_immune_exclusion,spatial,shap,1,2,0,0.0,0.0,0.0
composition::CD8 T cell,0,0,0,0,0.0,0.0,0.0,,True,composition,hnc_wu2022,motif_immune_exclusion,spatial,shap,1,3,0,0.0,0.0,0.0
composition::CD8 T cell,0,0,0,0,0.0,0.0,0.0,,True,composition,hnc_wu2022,motif_immune_exclusion,spatial,shap,1,4,0,0.0,0.0,0.0
composition::CD8 T cell,0,0,0,0,0.0,0.0,0.0,,True,composition,hnc_wu2022,motif_immune_exclusion,spatial,shap,2,0,0,0.0,0.0,0.0
composition::CD8 T cell,0,0,0,0,0.0,0.0,0.0,,True,composition,hnc_wu2022,motif_immune_exclusion,spatial,shap,2,1,0,0.0,0.0,0.0
composition::CD8 T cell,0,0,0,0,0.0,0.0,0.0,,True,composition,hnc_wu2022,motif_immune_exclusion,spatial,shap,2,2,0,0.0,0.0,0.0
composition::CD8 T cell,0,0,0,0,0.0,0.0,0.0,,True,composition,hnc_wu2022,motif_immune_exclusion,spatial,shap,2,3,0,0.0,0.0,0.0
composition::CD8 T cell,0,0,0,0,0.0,0.0,0.0,,True,composition,hnc_wu2022,motif_immune_exclusion,spatial,shap,2,4,0,0.0,0.0,0.0
composition::CD8^+PD1^+T_{Ex},1,3,4,1,1.0,0.8,1.0,1.0,False,composition,tnbc_wang2023,motif_cd8_high,control,lasso,0,0,4,1.0,1.0,1.0
composition::CD8^+PD1^+T_{Ex},1,3,4,1,1.0,0.8,1.0,1.0,False,composition,tnbc_wang2023,motif_cd8_high,control,lasso,0,1,4,1.0,1.0,1.0
composition::CD8^+T,1,3,4,1,1.0,0.8,1.0,1.0,False,composition,tnbc_wang2023,motif_cd8_high,control,lasso,0,2,4,1.0,1.0,1.0
composition::CD8^+T,1,3,4,1,1.0,0.8,1.0,1.0,False,composition,tnbc_wang2023,motif_cd8_high,control,lasso,0,3,4,1.0,1.0,1.0
composition::CD8^+PD1^+T_{Ex},1,3,4,1,1.0,0.8,1.0,1.0,False,composition,tnbc_wang2023,motif_cd8_high,control,lasso,0,4,4,1.0,1.0,1.0
composition::CD8^+PD1^+T_{Ex},1,3,4,1,1.0,0.8,1.0,1.0,False,composition,tnbc_wang2023,motif_cd8_high,control,lasso,1,0,4,1.0,1.0,1.0
composition::CD8^+T,1,3,4,1,1.0,0.8,1.0,1.0,False,composition,tnbc_wang2023,motif_cd8_high,control,lasso,1,1,4,1.0,1.0,1.0
composition::CD8^+PD1^+T_{Ex},1,3,4,1,1.0,0.8,1.0,1.0,False,composition,tnbc_wang2023,motif_cd8_high,control,lasso,1,2,4,1.0,1.0,1.0
composition::CD8^+PD1^+T_{Ex},1,3,4,1,1.0,0.8,1.0,1.0,False,composition,tnbc_wang2023,motif_cd8_high,control,lasso,1,3,4,1.0,1.0,1.0
composition::CD8^+PD1^+T_{Ex},1,3,4,1,1.0,0.8,1.0,1.0,False,composition,tnbc_wang2023,motif_cd8_high,control,lasso,1,4,4,1.0,1.0,1.0
composition::CD8^+PD1^+T_{Ex},1,3,4,1,1.0,0.8,1.0,1.0,False,composition,tnbc_wang2023,motif_cd8_high,control,lasso,2,0,4,1.0,1.0,1.0
composition::CD8^+T,1,3,4,1,1.0,0.8,1.0,1.0,False,composition,tnbc_wang2023,motif_cd8_high,control,lasso,2,1,4,1.0,1.0,1.0
composition::CD8^+PD1^+T_{Ex},1,3,4,1,1.0,0.8,1.0,1.0,False,composition,tnbc_wang2023,motif_cd8_high,control,lasso,2,2,4,1.0,1.0,1.0
composition::CD8^+PD1^+T_{Ex},1,3,4,1,1.0,0.8,1.0,1.0,False,composition,tnbc_wang2023,motif_cd8_high,control,lasso,2,3,4,1.0,1.0,1.0
composition::CD8^+PD1^+T_{Ex},1,3,4,1,1.0,0.8,1.0,1.0,False,composition,tnbc_wang2023,motif_cd8_high,control,lasso,2,4,4,1.0,1.0,1.0
composition::CD8^+T,1,3,4,1,1.0,0.8,1.0,1.0,False,composition,tnbc_wang2023,motif_cd8_high,control,shap,0,0,4,1.0,1.0,1.0
composition::CD8^+PD1^+T_{Ex},1,3,4,1,1.0,0.8,1.0,1.0,False,composition,tnbc_wang2023,motif_cd8_high,control,shap,0,1,4,1.0,1.0,1.0
composition::CD8^+PD1^+T_{Ex},1,3,4,1,1.0,0.8,1.0,1.0,False,composition,tnbc_wang2023,motif_cd8_high,control,shap,0,2,4,1.0,1.0,1.0
composition::CD8^+GZMB^+T,1,3,4,1,1.0,0.8,1.0,1.0,False,composition,tnbc_wang2023,motif_cd8_high,control,shap,0,3,4,1.0,1.0,1.0
composition::CD8^+T,1,3,4,1,1.0,0.8,1.0,1.0,False,composition,tnbc_wang2023,motif_cd8_high,control,shap,0,4,4,1.0,1.0,1.0
composition::CD8^+T,1,3,4,1,1.0,0.8,1.0,1.0,False,composition,tnbc_wang2023,motif_cd8_high,control,shap,1,0,4,1.0,1.0,1.0
composition::CD8^+T,1,3,4,1,1.0,0.8,1.0,1.0,False,composition,tnbc_wang2023,motif_cd8_high,control,shap,1,1,4,1.0,1.0,1.0
composition::CD8^+PD1^+T_{Ex},1,3,4,1,1.0,0.8,1.0,1.0,False,composition,tnbc_wang2023,motif_cd8_high,control,shap,1,2,4,1.0,1.0,1.0
composition::CD8^+T,1,3,4,1,1.0,0.8,1.0,1.0,False,composition,tnbc_wang2023,motif_cd8_high,control,shap,1,3,4,1.0,1.0,1.0
composition::CD8^+PD1^+T_{Ex},1,3,4,1,1.0,0.8,1.0,1.0,False,composition,tnbc_wang2023,motif_cd8_high,control,shap,1,4,4,1.0,1.0,1.0
composition::CD8^+PD1^+T_{Ex},1,3,4,1,1.0,0.8,1.0,1.0,False,composition,tnbc_wang2023,motif_cd8_high,control,shap,2,0,4,1.0,1.0,1.0
composition::CD8^+T,1,3,4,1,1.0,0.8,1.0,1.0,False,composition,tnbc_wang2023,motif_cd8_high,control,shap,2,1,4,1.0,1.0,1.0
composition::CD8^+T,1,3,4,1,1.0,0.8,1.0,1.0,False,composition,tnbc_wang2023,motif_cd8_high,control,shap,2,2,4,1.0,1.0,1.0
composition::CD8^+T,1,3,4,1,1.0,0.8,1.0,1.0,False,composition,tnbc_wang2023,motif_cd8_high,control,shap,2,3,4,1.0,1.0,1.0
composition::CD8^+GZMB^+T,1,3,4,1,1.0,0.8,1.0,1.0,False,composition,tnbc_wang2023,motif_cd8_high,control,shap,2,4,4,1.0,1.0,1.0
density::tumor_density::Macrophage,0,0,0,0,0.0,0.0,0.0,,False,density,bc_jackson2020,motif_apc_t_contact,spatial,lasso,0,0,0,0.0,0.0,0.0
density::tumor_density::Macrophage,0,0,0,0,0.0,0.0,0.0,,False,density,bc_jackson2020,motif_apc_t_contact,spatial,lasso,0,1,0,0.0,0.0,0.0
density::tumor_density::Tumor (CK7+ CK hi Ecadh hi),0,0,0,0,0.0,0.0,0.0,,False,density,bc_jackson2020,motif_apc_t_contact,spatial,lasso,0,2,0,0.0,0.0,0.0
density::tumor_density::Tumor (CK7+ CK hi Ecadh hi),0,0,0,0,0.0,0.0,0.0,,False,density,bc_jackson2020,motif_apc_t_contact,spatial,lasso,0,3,0,0.0,0.0,0.0
density::tumor_density::Macrophage,0,0,0,0,0.0,0.0,0.0,,False,density,bc_jackson2020,motif_apc_t_contact,spatial,lasso,0,4,0,0.0,0.0,0.0
density::tumor_density::Macrophage,0,0,0,0,0.0,0.0,0.0,,False,density,bc_jackson2020,motif_apc_t_contact,spatial,lasso,1,0,0,0.0,0.0,0.0
density::tumor_density::Macrophage,0,0,0,0,0.0,0.0,0.0,,False,density,bc_jackson2020,motif_apc_t_contact,spatial,lasso,1,1,0,0.0,0.0,0.0
density::tissue_density::Tumor (Apoptotic),0,0,0,0,0.0,0.0,0.0,,False,density,bc_jackson2020,motif_apc_t_contact,spatial,lasso,1,2,0,0.0,0.0,0.0
density::tumor_density::Tumor (CK7+ CK hi Ecadh hi),0,0,0,0,0.0,0.0,0.0,,False,density,bc_jackson2020,motif_apc_t_contact,spatial,lasso,1,3,0,0.0,0.0,0.0
density::tissue_density::Endothelial,0,0,0,0,0.0,0.0,0.0,,False,density,bc_jackson2020,motif_apc_t_contact,spatial,lasso,1,4,0,0.0,0.0,0.0
density::tissue_density::Tumor (Apoptotic),0,0,0,0,0.0,0.0,0.0,,False,density,bc_jackson2020,motif_apc_t_contact,spatial,lasso,2,0,0,0.0,0.0,0.0
density::tumor_density::Tumor (CK7+ CK hi Ecadh hi),0,0,0,0,0.0,0.0,0.0,,False,density,bc_jackson2020,motif_apc_t_contact,spatial,lasso,2,1,0,0.0,0.0,0.0
density::tumor_density::Macrophage,0,0,0,0,0.0,0.0,0.0,,False,density,bc_jackson2020,motif_apc_t_contact,spatial,lasso,2,2,0,0.0,0.0,0.0
density::tumor_density::Macrophage,0,0,0,0,0.0,0.0,0.0,,False,density,bc_jackson2020,motif_apc_t_contact,spatial,lasso,2,3,0,0.0,0.0,0.0
density::tumor_density::Tumor (CK7+ CK hi Ecadh hi),0,0,0,0,0.0,0.0,0.0,,False,density,bc_jackson2020,motif_apc_t_contact,spatial,lasso,2,4,0,0.0,0.0,0.0
density::tissue_density::Tumor (Epithelial low),0,0,0,0,0.0,0.0,0.0,,False,density,bc_jackson2020,motif_apc_t_contact,spatial,shap,0,0,0,0.0,0.0,0.0
density::tumor_density::Stromal cells,0,0,0,0,0.0,0.0,0.0,,False,density,bc_jackson2020,motif_apc_t_contact,spatial,shap,0,1,0,0.0,0.0,0.0
density::tumor_density::Tumor (CK7+ CK hi Ecadh hi),0,0,0,0,0.0,0.0,0.0,,False,density,bc_jackson2020,motif_apc_t_contact,spatial,shap,0,2,0,0.0,0.0,0.0
density::tumor_density::Tumor (CK7+ CK hi Ecadh hi),0,0,0,0,0.0,0.0,0.0,,False,density,bc_jackson2020,motif_apc_t_contact,spatial,shap,0,3,0,0.0,0.0,0.0
density::tumor_density::Tumor (CK+ HR lo),0,0,0,0,0.0,0.0,0.0,,False,density,bc_jackson2020,motif_apc_t_contact,spatial,shap,0,4,0,0.0,0.0,0.0
density::tumor_density::Macrophage,0,0,0,0,0.0,0.0,0.0,,False,density,bc_jackson2020,motif_apc_t_contact,spatial,shap,1,0,0,0.0,0.0,0.0
density::tumor_density::T & B cells,0,0,0,0,0.0,0.0,0.0,,False,density,bc_jackson2020,motif_apc_t_contact,spatial,shap,1,1,0,0.0,0.0,0.0
density::tissue_density::Endothelial,0,0,0,0,0.0,0.0,0.0,,False,density,bc_jackson2020,motif_apc_t_contact,spatial,shap,1,2,0,0.0,0.0,0.0
density::tumor_density::Tumor (CK7+ CK hi Ecadh hi),0,0,0,0,0.0,0.0,0.0,,False,density,bc_jackson2020,motif_apc_t_contact,spatial,shap,1,3,0,0.0,0.0,0.0
density::tissue_density::Endothelial,0,0,0,0,0.0,0.0,0.0,,False,density,bc_jackson2020,motif_apc_t_contact,spatial,shap,1,4,0,0.0,0.0,0.0
density::tumor_density::Tumor (CK7+ CK hi Ecadh hi),0,0,0,0,0.0,0.0,0.0,,False,density,bc_jackson2020,motif_apc_t_contact,spatial,shap,2,0,0,0.0,0.0,0.0
density::tumor_density::T & B cells,0,0,0,0,0.0,0.0,0.0,,False,density,bc_jackson2020,motif_apc_t_contact,spatial,shap,2,1,0,0.0,0.0,0.0
density::tumor_density::Tumor (Apoptotic),0,0,0,0,0.0,0.0,0.0,,False,density,bc_jackson2020,motif_apc_t_contact,spatial,shap,2,2,0,0.0,0.0,0.0
density::tumor_density::Stromal cells,0,0,0,0,0.0,0.0,0.0,,False,density,bc_jackson2020,motif_apc_t_contact,spatial,shap,2,3,0,0.0,0.0,0.0
density::tumor_density::Tumor (CK7+ CK hi Ecadh hi),0,0,0,0,0.0,0.0,0.0,,False,density,bc_jackson2020,motif_apc_t_contact,spatial,shap,2,4,0,0.0,0.0,0.0
density::tumor_density::T cell,1,1,1,1,0.3333333333333333,0.2,1.0,1.0,False,density,bc_jackson2020,motif_cd8_tumor_contact,spatial,lasso,0,0,1,1.0,1.0,1.0
density::tumor_density::T cell,1,1,1,1,0.3333333333333333,0.2,1.0,1.0,False,density,bc_jackson2020,motif_cd8_tumor_contact,spatial,lasso,0,1,1,1.0,1.0,1.0
density::tumor_density::T cell,1,1,1,1,0.3333333333333333,0.2,1.0,1.0,False,density,bc_jackson2020,motif_cd8_tumor_contact,spatial,lasso,0,2,1,1.0,1.0,1.0
density::tumor_density::T cell,1,1,1,1,0.3333333333333333,0.2,1.0,1.0,False,density,bc_jackson2020,motif_cd8_tumor_contact,spatial,lasso,0,3,1,1.0,1.0,1.0
density::tumor_density::T cell,1,1,1,1,0.3333333333333333,0.2,1.0,1.0,False,density,bc_jackson2020,motif_cd8_tumor_contact,spatial,lasso,0,4,1,1.0,1.0,1.0
density::tumor_density::T cell,1,1,1,1,0.3333333333333333,0.2,1.0,1.0,False,density,bc_jackson2020,motif_cd8_tumor_contact,spatial,lasso,1,0,1,1.0,1.0,1.0
density::tumor_density::T cell,1,1,1,1,0.3333333333333333,0.2,1.0,1.0,False,density,bc_jackson2020,motif_cd8_tumor_contact,spatial,lasso,1,1,1,1.0,1.0,1.0
density::tumor_density::T cell,1,1,1,1,0.3333333333333333,0.2,1.0,1.0,False,density,bc_jackson2020,motif_cd8_tumor_contact,spatial,lasso,1,2,1,1.0,1.0,1.0
density::tumor_density::T cell,1,1,1,1,0.3333333333333333,0.2,1.0,1.0,False,density,bc_jackson2020,motif_cd8_tumor_contact,spatial,lasso,1,3,1,1.0,1.0,1.0
density::tumor_density::T cell,1,1,1,1,0.3333333333333333,0.2,1.0,1.0,False,density,bc_jackson2020,motif_cd8_tumor_contact,spatial,lasso,1,4,1,1.0,1.0,1.0
density::tumor_density::T cell,1,1,1,1,0.3333333333333333,0.2,1.0,1.0,False,density,bc_jackson2020,motif_cd8_tumor_contact,spatial,lasso,2,0,1,1.0,1.0,1.0
density::tumor_density::T cell,1,1,1,1,0.3333333333333333,0.2,1.0,1.0,False,density,bc_jackson2020,motif_cd8_tumor_contact,spatial,lasso,2,1,1,1.0,1.0,1.0
density::tumor_density::T cell,1,1,1,1,0.3333333333333333,0.2,1.0,1.0,False,density,bc_jackson2020,motif_cd8_tumor_contact,spatial,lasso,2,2,1,1.0,1.0,1.0
density::tumor_density::T cell,1,1,1,1,0.3333333333333333,0.2,1.0,1.0,False,density,bc_jackson2020,motif_cd8_tumor_contact,spatial,lasso,2,3,1,1.0,1.0,1.0
density::tumor_density::T cell,1,1,1,1,0.3333333333333333,0.2,1.0,1.0,False,density,bc_jackson2020,motif_cd8_tumor_contact,spatial,lasso,2,4,1,1.0,1.0,1.0
density::tumor_density::T cell,1,1,1,1,0.3333333333333333,0.2,1.0,1.0,False,density,bc_jackson2020,motif_cd8_tumor_contact,spatial,shap,0,0,1,1.0,1.0,1.0
density::tumor_density::T cell,1,1,1,1,0.3333333333333333,0.2,1.0,1.0,False,density,bc_jackson2020,motif_cd8_tumor_contact,spatial,shap,0,1,1,1.0,1.0,1.0
density::tumor_density::T cell,1,1,1,1,0.3333333333333333,0.2,1.0,1.0,False,density,bc_jackson2020,motif_cd8_tumor_contact,spatial,shap,0,2,1,1.0,1.0,1.0
density::tumor_density::T cell,1,1,1,1,0.3333333333333333,0.2,1.0,1.0,False,density,bc_jackson2020,motif_cd8_tumor_contact,spatial,shap,0,3,1,1.0,1.0,1.0
density::tumor_density::T cell,1,1,1,1,0.3333333333333333,0.2,1.0,1.0,False,density,bc_jackson2020,motif_cd8_tumor_contact,spatial,shap,0,4,1,1.0,1.0,1.0
density::tumor_density::T cell,1,1,1,1,0.3333333333333333,0.2,1.0,1.0,False,density,bc_jackson2020,motif_cd8_tumor_contact,spatial,shap,1,0,1,1.0,1.0,1.0
density::tissue_density::Macrophage,0,1,1,0,0.3333333333333333,0.2,0.5,2.0,False,density,bc_jackson2020,motif_cd8_tumor_contact,spatial,shap,1,1,1,0.0,1.0,1.0
density::tumor_density::T cell,1,1,1,1,0.3333333333333333,0.2,1.0,1.0,False,density,bc_jackson2020,motif_cd8_tumor_contact,spatial,shap,1,2,1,1.0,1.0,1.0
density::tumor_density::T cell,1,1,1,1,0.3333333333333333,0.2,1.0,1.0,False,density,bc_jackson2020,motif_cd8_tumor_contact,spatial,shap,1,3,1,1.0,1.0,1.0
density::tumor_density::T cell,1,1,1,1,0.3333333333333333,0.2,1.0,1.0,False,density,bc_jackson2020,motif_cd8_tumor_contact,spatial,shap,1,4,1,1.0,1.0,1.0
density::tumor_density::T cell,1,1,1,1,0.3333333333333333,0.2,1.0,1.0,False,density,bc_jackson2020,motif_cd8_tumor_contact,spatial,shap,2,0,1,1.0,1.0,1.0
density::tumor_density::T cell,1,1,1,1,0.3333333333333333,0.2,1.0,1.0,False,density,bc_jackson2020,motif_cd8_tumor_contact,spatial,shap,2,1,1,1.0,1.0,1.0
density::tumor_density::T cell,1,1,1,1,0.3333333333333333,0.2,1.0,1.0,False,density,bc_jackson2020,motif_cd8_tumor_contact,spatial,shap,2,2,1,1.0,1.0,1.0
density::tumor_density::T cell,1,1,1,1,0.3333333333333333,0.2,1.0,1.0,False,density,bc_jackson2020,motif_cd8_tumor_contact,spatial,shap,2,3,1,1.0,1.0,1.0
density::tumor_density::T cell,1,1,1,1,0.3333333333333333,0.2,1.0,1.0,False,density,bc_jackson2020,motif_cd8_tumor_contact,spatial,shap,2,4,1,1.0,1.0,1.0
density::tumor_density::Macrophage,0,0,0,0,0.0,0.0,0.0,,False,density,bc_jackson2020,motif_macrophage_tumor_niche,spatial,lasso,0,0,0,0.0,0.0,0.0
density::tissue_density::Tumor (CK+ HR lo),0,0,0,0,0.0,0.0,0.0,,True,density,bc_jackson2020,motif_macrophage_tumor_niche,spatial,lasso,0,1,0,0.0,0.0,0.0
density::tumor_density::Macrophage,0,0,0,0,0.0,0.0,0.0,,False,density,bc_jackson2020,motif_macrophage_tumor_niche,spatial,lasso,0,2,0,0.0,0.0,0.0
density::tissue_density::Tumor (CK+ HR lo),0,0,0,0,0.0,0.0,0.0,,True,density,bc_jackson2020,motif_macrophage_tumor_niche,spatial,lasso,0,3,0,0.0,0.0,0.0
density::tumor_density::Macrophage,0,0,0,0,0.0,0.0,0.0,,False,density,bc_jackson2020,motif_macrophage_tumor_niche,spatial,lasso,0,4,0,0.0,0.0,0.0
density::tumor_density::Tumor (CK+ HR lo),0,0,0,0,0.0,0.0,0.0,,False,density,bc_jackson2020,motif_macrophage_tumor_niche,spatial,lasso,1,0,0,0.0,0.0,0.0
density::tissue_density::Tumor (CK+ HR lo),0,0,0,0,0.0,0.0,0.0,,True,density,bc_jackson2020,motif_macrophage_tumor_niche,spatial,lasso,1,1,0,0.0,0.0,0.0
density::tumor_density::Macrophage,0,0,0,0,0.0,0.0,0.0,,False,density,bc_jackson2020,motif_macrophage_tumor_niche,spatial,lasso,1,2,0,0.0,0.0,0.0
density::tumor_density::Macrophage,0,0,0,0,0.0,0.0,0.0,,False,density,bc_jackson2020,motif_macrophage_tumor_niche,spatial,lasso,1,3,0,0.0,0.0,0.0
density::tissue_density::Tumor (CK+ HR lo),0,0,0,0,0.0,0.0,0.0,,True,density,bc_jackson2020,motif_macrophage_tumor_niche,spatial,lasso,1,4,0,0.0,0.0,0.0
density::tumor_density::Macrophage,0,0,0,0,0.0,0.0,0.0,,False,density,bc_jackson2020,motif_macrophage_tumor_niche,spatial,lasso,2,0,0,0.0,0.0,0.0
density::tissue_density::Tumor (CK+ HR lo),0,0,0,0,0.0,0.0,0.0,,True,density,bc_jackson2020,motif_macrophage_tumor_niche,spatial,lasso,2,1,0,0.0,0.0,0.0
density::tissue_density::Tumor (CK+ HR lo),0,0,0,0,0.0,0.0,0.0,,True,density,bc_jackson2020,motif_macrophage_tumor_niche,spatial,lasso,2,2,0,0.0,0.0,0.0
density::tumor_density::Macrophage,0,0,0,0,0.0,0.0,0.0,,False,density,bc_jackson2020,motif_macrophage_tumor_niche,spatial,lasso,2,3,0,0.0,0.0,0.0
density::tissue_density::Tumor (CK+ HR lo),0,0,0,0,0.0,0.0,0.0,,True,density,bc_jackson2020,motif_macrophage_tumor_niche,spatial,lasso,2,4,0,0.0,0.0,0.0
density::tumor_density::Tumor (CK+ HR lo),0,0,0,0,0.0,0.0,0.0,,False,density,bc_jackson2020,motif_macrophage_tumor_niche,spatial,shap,0,0,0,0.0,0.0,0.0
density::tissue_density::Tumor (CK+ HR lo),0,0,0,0,0.0,0.0,0.0,,True,density,bc_jackson2020,motif_macrophage_tumor_niche,spatial,shap,0,1,0,0.0,0.0,0.0
density::tumor_density::Macrophage,0,0,0,0,0.0,0.0,0.0,,False,density,bc_jackson2020,motif_macrophage_tumor_niche,spatial,shap,0,2,0,0.0,0.0,0.0
density::tumor_density::Tumor (CK+ HR lo),0,0,0,0,0.0,0.0,0.0,,False,density,bc_jackson2020,motif_macrophage_tumor_niche,spatial,shap,0,3,0,0.0,0.0,0.0
density::tumor_density::Tumor (CK+ HR lo),0,0,0,0,0.0,0.0,0.0,,False,density,bc_jackson2020,motif_macrophage_tumor_niche,spatial,shap,0,4,0,0.0,0.0,0.0
density::tumor_density::Tumor (CK+ HR lo),0,0,0,0,0.0,0.0,0.0,,False,density,bc_jackson2020,motif_macrophage_tumor_niche,spatial,shap,1,0,0,0.0,0.0,0.0
density::tissue_density::Tumor (CK+ HR lo),0,0,0,0,0.0,0.0,0.0,,True,density,bc_jackson2020,motif_macrophage_tumor_niche,spatial,shap,1,1,0,0.0,0.0,0.0
density::tissue_density::Tumor (CK lo HR lo),0,0,0,0,0.0,0.0,0.0,,True,density,bc_jackson2020,motif_macrophage_tumor_niche,spatial,shap,1,2,0,0.0,0.0,0.0
density::tissue_density::Macrophage,0,0,0,0,0.0,0.0,0.0,,True,density,bc_jackson2020,motif_macrophage_tumor_niche,spatial,shap,1,3,0,0.0,0.0,0.0
density::tumor_density::Tumor (CK+ HR lo),0,0,0,0,0.0,0.0,0.0,,False,density,bc_jackson2020,motif_macrophage_tumor_niche,spatial,shap,1,4,0,0.0,0.0,0.0
density::tumor_density::Macrophage,0,0,0,0,0.0,0.0,0.0,,False,density,bc_jackson2020,motif_macrophage_tumor_niche,spatial,shap,2,0,0,0.0,0.0,0.0
density::tissue_density::Tumor (Epithelial low),0,0,0,0,0.0,0.0,0.0,,True,density,bc_jackson2020,motif_macrophage_tumor_niche,spatial,shap,2,1,0,0.0,0.0,0.0
density::tumor_density::Tumor (CK+ HR lo),0,0,0,0,0.0,0.0,0.0,,False,density,bc_jackson2020,motif_macrophage_tumor_niche,spatial,shap,2,2,0,0.0,0.0,0.0
density::tumor_density::Macrophage,0,0,0,0,0.0,0.0,0.0,,False,density,bc_jackson2020,motif_macrophage_tumor_niche,spatial,shap,2,3,0,0.0,0.0,0.0
density::tissue_density::T & B cells,0,0,0,0,0.0,0.0,0.0,,False,density,bc_jackson2020,motif_macrophage_tumor_niche,spatial,shap,2,4,0,0.0,0.0,0.0
density::tumor_density::T cell,0,0,0,0,0.0,0.0,0.0,,False,density,bc_jackson2020,motif_t_tumor_mixing,spatial,lasso,0,0,0,0.0,0.0,0.0
density::tumor_density::T cell,0,0,0,0,0.0,0.0,0.0,,False,density,bc_jackson2020,motif_t_tumor_mixing,spatial,lasso,0,1,0,0.0,0.0,0.0
density::tumor_density::T cell,0,0,0,0,0.0,0.0,0.0,,False,density,bc_jackson2020,motif_t_tumor_mixing,spatial,lasso,0,2,0,0.0,0.0,0.0
density::tumor_density::T cell,0,0,0,0,0.0,0.0,0.0,,False,density,bc_jackson2020,motif_t_tumor_mixing,spatial,lasso,0,3,0,0.0,0.0,0.0
density::tumor_density::T cell,0,0,0,0,0.0,0.0,0.0,,False,density,bc_jackson2020,motif_t_tumor_mixing,spatial,lasso,0,4,0,0.0,0.0,0.0
density::tumor_density::T cell,0,0,0,0,0.0,0.0,0.0,,False,density,bc_jackson2020,motif_t_tumor_mixing,spatial,lasso,1,0,0,0.0,0.0,0.0
density::tumor_density::T cell,0,0,0,0,0.0,0.0,0.0,,False,density,bc_jackson2020,motif_t_tumor_mixing,spatial,lasso,1,1,0,0.0,0.0,0.0
density::tumor_density::T cell,0,0,0,0,0.0,0.0,0.0,,False,density,bc_jackson2020,motif_t_tumor_mixing,spatial,lasso,1,2,0,0.0,0.0,0.0
density::tumor_density::T cell,0,0,0,0,0.0,0.0,0.0,,False,density,bc_jackson2020,motif_t_tumor_mixing,spatial,lasso,1,3,0,0.0,0.0,0.0
density::tumor_density::T cell,0,0,0,0,0.0,0.0,0.0,,False,density,bc_jackson2020,motif_t_tumor_mixing,spatial,lasso,1,4,0,0.0,0.0,0.0
density::tumor_density::T cell,0,0,0,0,0.0,0.0,0.0,,False,density,bc_jackson2020,motif_t_tumor_mixing,spatial,lasso,2,0,0,0.0,0.0,0.0
density::tumor_density::T cell,0,0,0,0,0.0,0.0,0.0,,False,density,bc_jackson2020,motif_t_tumor_mixing,spatial,lasso,2,1,0,0.0,0.0,0.0
density::tumor_density::T cell,0,0,0,0,0.0,0.0,0.0,,False,density,bc_jackson2020,motif_t_tumor_mixing,spatial,lasso,2,2,0,0.0,0.0,0.0
density::tumor_density::T cell,0,0,0,0,0.0,0.0,0.0,,False,density,bc_jackson2020,motif_t_tumor_mixing,spatial,lasso,2,3,0,0.0,0.0,0.0
density::tumor_density::T cell,0,0,0,0,0.0,0.0,0.0,,False,density,bc_jackson2020,motif_t_tumor_mixing,spatial,lasso,2,4,0,0.0,0.0,0.0
density::tumor_density::T cell,0,0,0,0,0.0,0.0,0.0,,False,density,bc_jackson2020,motif_t_tumor_mixing,spatial,shap,0,0,0,0.0,0.0,0.0
density::tumor_density::T cell,0,0,0,0,0.0,0.0,0.0,,False,density,bc_jackson2020,motif_t_tumor_mixing,spatial,shap,0,1,0,0.0,0.0,0.0
density::tumor_density::T cell,0,0,0,0,0.0,0.0,0.0,,False,density,bc_jackson2020,motif_t_tumor_mixing,spatial,shap,0,2,0,0.0,0.0,0.0
density::tumor_density::Tumor (CK+ HR lo),0,0,0,0,0.0,0.0,0.0,,False,density,bc_jackson2020,motif_t_tumor_mixing,spatial,shap,0,3,0,0.0,0.0,0.0
density::tumor_density::T cell,0,0,0,0,0.0,0.0,0.0,,False,density,bc_jackson2020,motif_t_tumor_mixing,spatial,shap,0,4,0,0.0,0.0,0.0
density::tumor_density::T cell,0,0,0,0,0.0,0.0,0.0,,False,density,bc_jackson2020,motif_t_tumor_mixing,spatial,shap,1,0,0,0.0,0.0,0.0
density::tumor_density::T cell,0,0,0,0,0.0,0.0,0.0,,False,density,bc_jackson2020,motif_t_tumor_mixing,spatial,shap,1,1,0,0.0,0.0,0.0
density::tumor_density::T cell,0,0,0,0,0.0,0.0,0.0,,False,density,bc_jackson2020,motif_t_tumor_mixing,spatial,shap,1,2,0,0.0,0.0,0.0
density::tumor_density::T cell,0,0,0,0,0.0,0.0,0.0,,False,density,bc_jackson2020,motif_t_tumor_mixing,spatial,shap,1,3,0,0.0,0.0,0.0
density::tumor_density::T cell,0,0,0,0,0.0,0.0,0.0,,False,density,bc_jackson2020,motif_t_tumor_mixing,spatial,shap,1,4,0,0.0,0.0,0.0
density::tumor_density::T cell,0,0,0,0,0.0,0.0,0.0,,False,density,bc_jackson2020,motif_t_tumor_mixing,spatial,shap,2,0,0,0.0,0.0,0.0
density::tumor_density::T cell,0,0,0,0,0.0,0.0,0.0,,False,density,bc_jackson2020,motif_t_tumor_mixing,spatial,shap,2,1,0,0.0,0.0,0.0
density::tumor_density::T cell,0,0,0,0,0.0,0.0,0.0,,False,density,bc_jackson2020,motif_t_tumor_mixing,spatial,shap,2,2,0,0.0,0.0,0.0
density::tumor_density::T cell,0,0,0,0,0.0,0.0,0.0,,False,density,bc_jackson2020,motif_t_tumor_mixing,spatial,shap,2,3,0,0.0,0.0,0.0
density::tumor_density::T cell,0,0,0,0,0.0,0.0,0.0,,False,density,bc_jackson2020,motif_t_tumor_mixing,spatial,shap,2,4,0,0.0,0.0,0.0
density::tumor_area_ratio,1,2,4,1,0.6666666666666666,0.8,1.0,1.0,False,density,bc_jackson2020,motif_tumor_high,control,lasso,0,0,15,1.0,0.6666666666666666,0.8
density::tumor_area_ratio,1,2,3,1,0.6666666666666666,0.6,1.0,1.0,False,density,bc_jackson2020,motif_tumor_high,control,lasso,0,1,15,1.0,0.6666666666666666,0.6
density::tumor_area_ratio,1,3,4,1,1.0,0.8,1.0,1.0,False,density,bc_jackson2020,motif_tumor_high,control,lasso,0,2,15,1.0,1.0,0.8
density::tumor_area_ratio,1,3,4,1,1.0,0.8,1.0,1.0,False,density,bc_jackson2020,motif_tumor_high,control,lasso,0,3,15,1.0,1.0,0.8
density::tumor_area_ratio,1,2,4,1,0.6666666666666666,0.8,1.0,1.0,False,density,bc_jackson2020,motif_tumor_high,control,lasso,0,4,15,1.0,0.6666666666666666,0.8
density::tumor_area_ratio,1,1,3,1,0.3333333333333333,0.6,1.0,1.0,False,density,bc_jackson2020,motif_tumor_high,control,lasso,1,0,15,1.0,0.3333333333333333,0.6
density::tumor_area_ratio,1,3,4,1,1.0,0.8,1.0,1.0,False,density,bc_jackson2020,motif_tumor_high,control,lasso,1,1,15,1.0,1.0,0.8
density::tumor_area_ratio,1,3,4,1,1.0,0.8,1.0,1.0,False,density,bc_jackson2020,motif_tumor_high,control,lasso,1,2,15,1.0,1.0,0.8
density::tumor_area_ratio,1,3,4,1,1.0,0.8,1.0,1.0,False,density,bc_jackson2020,motif_tumor_high,control,lasso,1,3,15,1.0,1.0,0.8
density::tumor_area_ratio,1,2,3,1,0.6666666666666666,0.6,1.0,1.0,False,density,bc_jackson2020,motif_tumor_high,control,lasso,1,4,15,1.0,0.6666666666666666,0.6
density::tumor_area_ratio,1,2,3,1,0.6666666666666666,0.6,1.0,1.0,False,density,bc_jackson2020,motif_tumor_high,control,lasso,2,0,15,1.0,0.6666666666666666,0.6
density::tumor_area_ratio,1,3,4,1,1.0,0.8,1.0,1.0,False,density,bc_jackson2020,motif_tumor_high,control,lasso,2,1,15,1.0,1.0,0.8
density::tumor_area_ratio,1,2,4,1,0.6666666666666666,0.8,1.0,1.0,False,density,bc_jackson2020,motif_tumor_high,control,lasso,2,2,15,1.0,0.6666666666666666,0.8
density::tumor_area_ratio,1,3,4,1,1.0,0.8,1.0,1.0,False,density,bc_jackson2020,motif_tumor_high,control,lasso,2,3,15,1.0,1.0,0.8
density::tumor_area_ratio,1,3,4,1,1.0,0.8,1.0,1.0,False,density,bc_jackson2020,motif_tumor_high,control,lasso,2,4,15,1.0,1.0,0.8
density::tumor_area_ratio,1,1,2,1,0.3333333333333333,0.4,1.0,1.0,False,density,bc_jackson2020,motif_tumor_high,control,shap,0,0,15,1.0,0.3333333333333333,0.4
density::tumor_area_ratio,1,1,3,1,0.3333333333333333,0.6,1.0,1.0,False,density,bc_jackson2020,motif_tumor_high,control,shap,0,1,15,1.0,0.3333333333333333,0.6
density::tumor_area_ratio,1,2,2,1,0.6666666666666666,0.4,1.0,1.0,False,density,bc_jackson2020,motif_tumor_high,control,shap,0,2,15,1.0,0.6666666666666666,0.4
density::tumor_area_ratio,1,1,2,1,0.3333333333333333,0.4,1.0,1.0,False,density,bc_jackson2020,motif_tumor_high,control,shap,0,3,15,1.0,0.3333333333333333,0.4
density::tumor_area_ratio,1,2,4,1,0.6666666666666666,0.8,1.0,1.0,False,density,bc_jackson2020,motif_tumor_high,control,shap,0,4,15,1.0,0.6666666666666666,0.8
density::tumor_area_ratio,1,2,2,1,0.6666666666666666,0.4,1.0,1.0,False,density,bc_jackson2020,motif_tumor_high,control,shap,1,0,15,1.0,0.6666666666666666,0.4
density::tumor_area_ratio,1,2,3,1,0.6666666666666666,0.6,1.0,1.0,False,density,bc_jackson2020,motif_tumor_high,control,shap,1,1,15,1.0,0.6666666666666666,0.6
density::tumor_area_ratio,1,2,3,1,0.6666666666666666,0.6,1.0,1.0,False,density,bc_jackson2020,motif_tumor_high,control,shap,1,2,15,1.0,0.6666666666666666,0.6
density::tumor_area_ratio,1,1,2,1,0.3333333333333333,0.4,1.0,1.0,False,density,bc_jackson2020,motif_tumor_high,control,shap,1,3,15,1.0,0.3333333333333333,0.4
density::tumor_area_ratio,1,1,2,1,0.3333333333333333,0.4,1.0,1.0,False,density,bc_jackson2020,motif_tumor_high,control,shap,1,4,15,1.0,0.3333333333333333,0.4
density::tumor_area_ratio,1,2,2,1,0.6666666666666666,0.4,1.0,1.0,False,density,bc_jackson2020,motif_tumor_high,control,shap,2,0,15,1.0,0.6666666666666666,0.4
density::tumor_area_ratio,1,2,2,1,0.6666666666666666,0.4,1.0,1.0,False,density,bc_jackson2020,motif_tumor_high,control,shap,2,1,15,1.0,0.6666666666666666,0.4
density::tumor_area_ratio,1,2,3,1,0.6666666666666666,0.6,1.0,1.0,False,density,bc_jackson2020,motif_tumor_high,control,shap,2,2,15,1.0,0.6666666666666666,0.6
density::tumor_area_ratio,1,1,3,1,0.3333333333333333,0.6,1.0,1.0,False,density,bc_jackson2020,motif_tumor_high,control,shap,2,3,15,1.0,0.3333333333333333,0.6
density::tumor_area_ratio,1,1,2,1,0.3333333333333333,0.4,1.0,1.0,False,density,bc_jackson2020,motif_tumor_high,control,shap,2,4,15,1.0,0.3333333333333333,0.4
density::tissue_density::HR+ CK7-,0,0,0,0,0.0,0.0,0.1111111111111111,9.0,False,density,bc_metabric_ali2020,motif_interface_immune,spatial,lasso,0,0,4,0.0,0.0,0.0
density::tumor_density::Myoepithelial,0,0,0,0,0.0,0.0,0.1111111111111111,9.0,False,density,bc_metabric_ali2020,motif_interface_immune,spatial,lasso,0,1,4,0.0,0.0,0.0
density::tissue_density::Myoepithelial,0,0,1,0,0.0,0.2,0.2,5.0,False,density,bc_metabric_ali2020,motif_interface_immune,spatial,lasso,0,2,4,0.0,0.0,0.25
density::tissue_density::HR+ CK7-,0,1,1,0,0.3333333333333333,0.2,0.5,2.0,False,density,bc_metabric_ali2020,motif_interface_immune,spatial,lasso,0,3,4,0.0,0.3333333333333333,0.25
density::tumor_density::HRlow CKlow,0,0,0,0,0.0,0.0,0.125,8.0,False,density,bc_metabric_ali2020,motif_interface_immune,spatial,lasso,0,4,4,0.0,0.0,0.0
density::tumor_density::Myoepithelial,0,0,0,0,0.0,0.0,0.125,8.0,False,density,bc_metabric_ali2020,motif_interface_immune,spatial,lasso,1,0,4,0.0,0.0,0.0
density::tissue_density::HR+ CK7-,0,0,1,0,0.0,0.2,0.2,5.0,False,density,bc_metabric_ali2020,motif_interface_immune,spatial,lasso,1,1,4,0.0,0.0,0.25
density::tumor_density::HRlow CKlow,0,0,0,0,0.0,0.0,0.1111111111111111,9.0,False,density,bc_metabric_ali2020,motif_interface_immune,spatial,lasso,1,2,4,0.0,0.0,0.0
density::tissue_density::Myoepithelial,0,0,0,0,0.0,0.0,0.16666666666666666,6.0,False,density,bc_metabric_ali2020,motif_interface_immune,spatial,lasso,1,3,4,0.0,0.0,0.0
density::tissue_density::HR+ CK7-,0,0,1,0,0.0,0.2,0.2,5.0,False,density,bc_metabric_ali2020,motif_interface_immune,spatial,lasso,1,4,4,0.0,0.0,0.25
density::tissue_density::HR+ CK7-,0,0,1,0,0.0,0.2,0.2,5.0,False,density,bc_metabric_ali2020,motif_interface_immune,spatial,lasso,2,0,4,0.0,0.0,0.25
density::tissue_density::HR+ CK7-,0,0,0,0,0.0,0.0,0.14285714285714285,7.0,False,density,bc_metabric_ali2020,motif_interface_immune,spatial,lasso,2,1,4,0.0,0.0,0.0
density::tissue_density::Myoepithelial,0,1,1,0,0.3333333333333333,0.2,0.3333333333333333,3.0,False,density,bc_metabric_ali2020,motif_interface_immune,spatial,lasso,2,2,4,0.0,0.3333333333333333,0.25
density::tumor_density::Basal CKlow,0,0,0,0,0.0,0.0,0.07692307692307693,13.0,False,density,bc_metabric_ali2020,motif_interface_immune,spatial,lasso,2,3,4,0.0,0.0,0.0
density::tumor_density::Myoepithelial,0,0,0,0,0.0,0.0,0.1111111111111111,9.0,False,density,bc_metabric_ali2020,motif_interface_immune,spatial,lasso,2,4,4,0.0,0.0,0.0
density::tissue_density::HR+ CK7-,0,0,0,0,0.0,0.0,0.06666666666666667,15.0,False,density,bc_metabric_ali2020,motif_interface_immune,spatial,shap,0,0,4,0.0,0.0,0.0
density::tumor_density::Myoepithelial,0,0,0,0,0.0,0.0,0.1111111111111111,9.0,False,density,bc_metabric_ali2020,motif_interface_immune,spatial,shap,0,1,4,0.0,0.0,0.0
density::tumor_density::Macrophages Vim+ Slug-,1,1,1,1,0.3333333333333333,0.2,1.0,1.0,False,density,bc_metabric_ali2020,motif_interface_immune,spatial,shap,0,2,4,1.0,0.3333333333333333,0.25
density::tissue_density::HR+ CK7-,0,0,0,0,0.0,0.0,0.1111111111111111,9.0,False,density,bc_metabric_ali2020,motif_interface_immune,spatial,shap,0,3,4,0.0,0.0,0.0
density::tissue_density::Fibroblasts,0,0,0,0,0.0,0.0,0.058823529411764705,17.0,False,density,bc_metabric_ali2020,motif_interface_immune,spatial,shap,0,4,4,0.0,0.0,0.0
density::tissue_density::HR+ CK7-,0,0,0,0,0.0,0.0,0.06666666666666667,15.0,False,density,bc_metabric_ali2020,motif_interface_immune,spatial,shap,1,0,4,0.0,0.0,0.0
density::tissue_density::HR+ CK7-,0,0,0,0,0.0,0.0,0.1,10.0,False,density,bc_metabric_ali2020,motif_interface_immune,spatial,shap,1,1,4,0.0,0.0,0.0
density::tumor_density::HRlow CKlow,0,0,0,0,0.0,0.0,0.05555555555555555,18.0,False,density,bc_metabric_ali2020,motif_interface_immune,spatial,shap,1,2,4,0.0,0.0,0.0
density::tumor_density::Myofibroblasts,0,0,1,0,0.0,0.2,0.2,5.0,False,density,bc_metabric_ali2020,motif_interface_immune,spatial,shap,1,3,4,0.0,0.0,0.25
density::tissue_density::HR+ CK7-,0,1,1,0,0.3333333333333333,0.2,0.3333333333333333,3.0,False,density,bc_metabric_ali2020,motif_interface_immune,spatial,shap,1,4,4,0.0,0.3333333333333333,0.25
density::tissue_density::HR+ CK7-,0,0,1,0,0.0,0.2,0.25,4.0,False,density,bc_metabric_ali2020,motif_interface_immune,spatial,shap,2,0,4,0.0,0.0,0.25
density::tissue_density::HR+ CK7-,0,0,0,0,0.0,0.0,0.06666666666666667,15.0,False,density,bc_metabric_ali2020,motif_interface_immune,spatial,shap,2,1,4,0.0,0.0,0.0
density::tissue_density::HR+ CK7-,0,0,0,0,0.0,0.0,0.125,8.0,False,density,bc_metabric_ali2020,motif_interface_immune,spatial,shap,2,2,4,0.0,0.0,0.0
density::tissue_density::HR+ CK7-,0,0,0,0,0.0,0.0,0.05555555555555555,18.0,False,density,bc_metabric_ali2020,motif_interface_immune,spatial,shap,2,3,4,0.0,0.0,0.0
density::tumor_density::Myoepithelial,0,0,1,0,0.0,0.2,0.25,4.0,False,density,bc_metabric_ali2020,motif_interface_immune,spatial,shap,2,4,4,0.0,0.0,0.25
density::tissue_density::HR+ CK7-,0,0,0,0,0.0,0.0,0.0,,False,density,bc_metabric_ali2020,motif_tumor_stroma_mixing,spatial,lasso,0,0,0,0.0,0.0,0.0
density::tissue_density::HR+ CK7-,0,0,0,0,0.0,0.0,0.0,,False,density,bc_metabric_ali2020,motif_tumor_stroma_mixing,spatial,lasso,0,1,0,0.0,0.0,0.0
density::tumor_density::Myofibroblasts,0,0,0,0,0.0,0.0,0.0,,False,density,bc_metabric_ali2020,motif_tumor_stroma_mixing,spatial,lasso,0,2,0,0.0,0.0,0.0
density::tissue_density::HR+ CK7-,0,0,0,0,0.0,0.0,0.0,,False,density,bc_metabric_ali2020,motif_tumor_stroma_mixing,spatial,lasso,0,3,0,0.0,0.0,0.0
density::tissue_density::HR+ CK7-,0,0,0,0,0.0,0.0,0.0,,False,density,bc_metabric_ali2020,motif_tumor_stroma_mixing,spatial,lasso,0,4,0,0.0,0.0,0.0
density::tumor_density::HR- CK7+,0,0,0,0,0.0,0.0,0.0,,False,density,bc_metabric_ali2020,motif_tumor_stroma_mixing,spatial,lasso,1,0,0,0.0,0.0,0.0
density::tumor_density::Myofibroblasts,0,0,0,0,0.0,0.0,0.0,,False,density,bc_metabric_ali2020,motif_tumor_stroma_mixing,spatial,lasso,1,1,0,0.0,0.0,0.0
density::tissue_density::HR+ CK7-,0,0,0,0,0.0,0.0,0.0,,False,density,bc_metabric_ali2020,motif_tumor_stroma_mixing,spatial,lasso,1,2,0,0.0,0.0,0.0
density::tissue_density::HR+ CK7-,0,0,0,0,0.0,0.0,0.0,,False,density,bc_metabric_ali2020,motif_tumor_stroma_mixing,spatial,lasso,1,3,0,0.0,0.0,0.0
density::tissue_density::HR+ CK7-,0,0,0,0,0.0,0.0,0.0,,False,density,bc_metabric_ali2020,motif_tumor_stroma_mixing,spatial,lasso,1,4,0,0.0,0.0,0.0
density::tissue_density::HR+ CK7-,0,0,0,0,0.0,0.0,0.0,,False,density,bc_metabric_ali2020,motif_tumor_stroma_mixing,spatial,lasso,2,0,0,0.0,0.0,0.0
density::tumor_density::HR- CK7+,0,0,0,0,0.0,0.0,0.0,,False,density,bc_metabric_ali2020,motif_tumor_stroma_mixing,spatial,lasso,2,1,0,0.0,0.0,0.0
density::tumor_density::HR- CK7+,0,0,0,0,0.0,0.0,0.0,,False,density,bc_metabric_ali2020,motif_tumor_stroma_mixing,spatial,lasso,2,2,0,0.0,0.0,0.0
density::tissue_density::HR+ CK7-,0,0,0,0,0.0,0.0,0.0,,False,density,bc_metabric_ali2020,motif_tumor_stroma_mixing,spatial,lasso,2,3,0,0.0,0.0,0.0
density::tumor_density::Myofibroblasts,0,0,0,0,0.0,0.0,0.0,,False,density,bc_metabric_ali2020,motif_tumor_stroma_mixing,spatial,lasso,2,4,0,0.0,0.0,0.0
density::tissue_density::HR+ CK7-,0,0,0,0,0.0,0.0,0.0,,False,density,bc_metabric_ali2020,motif_tumor_stroma_mixing,spatial,shap,0,0,0,0.0,0.0,0.0
density::tissue_density::HR+ CK7-,0,0,0,0,0.0,0.0,0.0,,False,density,bc_metabric_ali2020,motif_tumor_stroma_mixing,spatial,shap,0,1,0,0.0,0.0,0.0
density::tissue_density::Myofibroblasts,0,0,0,0,0.0,0.0,0.0,,False,density,bc_metabric_ali2020,motif_tumor_stroma_mixing,spatial,shap,0,2,0,0.0,0.0,0.0
density::tissue_density::HR+ CK7-,0,0,0,0,0.0,0.0,0.0,,False,density,bc_metabric_ali2020,motif_tumor_stroma_mixing,spatial,shap,0,3,0,0.0,0.0,0.0
density::tumor_density::HR+ CK7-,0,0,0,0,0.0,0.0,0.0,,False,density,bc_metabric_ali2020,motif_tumor_stroma_mixing,spatial,shap,0,4,0,0.0,0.0,0.0
density::tumor_density::HR+ CK7-,0,0,0,0,0.0,0.0,0.0,,False,density,bc_metabric_ali2020,motif_tumor_stroma_mixing,spatial,shap,1,0,0,0.0,0.0,0.0
density::tissue_density::Myofibroblasts,0,0,0,0,0.0,0.0,0.0,,False,density,bc_metabric_ali2020,motif_tumor_stroma_mixing,spatial,shap,1,1,0,0.0,0.0,0.0
density::tumor_density::HR- CK7+,0,0,0,0,0.0,0.0,0.0,,False,density,bc_metabric_ali2020,motif_tumor_stroma_mixing,spatial,shap,1,2,0,0.0,0.0,0.0
density::tissue_density::HR+ CK7-,0,0,0,0,0.0,0.0,0.0,,False,density,bc_metabric_ali2020,motif_tumor_stroma_mixing,spatial,shap,1,3,0,0.0,0.0,0.0
density::tissue_density::HR+ CK7-,0,0,0,0,0.0,0.0,0.0,,False,density,bc_metabric_ali2020,motif_tumor_stroma_mixing,spatial,shap,1,4,0,0.0,0.0,0.0
density::tissue_density::HR+ CK7-,0,0,0,0,0.0,0.0,0.0,,False,density,bc_metabric_ali2020,motif_tumor_stroma_mixing,spatial,shap,2,0,0,0.0,0.0,0.0
density::tumor_density::HR+ CK7-,0,0,0,0,0.0,0.0,0.0,,False,density,bc_metabric_ali2020,motif_tumor_stroma_mixing,spatial,shap,2,1,0,0.0,0.0,0.0
density::tissue_density::HR+ CK7-,0,0,0,0,0.0,0.0,0.0,,False,density,bc_metabric_ali2020,motif_tumor_stroma_mixing,spatial,shap,2,2,0,0.0,0.0,0.0
density::tissue_density::HR+ CK7-,0,0,0,0,0.0,0.0,0.0,,False,density,bc_metabric_ali2020,motif_tumor_stroma_mixing,spatial,shap,2,3,0,0.0,0.0,0.0
density::tissue_density::Myofibroblasts,0,0,0,0,0.0,0.0,0.0,,False,density,bc_metabric_ali2020,motif_tumor_stroma_mixing,spatial,shap,2,4,0,0.0,0.0,0.0
density::tumor_density::CD4 T cell,0,0,0,0,0.0,0.0,0.0,,False,density,hnc_wu2022,motif_cd8_clustering,spatial,lasso,0,0,0,0.0,0.0,0.0
density::tissue_density::Tumor (Proliferating),0,0,0,0,0.0,0.0,0.0,,False,density,hnc_wu2022,motif_cd8_clustering,spatial,lasso,0,1,0,0.0,0.0,0.0
density::tissue_density::CD8 T cell,0,0,0,0,0.0,0.0,0.0,,True,density,hnc_wu2022,motif_cd8_clustering,spatial,lasso,0,2,0,0.0,0.0,0.0
density::tissue_density::Tumor (Proliferating),0,0,0,0,0.0,0.0,0.0,,False,density,hnc_wu2022,motif_cd8_clustering,spatial,lasso,0,3,0,0.0,0.0,0.0
density::tissue_density::Tumor (Proliferating),0,0,0,0,0.0,0.0,0.0,,False,density,hnc_wu2022,motif_cd8_clustering,spatial,lasso,0,4,0,0.0,0.0,0.0
density::tissue_density::Tumor (Proliferating),0,0,0,0,0.0,0.0,0.0,,False,density,hnc_wu2022,motif_cd8_clustering,spatial,lasso,1,0,0,0.0,0.0,0.0
density::tissue_density::Tumor (Proliferating),0,0,0,0,0.0,0.0,0.0,,False,density,hnc_wu2022,motif_cd8_clustering,spatial,lasso,1,1,0,0.0,0.0,0.0
density::tissue_density::CD8 T cell,0,0,0,0,0.0,0.0,0.0,,True,density,hnc_wu2022,motif_cd8_clustering,spatial,lasso,1,2,0,0.0,0.0,0.0
density::tissue_density::Tumor (Proliferating),0,0,0,0,0.0,0.0,0.0,,False,density,hnc_wu2022,motif_cd8_clustering,spatial,lasso,1,3,0,0.0,0.0,0.0
density::tissue_density::Tumor (Proliferating),0,0,0,0,0.0,0.0,0.0,,False,density,hnc_wu2022,motif_cd8_clustering,spatial,lasso,1,4,0,0.0,0.0,0.0
density::tissue_density::Tumor (Proliferating),0,0,0,0,0.0,0.0,0.0,,False,density,hnc_wu2022,motif_cd8_clustering,spatial,lasso,2,0,0,0.0,0.0,0.0
density::tissue_density::Tumor (Proliferating),0,0,0,0,0.0,0.0,0.0,,False,density,hnc_wu2022,motif_cd8_clustering,spatial,lasso,2,1,0,0.0,0.0,0.0
density::tissue_density::CD8 T cell,0,0,0,0,0.0,0.0,0.0,,True,density,hnc_wu2022,motif_cd8_clustering,spatial,lasso,2,2,0,0.0,0.0,0.0
density::tissue_density::Tumor (Proliferating),0,0,0,0,0.0,0.0,0.0,,False,density,hnc_wu2022,motif_cd8_clustering,spatial,lasso,2,3,0,0.0,0.0,0.0
density::tissue_density::Tumor (Proliferating),0,0,0,0,0.0,0.0,0.0,,False,density,hnc_wu2022,motif_cd8_clustering,spatial,lasso,2,4,0,0.0,0.0,0.0
density::tumor_density::CD4 T cell,0,0,0,0,0.0,0.0,0.0,,False,density,hnc_wu2022,motif_cd8_clustering,spatial,shap,0,0,0,0.0,0.0,0.0
density::tumor_density::Tumor,0,0,0,0,0.0,0.0,0.0,,False,density,hnc_wu2022,motif_cd8_clustering,spatial,shap,0,1,0,0.0,0.0,0.0
density::tissue_density::CD8 T cell,0,0,0,0,0.0,0.0,0.0,,True,density,hnc_wu2022,motif_cd8_clustering,spatial,shap,0,2,0,0.0,0.0,0.0
density::tissue_density::Tumor (Proliferating),0,0,0,0,0.0,0.0,0.0,,False,density,hnc_wu2022,motif_cd8_clustering,spatial,shap,0,3,0,0.0,0.0,0.0
density::tissue_density::Tumor (Proliferating),0,0,0,0,0.0,0.0,0.0,,False,density,hnc_wu2022,motif_cd8_clustering,spatial,shap,0,4,0,0.0,0.0,0.0
density::tissue_density::Tumor (Proliferating),0,0,0,0,0.0,0.0,0.0,,False,density,hnc_wu2022,motif_cd8_clustering,spatial,shap,1,0,0,0.0,0.0,0.0
density::tissue_density::Tumor (Proliferating),0,0,0,0,0.0,0.0,0.0,,False,density,hnc_wu2022,motif_cd8_clustering,spatial,shap,1,1,0,0.0,0.0,0.0
density::tissue_density::CD8 T cell,0,0,0,0,0.0,0.0,0.0,,True,density,hnc_wu2022,motif_cd8_clustering,spatial,shap,1,2,0,0.0,0.0,0.0
density::tumor_density::Tumor,0,0,0,0,0.0,0.0,0.0,,False,density,hnc_wu2022,motif_cd8_clustering,spatial,shap,1,3,0,0.0,0.0,0.0
density::tissue_density::Tumor (Proliferating),0,0,0,0,0.0,0.0,0.0,,False,density,hnc_wu2022,motif_cd8_clustering,spatial,shap,1,4,0,0.0,0.0,0.0
density::tissue_density::Tumor (Proliferating),0,0,0,0,0.0,0.0,0.0,,False,density,hnc_wu2022,motif_cd8_clustering,spatial,shap,2,0,0,0.0,0.0,0.0
density::tissue_density::Vessel,0,0,0,0,0.0,0.0,0.0,,False,density,hnc_wu2022,motif_cd8_clustering,spatial,shap,2,1,0,0.0,0.0,0.0
density::tissue_density::Macrophage,0,0,0,0,0.0,0.0,0.0,,False,density,hnc_wu2022,motif_cd8_clustering,spatial,shap,2,2,0,0.0,0.0,0.0
density::tissue_density::Tumor (Proliferating),0,0,0,0,0.0,0.0,0.0,,False,density,hnc_wu2022,motif_cd8_clustering,spatial,shap,2,3,0,0.0,0.0,0.0
density::tissue_density::Tumor (Proliferating),0,0,0,0,0.0,0.0,0.0,,False,density,hnc_wu2022,motif_cd8_clustering,spatial,shap,2,4,0,0.0,0.0,0.0
density::tumor_area_ratio,0,1,1,0,0.3333333333333333,0.2,0.5,2.0,False,density,hnc_wu2022,motif_immune_exclusion,spatial,lasso,0,0,2,0.0,0.5,0.5
density::tumor_area_ratio,0,1,1,0,0.3333333333333333,0.2,0.5,2.0,False,density,hnc_wu2022,motif_immune_exclusion,spatial,lasso,0,1,2,0.0,0.5,0.5
density::tumor_area_ratio,0,1,1,0,0.3333333333333333,0.2,0.5,2.0,False,density,hnc_wu2022,motif_immune_exclusion,spatial,lasso,0,2,2,0.0,0.5,0.5
density::tumor_area_ratio,0,1,1,0,0.3333333333333333,0.2,0.5,2.0,False,density,hnc_wu2022,motif_immune_exclusion,spatial,lasso,0,3,2,0.0,0.5,0.5
density::tumor_area_ratio,0,1,1,0,0.3333333333333333,0.2,0.5,2.0,False,density,hnc_wu2022,motif_immune_exclusion,spatial,lasso,0,4,2,0.0,0.5,0.5
density::tumor_area_ratio,0,1,1,0,0.3333333333333333,0.2,0.5,2.0,False,density,hnc_wu2022,motif_immune_exclusion,spatial,lasso,1,0,2,0.0,0.5,0.5
density::tumor_area_ratio,0,1,1,0,0.3333333333333333,0.2,0.5,2.0,False,density,hnc_wu2022,motif_immune_exclusion,spatial,lasso,1,1,2,0.0,0.5,0.5
density::tumor_area_ratio,0,1,1,0,0.3333333333333333,0.2,0.5,2.0,False,density,hnc_wu2022,motif_immune_exclusion,spatial,lasso,1,2,2,0.0,0.5,0.5
density::tumor_area_ratio,0,1,1,0,0.3333333333333333,0.2,0.5,2.0,False,density,hnc_wu2022,motif_immune_exclusion,spatial,lasso,1,3,2,0.0,0.5,0.5
density::tumor_area_ratio,0,1,1,0,0.3333333333333333,0.2,0.5,2.0,False,density,hnc_wu2022,motif_immune_exclusion,spatial,lasso,1,4,2,0.0,0.5,0.5
density::tumor_area_ratio,0,1,1,0,0.3333333333333333,0.2,0.5,2.0,False,density,hnc_wu2022,motif_immune_exclusion,spatial,lasso,2,0,2,0.0,0.5,0.5
density::tumor_area_ratio,0,1,1,0,0.3333333333333333,0.2,0.5,2.0,False,density,hnc_wu2022,motif_immune_exclusion,spatial,lasso,2,1,2,0.0,0.5,0.5
density::tumor_area_ratio,0,1,1,0,0.3333333333333333,0.2,0.5,2.0,False,density,hnc_wu2022,motif_immune_exclusion,spatial,lasso,2,2,2,0.0,0.5,0.5
density::tumor_area_ratio,0,1,1,0,0.3333333333333333,0.2,0.5,2.0,False,density,hnc_wu2022,motif_immune_exclusion,spatial,lasso,2,3,2,0.0,0.5,0.5
density::tumor_area_ratio,0,1,1,0,0.3333333333333333,0.2,0.5,2.0,False,density,hnc_wu2022,motif_immune_exclusion,spatial,lasso,2,4,2,0.0,0.5,0.5
density::tumor_area_ratio,0,1,2,0,0.3333333333333333,0.4,0.5,2.0,False,density,hnc_wu2022,motif_immune_exclusion,spatial,shap,0,0,2,0.0,0.5,1.0
density::tumor_area_ratio,0,0,1,0,0.0,0.2,0.25,4.0,False,density,hnc_wu2022,motif_immune_exclusion,spatial,shap,0,1,2,0.0,0.0,0.5
density::tissue_density::CD8 T cell,1,1,1,1,0.3333333333333333,0.2,1.0,1.0,False,density,hnc_wu2022,motif_immune_exclusion,spatial,shap,0,2,2,1.0,0.5,0.5
density::tumor_area_ratio,0,0,1,0,0.0,0.2,0.25,4.0,False,density,hnc_wu2022,motif_immune_exclusion,spatial,shap,0,3,2,0.0,0.0,0.5
density::tumor_area_ratio,0,1,1,0,0.3333333333333333,0.2,0.5,2.0,False,density,hnc_wu2022,motif_immune_exclusion,spatial,shap,0,4,2,0.0,0.5,0.5
density::tumor_area_ratio,0,1,2,0,0.3333333333333333,0.4,0.5,2.0,False,density,hnc_wu2022,motif_immune_exclusion,spatial,shap,1,0,2,0.0,0.5,1.0
density::tissue_density::CD8 T cell,1,1,1,1,0.3333333333333333,0.2,1.0,1.0,False,density,hnc_wu2022,motif_immune_exclusion,spatial,shap,1,1,2,1.0,0.5,0.5
density::tumor_area_ratio,0,0,1,0,0.0,0.2,0.2,5.0,False,density,hnc_wu2022,motif_immune_exclusion,spatial,shap,1,2,2,0.0,0.0,0.5
density::tumor_area_ratio,0,1,1,0,0.3333333333333333,0.2,0.5,2.0,False,density,hnc_wu2022,motif_immune_exclusion,spatial,shap,1,3,2,0.0,0.5,0.5
density::tumor_area_ratio,0,1,1,0,0.3333333333333333,0.2,0.3333333333333333,3.0,False,density,hnc_wu2022,motif_immune_exclusion,spatial,shap,1,4,2,0.0,0.5,0.5
density::tumor_area_ratio,0,1,1,0,0.3333333333333333,0.2,0.5,2.0,False,density,hnc_wu2022,motif_immune_exclusion,spatial,shap,2,0,2,0.0,0.5,0.5
density::tumor_area_ratio,0,1,2,0,0.3333333333333333,0.4,0.5,2.0,False,density,hnc_wu2022,motif_immune_exclusion,spatial,shap,2,1,2,0.0,0.5,1.0
density::tumor_area_ratio,0,1,1,0,0.3333333333333333,0.2,0.5,2.0,False,density,hnc_wu2022,motif_immune_exclusion,spatial,shap,2,2,2,0.0,0.5,0.5
density::tissue_density::CD8 T cell,1,1,1,1,0.3333333333333333,0.2,1.0,1.0,False,density,hnc_wu2022,motif_immune_exclusion,spatial,shap,2,3,2,1.0,0.5,0.5
density::tumor_area_ratio,0,1,1,0,0.3333333333333333,0.2,0.5,2.0,False,density,hnc_wu2022,motif_immune_exclusion,spatial,shap,2,4,2,0.0,0.5,0.5
density::tissue_density::CD8^+PD1^+T_{Ex},1,3,4,1,1.0,0.8,1.0,1.0,False,density,tnbc_wang2023,motif_cd8_high,control,lasso,0,0,4,1.0,1.0,1.0
density::tissue_density::CD8^+PD1^+T_{Ex},1,3,4,1,1.0,0.8,1.0,1.0,False,density,tnbc_wang2023,motif_cd8_high,control,lasso,0,1,4,1.0,1.0,1.0
density::tissue_density::CD8^+T,1,3,3,1,1.0,0.6,1.0,1.0,False,density,tnbc_wang2023,motif_cd8_high,control,lasso,0,2,4,1.0,1.0,0.75
density::tissue_density::CD8^+T,1,3,4,1,1.0,0.8,1.0,1.0,False,density,tnbc_wang2023,motif_cd8_high,control,lasso,0,3,4,1.0,1.0,1.0
density::tissue_density::CD8^+PD1^+T_{Ex},1,3,4,1,1.0,0.8,1.0,1.0,False,density,tnbc_wang2023,motif_cd8_high,control,lasso,0,4,4,1.0,1.0,1.0
density::tissue_density::CD8^+PD1^+T_{Ex},1,3,4,1,1.0,0.8,1.0,1.0,False,density,tnbc_wang2023,motif_cd8_high,control,lasso,1,0,4,1.0,1.0,1.0
density::tissue_density::CD8^+PD1^+T_{Ex},1,3,4,1,1.0,0.8,1.0,1.0,False,density,tnbc_wang2023,motif_cd8_high,control,lasso,1,1,4,1.0,1.0,1.0
density::tissue_density::CD8^+PD1^+T_{Ex},1,3,4,1,1.0,0.8,1.0,1.0,False,density,tnbc_wang2023,motif_cd8_high,control,lasso,1,2,4,1.0,1.0,1.0
density::tissue_density::CD8^+T,1,3,4,1,1.0,0.8,1.0,1.0,False,density,tnbc_wang2023,motif_cd8_high,control,lasso,1,3,4,1.0,1.0,1.0
density::tissue_density::CD8^+PD1^+T_{Ex},1,3,4,1,1.0,0.8,1.0,1.0,False,density,tnbc_wang2023,motif_cd8_high,control,lasso,1,4,4,1.0,1.0,1.0
density::tissue_density::CD8^+PD1^+T_{Ex},1,3,4,1,1.0,0.8,1.0,1.0,False,density,tnbc_wang2023,motif_cd8_high,control,lasso,2,0,4,1.0,1.0,1.0
density::tissue_density::CD8^+T,1,2,4,1,0.6666666666666666,0.8,1.0,1.0,False,density,tnbc_wang2023,motif_cd8_high,control,lasso,2,1,4,1.0,0.6666666666666666,1.0
density::tissue_density::CD8^+T,1,3,4,1,1.0,0.8,1.0,1.0,False,density,tnbc_wang2023,motif_cd8_high,control,lasso,2,2,4,1.0,1.0,1.0
density::tissue_density::CD8^+PD1^+T_{Ex},1,3,4,1,1.0,0.8,1.0,1.0,False,density,tnbc_wang2023,motif_cd8_high,control,lasso,2,3,4,1.0,1.0,1.0
density::tissue_density::CD8^+PD1^+T_{Ex},1,3,4,1,1.0,0.8,1.0,1.0,False,density,tnbc_wang2023,motif_cd8_high,control,lasso,2,4,4,1.0,1.0,1.0
density::tissue_density::CD8^+T,1,3,4,1,1.0,0.8,1.0,1.0,False,density,tnbc_wang2023,motif_cd8_high,control,shap,0,0,4,1.0,1.0,1.0
density::tissue_density::CD8^+PD1^+T_{Ex},1,2,3,1,0.6666666666666666,0.6,1.0,1.0,False,density,tnbc_wang2023,motif_cd8_high,control,shap,0,1,4,1.0,0.6666666666666666,0.75
density::tissue_density::CD8^+PD1^+T_{Ex},1,3,4,1,1.0,0.8,1.0,1.0,False,density,tnbc_wang2023,motif_cd8_high,control,shap,0,2,4,1.0,1.0,1.0
density::tissue_density::CD8^+GZMB^+T,1,3,4,1,1.0,0.8,1.0,1.0,False,density,tnbc_wang2023,motif_cd8_high,control,shap,0,3,4,1.0,1.0,1.0
density::tissue_density::CD8^+PD1^+T_{Ex},1,2,4,1,0.6666666666666666,0.8,1.0,1.0,False,density,tnbc_wang2023,motif_cd8_high,control,shap,0,4,4,1.0,0.6666666666666666,1.0
density::tissue_density::CD8^+T,1,3,4,1,1.0,0.8,1.0,1.0,False,density,tnbc_wang2023,motif_cd8_high,control,shap,1,0,4,1.0,1.0,1.0
density::tissue_density::CD8^+PD1^+T_{Ex},1,3,4,1,1.0,0.8,1.0,1.0,False,density,tnbc_wang2023,motif_cd8_high,control,shap,1,1,4,1.0,1.0,1.0
density::tissue_density::CD8^+PD1^+T_{Ex},1,3,4,1,1.0,0.8,1.0,1.0,False,density,tnbc_wang2023,motif_cd8_high,control,shap,1,2,4,1.0,1.0,1.0
density::tissue_density::CD8^+T,1,3,4,1,1.0,0.8,1.0,1.0,False,density,tnbc_wang2023,motif_cd8_high,control,shap,1,3,4,1.0,1.0,1.0
density::tissue_density::CD8^+PD1^+T_{Ex},1,2,3,1,0.6666666666666666,0.6,1.0,1.0,False,density,tnbc_wang2023,motif_cd8_high,control,shap,1,4,4,1.0,0.6666666666666666,0.75
density::tissue_density::CD8^+PD1^+T_{Ex},1,3,4,1,1.0,0.8,1.0,1.0,False,density,tnbc_wang2023,motif_cd8_high,control,shap,2,0,4,1.0,1.0,1.0
density::tissue_density::CD8^+T,1,2,3,1,0.6666666666666666,0.6,1.0,1.0,False,density,tnbc_wang2023,motif_cd8_high,control,shap,2,1,4,1.0,0.6666666666666666,0.75
density::tissue_density::CD8^+T,1,3,3,1,1.0,0.6,1.0,1.0,False,density,tnbc_wang2023,motif_cd8_high,control,shap,2,2,4,1.0,1.0,0.75
density::tissue_density::CD8^+PD1^+T_{Ex},1,3,4,1,1.0,0.8,1.0,1.0,False,density,tnbc_wang2023,motif_cd8_high,control,shap,2,3,4,1.0,1.0,1.0
density::tissue_density::CD8^+PD1^+T_{Ex},1,3,3,1,1.0,0.6,1.0,1.0,False,density,tnbc_wang2023,motif_cd8_high,control,shap,2,4,4,1.0,1.0,0.75
mixing::neighbor_fraction__Macrophage__to__T cell,1,3,5,1,1.0,1.0,1.0,1.0,False,mixing,bc_jackson2020,motif_apc_t_contact,spatial,lasso,0,0,407,1.0,1.0,1.0
mixing::neighbor_fraction__Macrophage__to__T cell,1,3,5,1,1.0,1.0,1.0,1.0,False,mixing,bc_jackson2020,motif_apc_t_contact,spatial,lasso,0,1,407,1.0,1.0,1.0
mixing::neighbor_fraction__Macrophage__to__T cell,1,3,5,1,1.0,1.0,1.0,1.0,False,mixing,bc_jackson2020,motif_apc_t_contact,spatial,lasso,0,2,407,1.0,1.0,1.0
mixing::neighbor_fraction__Macrophage__to__T cell,1,3,5,1,1.0,1.0,1.0,1.0,False,mixing,bc_jackson2020,motif_apc_t_contact,spatial,lasso,0,3,407,1.0,1.0,1.0
mixing::neighbor_fraction__Macrophage__to__T cell,1,3,5,1,1.0,1.0,1.0,1.0,False,mixing,bc_jackson2020,motif_apc_t_contact,spatial,lasso,0,4,407,1.0,1.0,1.0
mixing::neighbor_fraction__Macrophage__to__T cell,1,3,5,1,1.0,1.0,1.0,1.0,False,mixing,bc_jackson2020,motif_apc_t_contact,spatial,lasso,1,0,407,1.0,1.0,1.0
mixing::neighbor_fraction__Macrophage__to__T cell,1,3,5,1,1.0,1.0,1.0,1.0,False,mixing,bc_jackson2020,motif_apc_t_contact,spatial,lasso,1,1,407,1.0,1.0,1.0
mixing::neighbor_fraction__Macrophage__to__T cell,1,3,5,1,1.0,1.0,1.0,1.0,False,mixing,bc_jackson2020,motif_apc_t_contact,spatial,lasso,1,2,407,1.0,1.0,1.0
mixing::neighbor_fraction__Macrophage__to__T cell,1,3,5,1,1.0,1.0,1.0,1.0,False,mixing,bc_jackson2020,motif_apc_t_contact,spatial,lasso,1,3,407,1.0,1.0,1.0
mixing::neighbor_fraction__Macrophage__to__T cell,1,3,5,1,1.0,1.0,1.0,1.0,False,mixing,bc_jackson2020,motif_apc_t_contact,spatial,lasso,1,4,407,1.0,1.0,1.0
mixing::neighbor_fraction__Macrophage__to__T cell,1,3,5,1,1.0,1.0,1.0,1.0,False,mixing,bc_jackson2020,motif_apc_t_contact,spatial,lasso,2,0,407,1.0,1.0,1.0
mixing::neighbor_fraction__T cell__to__Macrophage,1,3,5,1,1.0,1.0,1.0,1.0,False,mixing,bc_jackson2020,motif_apc_t_contact,spatial,lasso,2,1,407,1.0,1.0,1.0
mixing::neighbor_fraction__Macrophage__to__T cell,1,3,5,1,1.0,1.0,1.0,1.0,False,mixing,bc_jackson2020,motif_apc_t_contact,spatial,lasso,2,2,407,1.0,1.0,1.0
mixing::neighbor_fraction__Macrophage__to__T cell,1,3,5,1,1.0,1.0,1.0,1.0,False,mixing,bc_jackson2020,motif_apc_t_contact,spatial,lasso,2,3,407,1.0,1.0,1.0
mixing::neighbor_fraction__Macrophage__to__T cell,1,3,5,1,1.0,1.0,1.0,1.0,False,mixing,bc_jackson2020,motif_apc_t_contact,spatial,lasso,2,4,407,1.0,1.0,1.0
mixing::neighbor_fraction__Macrophage__to__T cell,1,3,5,1,1.0,1.0,1.0,1.0,False,mixing,bc_jackson2020,motif_apc_t_contact,spatial,shap,0,0,407,1.0,1.0,1.0
mixing::neighbor_fraction__Macrophage__to__T cell,1,3,5,1,1.0,1.0,1.0,1.0,False,mixing,bc_jackson2020,motif_apc_t_contact,spatial,shap,0,1,407,1.0,1.0,1.0
mixing::neighbor_fraction__Macrophage__to__T cell,1,3,5,1,1.0,1.0,1.0,1.0,False,mixing,bc_jackson2020,motif_apc_t_contact,spatial,shap,0,2,407,1.0,1.0,1.0
mixing::neighbor_fraction__Macrophage__to__T cell,1,3,5,1,1.0,1.0,1.0,1.0,False,mixing,bc_jackson2020,motif_apc_t_contact,spatial,shap,0,3,407,1.0,1.0,1.0
mixing::neighbor_fraction__Macrophage__to__T cell,1,3,5,1,1.0,1.0,1.0,1.0,False,mixing,bc_jackson2020,motif_apc_t_contact,spatial,shap,0,4,407,1.0,1.0,1.0
mixing::neighbor_fraction__Macrophage__to__T cell,1,3,5,1,1.0,1.0,1.0,1.0,False,mixing,bc_jackson2020,motif_apc_t_contact,spatial,shap,1,0,407,1.0,1.0,1.0
mixing::neighbor_fraction__Macrophage__to__T cell,1,3,5,1,1.0,1.0,1.0,1.0,False,mixing,bc_jackson2020,motif_apc_t_contact,spatial,shap,1,1,407,1.0,1.0,1.0
mixing::neighbor_fraction__Tumor (Hypoxic)__to__Tumor (CK lo HR hi p53+),1,3,5,1,1.0,1.0,1.0,1.0,False,mixing,bc_jackson2020,motif_apc_t_contact,spatial,shap,1,2,407,1.0,1.0,1.0
mixing::neighbor_fraction__Macrophage__to__T cell,1,3,5,1,1.0,1.0,1.0,1.0,False,mixing,bc_jackson2020,motif_apc_t_contact,spatial,shap,1,3,407,1.0,1.0,1.0
mixing::neighbor_fraction__Macrophage__to__T cell,1,3,5,1,1.0,1.0,1.0,1.0,False,mixing,bc_jackson2020,motif_apc_t_contact,spatial,shap,1,4,407,1.0,1.0,1.0
mixing::neighbor_fraction__Macrophage__to__T cell,1,3,5,1,1.0,1.0,1.0,1.0,False,mixing,bc_jackson2020,motif_apc_t_contact,spatial,shap,2,0,407,1.0,1.0,1.0
mixing::neighbor_fraction__T cell__to__Macrophage,1,3,5,1,1.0,1.0,1.0,1.0,False,mixing,bc_jackson2020,motif_apc_t_contact,spatial,shap,2,1,407,1.0,1.0,1.0
mixing::neighbor_fraction__Tumor (Hypoxic)__to__Tumor (CK lo HR hi p53+),1,3,5,1,1.0,1.0,1.0,1.0,False,mixing,bc_jackson2020,motif_apc_t_contact,spatial,shap,2,2,407,1.0,1.0,1.0
mixing::neighbor_fraction__Macrophage__to__T cell,1,3,5,1,1.0,1.0,1.0,1.0,False,mixing,bc_jackson2020,motif_apc_t_contact,spatial,shap,2,3,407,1.0,1.0,1.0
mixing::neighbor_fraction__Macrophage__to__T cell,1,3,5,1,1.0,1.0,1.0,1.0,False,mixing,bc_jackson2020,motif_apc_t_contact,spatial,shap,2,4,407,1.0,1.0,1.0
mixing::neighbor_fraction__T cell__to__T cell,1,3,5,1,1.0,1.0,1.0,1.0,False,mixing,bc_jackson2020,motif_cd8_tumor_contact,spatial,lasso,0,0,407,1.0,1.0,1.0
mixing::neighbor_fraction__T cell__to__T cell,1,3,5,1,1.0,1.0,1.0,1.0,False,mixing,bc_jackson2020,motif_cd8_tumor_contact,spatial,lasso,0,1,407,1.0,1.0,1.0
mixing::neighbor_fraction__T cell__to__T cell,1,3,5,1,1.0,1.0,1.0,1.0,False,mixing,bc_jackson2020,motif_cd8_tumor_contact,spatial,lasso,0,2,407,1.0,1.0,1.0
mixing::neighbor_fraction__T cell__to__T cell,1,3,5,1,1.0,1.0,1.0,1.0,False,mixing,bc_jackson2020,motif_cd8_tumor_contact,spatial,lasso,0,3,407,1.0,1.0,1.0
mixing::neighbor_fraction__T cell__to__T cell,1,3,5,1,1.0,1.0,1.0,1.0,False,mixing,bc_jackson2020,motif_cd8_tumor_contact,spatial,lasso,0,4,407,1.0,1.0,1.0
mixing::neighbor_fraction__T cell__to__T cell,1,3,5,1,1.0,1.0,1.0,1.0,False,mixing,bc_jackson2020,motif_cd8_tumor_contact,spatial,lasso,1,0,407,1.0,1.0,1.0
mixing::neighbor_fraction__T cell__to__T cell,1,3,5,1,1.0,1.0,1.0,1.0,False,mixing,bc_jackson2020,motif_cd8_tumor_contact,spatial,lasso,1,1,407,1.0,1.0,1.0
mixing::neighbor_fraction__T cell__to__T cell,1,3,5,1,1.0,1.0,1.0,1.0,False,mixing,bc_jackson2020,motif_cd8_tumor_contact,spatial,lasso,1,2,407,1.0,1.0,1.0
mixing::neighbor_fraction__T cell__to__T cell,1,3,5,1,1.0,1.0,1.0,1.0,False,mixing,bc_jackson2020,motif_cd8_tumor_contact,spatial,lasso,1,3,407,1.0,1.0,1.0
mixing::neighbor_fraction__T cell__to__T cell,1,3,5,1,1.0,1.0,1.0,1.0,False,mixing,bc_jackson2020,motif_cd8_tumor_contact,spatial,lasso,1,4,407,1.0,1.0,1.0
mixing::neighbor_fraction__T cell__to__T cell,1,3,5,1,1.0,1.0,1.0,1.0,False,mixing,bc_jackson2020,motif_cd8_tumor_contact,spatial,lasso,2,0,407,1.0,1.0,1.0
mixing::neighbor_fraction__T cell__to__T cell,1,3,5,1,1.0,1.0,1.0,1.0,False,mixing,bc_jackson2020,motif_cd8_tumor_contact,spatial,lasso,2,1,407,1.0,1.0,1.0
mixing::neighbor_fraction__T cell__to__T cell,1,3,5,1,1.0,1.0,1.0,1.0,False,mixing,bc_jackson2020,motif_cd8_tumor_contact,spatial,lasso,2,2,407,1.0,1.0,1.0
mixing::neighbor_fraction__T cell__to__T cell,1,3,5,1,1.0,1.0,1.0,1.0,False,mixing,bc_jackson2020,motif_cd8_tumor_contact,spatial,lasso,2,3,407,1.0,1.0,1.0
mixing::neighbor_fraction__T cell__to__T cell,1,3,5,1,1.0,1.0,1.0,1.0,False,mixing,bc_jackson2020,motif_cd8_tumor_contact,spatial,lasso,2,4,407,1.0,1.0,1.0
mixing::neighbor_fraction__T cell__to__T cell,1,3,5,1,1.0,1.0,1.0,1.0,False,mixing,bc_jackson2020,motif_cd8_tumor_contact,spatial,shap,0,0,407,1.0,1.0,1.0
mixing::neighbor_fraction__T cell__to__T cell,1,3,5,1,1.0,1.0,1.0,1.0,False,mixing,bc_jackson2020,motif_cd8_tumor_contact,spatial,shap,0,1,407,1.0,1.0,1.0
mixing::neighbor_fraction__T cell__to__T cell,1,3,5,1,1.0,1.0,1.0,1.0,False,mixing,bc_jackson2020,motif_cd8_tumor_contact,spatial,shap,0,2,407,1.0,1.0,1.0
mixing::neighbor_fraction__T cell__to__Stromal cells,1,3,5,1,1.0,1.0,1.0,1.0,False,mixing,bc_jackson2020,motif_cd8_tumor_contact,spatial,shap,0,3,407,1.0,1.0,1.0
mixing::neighbor_fraction__T cell__to__T cell,1,3,5,1,1.0,1.0,1.0,1.0,False,mixing,bc_jackson2020,motif_cd8_tumor_contact,spatial,shap,0,4,407,1.0,1.0,1.0
mixing::neighbor_fraction__T cell__to__T cell,1,3,5,1,1.0,1.0,1.0,1.0,False,mixing,bc_jackson2020,motif_cd8_tumor_contact,spatial,shap,1,0,407,1.0,1.0,1.0
mixing::neighbor_fraction__T cell__to__T cell,1,3,5,1,1.0,1.0,1.0,1.0,False,mixing,bc_jackson2020,motif_cd8_tumor_contact,spatial,shap,1,1,407,1.0,1.0,1.0
mixing::neighbor_fraction__T cell__to__T cell,1,3,5,1,1.0,1.0,1.0,1.0,False,mixing,bc_jackson2020,motif_cd8_tumor_contact,spatial,shap,1,2,407,1.0,1.0,1.0
mixing::local_mixing_std,1,3,5,1,1.0,1.0,1.0,1.0,False,mixing,bc_jackson2020,motif_cd8_tumor_contact,spatial,shap,1,3,407,1.0,1.0,1.0
mixing::neighbor_fraction__T cell__to__T cell,1,3,5,1,1.0,1.0,1.0,1.0,False,mixing,bc_jackson2020,motif_cd8_tumor_contact,spatial,shap,1,4,407,1.0,1.0,1.0
mixing::neighbor_fraction__T cell__to__T cell,1,3,5,1,1.0,1.0,1.0,1.0,False,mixing,bc_jackson2020,motif_cd8_tumor_contact,spatial,shap,2,0,407,1.0,1.0,1.0
mixing::neighbor_fraction__T cell__to__T cell,1,3,5,1,1.0,1.0,1.0,1.0,False,mixing,bc_jackson2020,motif_cd8_tumor_contact,spatial,shap,2,1,407,1.0,1.0,1.0
mixing::neighbor_fraction__T cell__to__T cell,1,3,5,1,1.0,1.0,1.0,1.0,False,mixing,bc_jackson2020,motif_cd8_tumor_contact,spatial,shap,2,2,407,1.0,1.0,1.0
mixing::neighbor_fraction__T cell__to__T cell,1,3,5,1,1.0,1.0,1.0,1.0,False,mixing,bc_jackson2020,motif_cd8_tumor_contact,spatial,shap,2,3,407,1.0,1.0,1.0
mixing::neighbor_fraction__T cell__to__T cell,1,3,5,1,1.0,1.0,1.0,1.0,False,mixing,bc_jackson2020,motif_cd8_tumor_contact,spatial,shap,2,4,407,1.0,1.0,1.0
mixing::neighbor_fraction__Macrophage__to__Stromal cells,1,3,5,1,1.0,1.0,1.0,1.0,False,mixing,bc_jackson2020,motif_macrophage_tumor_niche,spatial,lasso,0,0,407,1.0,1.0,1.0
mixing::neighbor_fraction__Macrophage__to__Stromal cells,1,3,5,1,1.0,1.0,1.0,1.0,False,mixing,bc_jackson2020,motif_macrophage_tumor_niche,spatial,lasso,0,1,407,1.0,1.0,1.0
mixing::neighbor_fraction__Macrophage__to__Stromal cells,1,3,5,1,1.0,1.0,1.0,1.0,False,mixing,bc_jackson2020,motif_macrophage_tumor_niche,spatial,lasso,0,2,407,1.0,1.0,1.0
mixing::neighbor_fraction__Macrophage__to__Stromal cells,1,3,5,1,1.0,1.0,1.0,1.0,False,mixing,bc_jackson2020,motif_macrophage_tumor_niche,spatial,lasso,0,3,407,1.0,1.0,1.0
mixing::neighbor_fraction__Macrophage__to__Stromal cells,1,3,5,1,1.0,1.0,1.0,1.0,False,mixing,bc_jackson2020,motif_macrophage_tumor_niche,spatial,lasso,0,4,407,1.0,1.0,1.0
mixing::neighbor_fraction__Macrophage__to__Stromal cells,1,3,5,1,1.0,1.0,1.0,1.0,False,mixing,bc_jackson2020,motif_macrophage_tumor_niche,spatial,lasso,1,0,407,1.0,1.0,1.0
mixing::neighbor_fraction__Macrophage__to__Stromal cells,1,3,5,1,1.0,1.0,1.0,1.0,False,mixing,bc_jackson2020,motif_macrophage_tumor_niche,spatial,lasso,1,1,407,1.0,1.0,1.0
mixing::neighbor_fraction__Macrophage__to__Stromal cells,1,3,5,1,1.0,1.0,1.0,1.0,False,mixing,bc_jackson2020,motif_macrophage_tumor_niche,spatial,lasso,1,2,407,1.0,1.0,1.0
mixing::neighbor_fraction__Macrophage__to__Stromal cells,1,3,5,1,1.0,1.0,1.0,1.0,False,mixing,bc_jackson2020,motif_macrophage_tumor_niche,spatial,lasso,1,3,407,1.0,1.0,1.0
mixing::neighbor_fraction__Macrophage__to__Stromal cells,1,3,5,1,1.0,1.0,1.0,1.0,False,mixing,bc_jackson2020,motif_macrophage_tumor_niche,spatial,lasso,1,4,407,1.0,1.0,1.0
mixing::neighbor_fraction__Macrophage__to__Stromal cells,1,3,5,1,1.0,1.0,1.0,1.0,False,mixing,bc_jackson2020,motif_macrophage_tumor_niche,spatial,lasso,2,0,407,1.0,1.0,1.0
mixing::neighbor_fraction__Macrophage__to__Stromal cells,1,3,5,1,1.0,1.0,1.0,1.0,False,mixing,bc_jackson2020,motif_macrophage_tumor_niche,spatial,lasso,2,1,407,1.0,1.0,1.0
mixing::neighbor_fraction__Macrophage__to__Stromal cells,1,3,5,1,1.0,1.0,1.0,1.0,False,mixing,bc_jackson2020,motif_macrophage_tumor_niche,spatial,lasso,2,2,407,1.0,1.0,1.0
mixing::neighbor_fraction__Macrophage__to__Stromal cells,1,3,5,1,1.0,1.0,1.0,1.0,False,mixing,bc_jackson2020,motif_macrophage_tumor_niche,spatial,lasso,2,3,407,1.0,1.0,1.0
mixing::neighbor_fraction__Macrophage__to__Stromal cells,1,3,5,1,1.0,1.0,1.0,1.0,False,mixing,bc_jackson2020,motif_macrophage_tumor_niche,spatial,lasso,2,4,407,1.0,1.0,1.0
mixing::neighbor_fraction__Macrophage__to__Stromal cells,1,3,5,1,1.0,1.0,1.0,1.0,False,mixing,bc_jackson2020,motif_macrophage_tumor_niche,spatial,shap,0,0,407,1.0,1.0,1.0
mixing::neighbor_fraction__Macrophage__to__Stromal cells,1,3,5,1,1.0,1.0,1.0,1.0,False,mixing,bc_jackson2020,motif_macrophage_tumor_niche,spatial,shap,0,1,407,1.0,1.0,1.0
mixing::neighbor_fraction__Endothelial__to__Tumor (CK lo HR hi p53+),1,3,5,1,1.0,1.0,1.0,1.0,False,mixing,bc_jackson2020,motif_macrophage_tumor_niche,spatial,shap,0,2,407,1.0,1.0,1.0
mixing::neighbor_fraction__Macrophage__to__Stromal cells,1,3,5,1,1.0,1.0,1.0,1.0,False,mixing,bc_jackson2020,motif_macrophage_tumor_niche,spatial,shap,0,3,407,1.0,1.0,1.0
mixing::neighbor_fraction__Macrophage__to__Stromal cells,1,3,5,1,1.0,1.0,1.0,1.0,False,mixing,bc_jackson2020,motif_macrophage_tumor_niche,spatial,shap,0,4,407,1.0,1.0,1.0
mixing::neighbor_fraction__Macrophage__to__Stromal cells,1,3,5,1,1.0,1.0,1.0,1.0,False,mixing,bc_jackson2020,motif_macrophage_tumor_niche,spatial,shap,1,0,407,1.0,1.0,1.0
mixing::neighbor_fraction__Macrophage__to__Stromal cells,1,3,5,1,1.0,1.0,1.0,1.0,False,mixing,bc_jackson2020,motif_macrophage_tumor_niche,spatial,shap,1,1,407,1.0,1.0,1.0
mixing::neighbor_fraction__Macrophage__to__Stromal cells,1,3,5,1,1.0,1.0,1.0,1.0,False,mixing,bc_jackson2020,motif_macrophage_tumor_niche,spatial,shap,1,2,407,1.0,1.0,1.0
mixing::neighbor_fraction__Macrophage__to__Stromal cells,1,3,5,1,1.0,1.0,1.0,1.0,False,mixing,bc_jackson2020,motif_macrophage_tumor_niche,spatial,shap,1,3,407,1.0,1.0,1.0
mixing::neighbor_fraction__Macrophage__to__Stromal cells,1,3,5,1,1.0,1.0,1.0,1.0,False,mixing,bc_jackson2020,motif_macrophage_tumor_niche,spatial,shap,1,4,407,1.0,1.0,1.0
mixing::neighbor_fraction__Endothelial__to__Tumor (CK lo HR hi p53+),1,3,5,1,1.0,1.0,1.0,1.0,False,mixing,bc_jackson2020,motif_macrophage_tumor_niche,spatial,shap,2,0,407,1.0,1.0,1.0
mixing::neighbor_fraction__Macrophage__to__Stromal cells,1,3,5,1,1.0,1.0,1.0,1.0,False,mixing,bc_jackson2020,motif_macrophage_tumor_niche,spatial,shap,2,1,407,1.0,1.0,1.0
mixing::neighbor_fraction__Macrophage__to__Stromal cells,1,3,5,1,1.0,1.0,1.0,1.0,False,mixing,bc_jackson2020,motif_macrophage_tumor_niche,spatial,shap,2,2,407,1.0,1.0,1.0
mixing::neighbor_fraction__Macrophage__to__Stromal cells,1,3,5,1,1.0,1.0,1.0,1.0,False,mixing,bc_jackson2020,motif_macrophage_tumor_niche,spatial,shap,2,3,407,1.0,1.0,1.0
mixing::neighbor_fraction__Macrophage__to__Stromal cells,1,3,5,1,1.0,1.0,1.0,1.0,False,mixing,bc_jackson2020,motif_macrophage_tumor_niche,spatial,shap,2,4,407,1.0,1.0,1.0
mixing::neighbor_fraction__T cell__to__T cell,1,3,5,1,1.0,1.0,1.0,1.0,False,mixing,bc_jackson2020,motif_t_tumor_mixing,spatial,lasso,0,0,407,1.0,1.0,1.0
mixing::neighbor_fraction__T cell__to__T cell,1,3,5,1,1.0,1.0,1.0,1.0,False,mixing,bc_jackson2020,motif_t_tumor_mixing,spatial,lasso,0,1,407,1.0,1.0,1.0
mixing::neighbor_fraction__T cell__to__T cell,1,3,5,1,1.0,1.0,1.0,1.0,False,mixing,bc_jackson2020,motif_t_tumor_mixing,spatial,lasso,0,2,407,1.0,1.0,1.0
mixing::local_mixing_std,1,3,5,1,1.0,1.0,1.0,1.0,False,mixing,bc_jackson2020,motif_t_tumor_mixing,spatial,lasso,0,3,407,1.0,1.0,1.0
mixing::neighbor_fraction__T cell__to__T cell,1,3,5,1,1.0,1.0,1.0,1.0,False,mixing,bc_jackson2020,motif_t_tumor_mixing,spatial,lasso,0,4,407,1.0,1.0,1.0
mixing::neighbor_fraction__T cell__to__T cell,1,3,5,1,1.0,1.0,1.0,1.0,False,mixing,bc_jackson2020,motif_t_tumor_mixing,spatial,lasso,1,0,407,1.0,1.0,1.0
mixing::neighbor_fraction__T cell__to__T cell,1,3,5,1,1.0,1.0,1.0,1.0,False,mixing,bc_jackson2020,motif_t_tumor_mixing,spatial,lasso,1,1,407,1.0,1.0,1.0
mixing::neighbor_fraction__T cell__to__T cell,1,3,5,1,1.0,1.0,1.0,1.0,False,mixing,bc_jackson2020,motif_t_tumor_mixing,spatial,lasso,1,2,407,1.0,1.0,1.0
mixing::neighbor_fraction__T cell__to__T cell,1,3,5,1,1.0,1.0,1.0,1.0,False,mixing,bc_jackson2020,motif_t_tumor_mixing,spatial,lasso,1,3,407,1.0,1.0,1.0
mixing::neighbor_fraction__T cell__to__T cell,1,3,5,1,1.0,1.0,1.0,1.0,False,mixing,bc_jackson2020,motif_t_tumor_mixing,spatial,lasso,1,4,407,1.0,1.0,1.0
mixing::neighbor_fraction__T cell__to__T cell,1,3,5,1,1.0,1.0,1.0,1.0,False,mixing,bc_jackson2020,motif_t_tumor_mixing,spatial,lasso,2,0,407,1.0,1.0,1.0
mixing::neighbor_fraction__T cell__to__T cell,1,3,5,1,1.0,1.0,1.0,1.0,False,mixing,bc_jackson2020,motif_t_tumor_mixing,spatial,lasso,2,1,407,1.0,1.0,1.0
mixing::neighbor_fraction__T cell__to__T cell,1,3,5,1,1.0,1.0,1.0,1.0,False,mixing,bc_jackson2020,motif_t_tumor_mixing,spatial,lasso,2,2,407,1.0,1.0,1.0
mixing::neighbor_fraction__T cell__to__T cell,1,3,5,1,1.0,1.0,1.0,1.0,False,mixing,bc_jackson2020,motif_t_tumor_mixing,spatial,lasso,2,3,407,1.0,1.0,1.0
mixing::neighbor_fraction__T cell__to__T cell,1,3,5,1,1.0,1.0,1.0,1.0,False,mixing,bc_jackson2020,motif_t_tumor_mixing,spatial,lasso,2,4,407,1.0,1.0,1.0
mixing::neighbor_fraction__T cell__to__T cell,1,3,5,1,1.0,1.0,1.0,1.0,False,mixing,bc_jackson2020,motif_t_tumor_mixing,spatial,shap,0,0,407,1.0,1.0,1.0
mixing::neighbor_fraction__T cell__to__T cell,1,3,5,1,1.0,1.0,1.0,1.0,False,mixing,bc_jackson2020,motif_t_tumor_mixing,spatial,shap,0,1,407,1.0,1.0,1.0
mixing::neighbor_fraction__T cell__to__T cell,1,3,5,1,1.0,1.0,1.0,1.0,False,mixing,bc_jackson2020,motif_t_tumor_mixing,spatial,shap,0,2,407,1.0,1.0,1.0
mixing::shannon_entropy_global,1,3,5,1,1.0,1.0,1.0,1.0,False,mixing,bc_jackson2020,motif_t_tumor_mixing,spatial,shap,0,3,407,1.0,1.0,1.0
mixing::neighbor_fraction__T cell__to__T cell,1,3,5,1,1.0,1.0,1.0,1.0,False,mixing,bc_jackson2020,motif_t_tumor_mixing,spatial,shap,0,4,407,1.0,1.0,1.0
mixing::neighbor_fraction__T cell__to__T cell,1,3,5,1,1.0,1.0,1.0,1.0,False,mixing,bc_jackson2020,motif_t_tumor_mixing,spatial,shap,1,0,407,1.0,1.0,1.0
mixing::neighbor_fraction__T cell__to__T cell,1,3,5,1,1.0,1.0,1.0,1.0,False,mixing,bc_jackson2020,motif_t_tumor_mixing,spatial,shap,1,1,407,1.0,1.0,1.0
mixing::neighbor_fraction__T cell__to__T cell,1,3,5,1,1.0,1.0,1.0,1.0,False,mixing,bc_jackson2020,motif_t_tumor_mixing,spatial,shap,1,2,407,1.0,1.0,1.0
mixing::local_mixing_std,1,3,5,1,1.0,1.0,1.0,1.0,False,mixing,bc_jackson2020,motif_t_tumor_mixing,spatial,shap,1,3,407,1.0,1.0,1.0
mixing::neighbor_fraction__T cell__to__T cell,1,3,5,1,1.0,1.0,1.0,1.0,False,mixing,bc_jackson2020,motif_t_tumor_mixing,spatial,shap,1,4,407,1.0,1.0,1.0
mixing::neighbor_fraction__T cell__to__T cell,1,3,5,1,1.0,1.0,1.0,1.0,False,mixing,bc_jackson2020,motif_t_tumor_mixing,spatial,shap,2,0,407,1.0,1.0,1.0
mixing::neighbor_fraction__Endothelial__to__Tumor (CK lo HR hi p53+),1,3,5,1,1.0,1.0,1.0,1.0,False,mixing,bc_jackson2020,motif_t_tumor_mixing,spatial,shap,2,1,407,1.0,1.0,1.0
mixing::neighbor_fraction__T cell__to__T cell,1,3,5,1,1.0,1.0,1.0,1.0,False,mixing,bc_jackson2020,motif_t_tumor_mixing,spatial,shap,2,2,407,1.0,1.0,1.0
mixing::neighbor_fraction__T cell__to__T cell,1,3,5,1,1.0,1.0,1.0,1.0,False,mixing,bc_jackson2020,motif_t_tumor_mixing,spatial,shap,2,3,407,1.0,1.0,1.0
mixing::neighbor_fraction__T cell__to__T cell,1,3,5,1,1.0,1.0,1.0,1.0,False,mixing,bc_jackson2020,motif_t_tumor_mixing,spatial,shap,2,4,407,1.0,1.0,1.0
mixing::neighbor_fraction__T cell__to__Stromal cells,0,0,0,0,0.0,0.0,0.0,,False,mixing,bc_jackson2020,motif_tumor_high,control,lasso,0,0,0,0.0,0.0,0.0
mixing::neighbor_fraction__Stromal cells__to__Stromal cells,0,0,0,0,0.0,0.0,0.0,,False,mixing,bc_jackson2020,motif_tumor_high,control,lasso,0,1,0,0.0,0.0,0.0
mixing::neighbor_fraction__Stromal cells__to__Stromal cells,0,0,0,0,0.0,0.0,0.0,,False,mixing,bc_jackson2020,motif_tumor_high,control,lasso,0,2,0,0.0,0.0,0.0
mixing::neighbor_fraction__Stromal cells__to__Stromal cells,0,0,0,0,0.0,0.0,0.0,,False,mixing,bc_jackson2020,motif_tumor_high,control,lasso,0,3,0,0.0,0.0,0.0
mixing::neighbor_fraction__Stromal cells__to__Stromal cells,0,0,0,0,0.0,0.0,0.0,,False,mixing,bc_jackson2020,motif_tumor_high,control,lasso,0,4,0,0.0,0.0,0.0
mixing::neighbor_fraction__Stromal cells__to__Stromal cells,0,0,0,0,0.0,0.0,0.0,,False,mixing,bc_jackson2020,motif_tumor_high,control,lasso,1,0,0,0.0,0.0,0.0
mixing::neighbor_fraction__T cell__to__Stromal cells,0,0,0,0,0.0,0.0,0.0,,False,mixing,bc_jackson2020,motif_tumor_high,control,lasso,1,1,0,0.0,0.0,0.0
mixing::neighbor_fraction__Stromal cells__to__Stromal cells,0,0,0,0,0.0,0.0,0.0,,False,mixing,bc_jackson2020,motif_tumor_high,control,lasso,1,2,0,0.0,0.0,0.0
mixing::neighbor_fraction__Stromal cells__to__Stromal cells,0,0,0,0,0.0,0.0,0.0,,False,mixing,bc_jackson2020,motif_tumor_high,control,lasso,1,3,0,0.0,0.0,0.0
mixing::neighbor_fraction__Stromal cells__to__Stromal cells,0,0,0,0,0.0,0.0,0.0,,False,mixing,bc_jackson2020,motif_tumor_high,control,lasso,1,4,0,0.0,0.0,0.0
mixing::neighbor_fraction__Stromal cells__to__Stromal cells,0,0,0,0,0.0,0.0,0.0,,False,mixing,bc_jackson2020,motif_tumor_high,control,lasso,2,0,0,0.0,0.0,0.0
mixing::neighbor_fraction__Stromal cells__to__Stromal cells,0,0,0,0,0.0,0.0,0.0,,False,mixing,bc_jackson2020,motif_tumor_high,control,lasso,2,1,0,0.0,0.0,0.0
mixing::neighbor_fraction__T cell__to__Stromal cells,0,0,0,0,0.0,0.0,0.0,,False,mixing,bc_jackson2020,motif_tumor_high,control,lasso,2,2,0,0.0,0.0,0.0
mixing::neighbor_fraction__Stromal cells__to__Stromal cells,0,0,0,0,0.0,0.0,0.0,,False,mixing,bc_jackson2020,motif_tumor_high,control,lasso,2,3,0,0.0,0.0,0.0
mixing::neighbor_fraction__T cell__to__Stromal cells,0,0,0,0,0.0,0.0,0.0,,False,mixing,bc_jackson2020,motif_tumor_high,control,lasso,2,4,0,0.0,0.0,0.0
mixing::neighbor_fraction__Stromal cells__to__Stromal cells,0,0,0,0,0.0,0.0,0.0,,False,mixing,bc_jackson2020,motif_tumor_high,control,shap,0,0,0,0.0,0.0,0.0
mixing::neighbor_fraction__Stromal cells__to__Stromal cells,0,0,0,0,0.0,0.0,0.0,,False,mixing,bc_jackson2020,motif_tumor_high,control,shap,0,1,0,0.0,0.0,0.0
mixing::neighbor_fraction__Stromal cells__to__Stromal cells,0,0,0,0,0.0,0.0,0.0,,False,mixing,bc_jackson2020,motif_tumor_high,control,shap,0,2,0,0.0,0.0,0.0
mixing::neighbor_fraction__Stromal cells__to__Stromal cells,0,0,0,0,0.0,0.0,0.0,,False,mixing,bc_jackson2020,motif_tumor_high,control,shap,0,3,0,0.0,0.0,0.0
mixing::neighbor_fraction__Stromal cells__to__Stromal cells,0,0,0,0,0.0,0.0,0.0,,False,mixing,bc_jackson2020,motif_tumor_high,control,shap,0,4,0,0.0,0.0,0.0
mixing::neighbor_fraction__Stromal cells__to__Stromal cells,0,0,0,0,0.0,0.0,0.0,,False,mixing,bc_jackson2020,motif_tumor_high,control,shap,1,0,0,0.0,0.0,0.0
mixing::neighbor_fraction__Stromal cells__to__Stromal cells,0,0,0,0,0.0,0.0,0.0,,False,mixing,bc_jackson2020,motif_tumor_high,control,shap,1,1,0,0.0,0.0,0.0
mixing::neighbor_fraction__Stromal cells__to__Stromal cells,0,0,0,0,0.0,0.0,0.0,,False,mixing,bc_jackson2020,motif_tumor_high,control,shap,1,2,0,0.0,0.0,0.0
mixing::neighbor_fraction__Tumor (CK7+)__to__Tumor (p53+ EGFR+),0,0,0,0,0.0,0.0,0.0,,False,mixing,bc_jackson2020,motif_tumor_high,control,shap,1,3,0,0.0,0.0,0.0
mixing::neighbor_fraction__Stromal cells__to__Stromal cells,0,0,0,0,0.0,0.0,0.0,,False,mixing,bc_jackson2020,motif_tumor_high,control,shap,1,4,0,0.0,0.0,0.0
mixing::neighbor_fraction__Stromal cells__to__Stromal cells,0,0,0,0,0.0,0.0,0.0,,False,mixing,bc_jackson2020,motif_tumor_high,control,shap,2,0,0,0.0,0.0,0.0
mixing::neighbor_fraction__Stromal cells__to__Stromal cells,0,0,0,0,0.0,0.0,0.0,,False,mixing,bc_jackson2020,motif_tumor_high,control,shap,2,1,0,0.0,0.0,0.0
mixing::neighbor_fraction__T cell__to__Stromal cells,0,0,0,0,0.0,0.0,0.0,,False,mixing,bc_jackson2020,motif_tumor_high,control,shap,2,2,0,0.0,0.0,0.0
mixing::neighbor_fraction__Tumor (CK7+ CK hi Ecadh hi)__to__Tumor (CK lo HR hi p53+),0,0,0,0,0.0,0.0,0.0,,False,mixing,bc_jackson2020,motif_tumor_high,control,shap,2,3,0,0.0,0.0,0.0
mixing::neighbor_fraction__Stromal cells__to__Stromal cells,0,0,0,0,0.0,0.0,0.0,,False,mixing,bc_jackson2020,motif_tumor_high,control,shap,2,4,0,0.0,0.0,0.0
mixing::neighbor_fraction__HR+ CK7- Slug+__to__HRlow CKlow,0,0,0,0,0.0,0.0,0.0,,False,mixing,bc_metabric_ali2020,motif_interface_immune,spatial,lasso,0,0,0,0.0,0.0,0.0
mixing::neighbor_fraction__HR- CK7-__to__Macrophages Vim+ Slug+,0,0,0,0,0.0,0.0,0.0,,False,mixing,bc_metabric_ali2020,motif_interface_immune,spatial,lasso,0,1,0,0.0,0.0,0.0
mixing::neighbor_fraction__B cells__to__Fibroblasts,0,0,0,0,0.0,0.0,0.0,,False,mixing,bc_metabric_ali2020,motif_interface_immune,spatial,lasso,0,2,0,0.0,0.0,0.0
mixing::neighbor_fraction__HR- CK7-__to__Macrophages Vim+ Slug+,0,0,0,0,0.0,0.0,0.0,,False,mixing,bc_metabric_ali2020,motif_interface_immune,spatial,lasso,0,3,0,0.0,0.0,0.0
mixing::neighbor_fraction__HER2+__to__HRlow CKlow,0,0,0,0,0.0,0.0,0.0,,False,mixing,bc_metabric_ali2020,motif_interface_immune,spatial,lasso,0,4,0,0.0,0.0,0.0
mixing::neighbor_fraction__HER2+__to__HRlow CKlow,0,0,0,0,0.0,0.0,0.0,,False,mixing,bc_metabric_ali2020,motif_interface_immune,spatial,lasso,1,0,0,0.0,0.0,0.0
mixing::neighbor_fraction__HR+ CK7- Slug+__to__HRlow CKlow,0,0,0,0,0.0,0.0,0.0,,False,mixing,bc_metabric_ali2020,motif_interface_immune,spatial,lasso,1,1,0,0.0,0.0,0.0
mixing::neighbor_fraction__HR- CK7-__to__Macrophages Vim+ Slug+,0,0,0,0,0.0,0.0,0.0,,False,mixing,bc_metabric_ali2020,motif_interface_immune,spatial,lasso,1,2,0,0.0,0.0,0.0
mixing::neighbor_fraction__Basal CKlow__to__Myofibroblasts,0,0,0,0,0.0,0.0,0.0,,False,mixing,bc_metabric_ali2020,motif_interface_immune,spatial,lasso,1,3,0,0.0,0.0,0.0
mixing::neighbor_fraction__HR- CK7-__to__Macrophages Vim+ Slug+,0,0,0,0,0.0,0.0,0.0,,False,mixing,bc_metabric_ali2020,motif_interface_immune,spatial,lasso,1,4,0,0.0,0.0,0.0
mixing::neighbor_fraction__HR- CK7-__to__Macrophages Vim+ Slug+,0,0,0,0,0.0,0.0,0.0,,False,mixing,bc_metabric_ali2020,motif_interface_immune,spatial,lasso,2,0,0,0.0,0.0,0.0
mixing::neighbor_fraction__Vascular SMA+__to__T cells,0,0,0,0,0.0,0.0,0.0,,False,mixing,bc_metabric_ali2020,motif_interface_immune,spatial,lasso,2,1,0,0.0,0.0,0.0
mixing::neighbor_fraction__HR- CK7-__to__Macrophages Vim+ Slug+,0,0,0,0,0.0,0.0,0.0,,False,mixing,bc_metabric_ali2020,motif_interface_immune,spatial,lasso,2,2,0,0.0,0.0,0.0
mixing::neighbor_fraction__Macrophages Vim+ Slug+__to__HR- CK7-,0,0,0,0,0.0,0.0,0.0,,False,mixing,bc_metabric_ali2020,motif_interface_immune,spatial,lasso,2,3,0,0.0,0.0,0.0
mixing::neighbor_fraction__HR+ CK7-__to__HRlow CKlow,0,0,0,0,0.0,0.0,0.0,,False,mixing,bc_metabric_ali2020,motif_interface_immune,spatial,lasso,2,4,0,0.0,0.0,0.0
mixing::neighbor_fraction__HR+ CK7-__to__HRlow CKlow,0,0,0,0,0.0,0.0,0.0,,False,mixing,bc_metabric_ali2020,motif_interface_immune,spatial,shap,0,0,0,0.0,0.0,0.0
mixing::neighbor_fraction__HR- CK7+__to__Macrophages Vim+ Slug+,0,0,0,0,0.0,0.0,0.0,,False,mixing,bc_metabric_ali2020,motif_interface_immune,spatial,shap,0,1,0,0.0,0.0,0.0
mixing::neighbor_fraction__Vascular SMA+__to__Hypoxia,0,0,0,0,0.0,0.0,0.0,,False,mixing,bc_metabric_ali2020,motif_interface_immune,spatial,shap,0,2,0,0.0,0.0,0.0
mixing::neighbor_fraction__B cells__to__Hypoxia,0,0,0,0,0.0,0.0,0.0,,False,mixing,bc_metabric_ali2020,motif_interface_immune,spatial,shap,0,3,0,0.0,0.0,0.0
mixing::neighbor_fraction__Hypoxia__to__B cells,0,0,0,0,0.0,0.0,0.0,,False,mixing,bc_metabric_ali2020,motif_interface_immune,spatial,shap,0,4,0,0.0,0.0,0.0
mixing::neighbor_fraction__HRlow CKlow__to__HR+ CK7-,0,0,0,0,0.0,0.0,0.0,,False,mixing,bc_metabric_ali2020,motif_interface_immune,spatial,shap,1,0,0,0.0,0.0,0.0
mixing::neighbor_fraction__Hypoxia__to__B cells,0,0,0,0,0.0,0.0,0.0,,False,mixing,bc_metabric_ali2020,motif_interface_immune,spatial,shap,1,1,0,0.0,0.0,0.0
mixing::neighbor_fraction__Myoepithelial__to__HR+ CK7- Ki67+,0,0,0,0,0.0,0.0,0.0,,False,mixing,bc_metabric_ali2020,motif_interface_immune,spatial,shap,1,2,0,0.0,0.0,0.0
mixing::neighbor_fraction__B cells__to__Hypoxia,0,0,0,0,0.0,0.0,0.0,,False,mixing,bc_metabric_ali2020,motif_interface_immune,spatial,shap,1,3,0,0.0,0.0,0.0
mixing::neighbor_fraction__HR- CK7-__to__Macrophages Vim+ Slug+,0,0,0,0,0.0,0.0,0.0,,False,mixing,bc_metabric_ali2020,motif_interface_immune,spatial,shap,1,4,0,0.0,0.0,0.0
mixing::neighbor_fraction__HR- Ki67+__to__Basal CKlow,0,0,0,0,0.0,0.0,0.0,,False,mixing,bc_metabric_ali2020,motif_interface_immune,spatial,shap,2,0,0,0.0,0.0,0.0
mixing::neighbor_fraction__HR+ CK7- Slug+__to__Hypoxia,0,0,0,0,0.0,0.0,0.0,,False,mixing,bc_metabric_ali2020,motif_interface_immune,spatial,shap,2,1,0,0.0,0.0,0.0
mixing::neighbor_fraction__Hypoxia__to__B cells,0,0,0,0,0.0,0.0,0.0,,False,mixing,bc_metabric_ali2020,motif_interface_immune,spatial,shap,2,2,0,0.0,0.0,0.0
mixing::neighbor_fraction__HR+ CK7- Ki67+__to__Macrophages Vim+ Slug+,0,0,0,0,0.0,0.0,0.0,,False,mixing,bc_metabric_ali2020,motif_interface_immune,spatial,shap,2,3,0,0.0,0.0,0.0
mixing::neighbor_fraction__B cells__to__Hypoxia,0,0,0,0,0.0,0.0,0.0,,False,mixing,bc_metabric_ali2020,motif_interface_immune,spatial,shap,2,4,0,0.0,0.0,0.0
mixing::shannon_entropy_normalized,1,3,5,1,1.0,1.0,1.0,1.0,False,mixing,bc_metabric_ali2020,motif_tumor_stroma_mixing,spatial,lasso,0,0,491,1.0,1.0,1.0
mixing::shannon_entropy_normalized,1,3,5,1,1.0,1.0,1.0,1.0,False,mixing,bc_metabric_ali2020,motif_tumor_stroma_mixing,spatial,lasso,0,1,491,1.0,1.0,1.0
mixing::shannon_entropy_normalized,1,3,5,1,1.0,1.0,1.0,1.0,False,mixing,bc_metabric_ali2020,motif_tumor_stroma_mixing,spatial,lasso,0,2,491,1.0,1.0,1.0
mixing::shannon_entropy_global,1,3,5,1,1.0,1.0,1.0,1.0,False,mixing,bc_metabric_ali2020,motif_tumor_stroma_mixing,spatial,lasso,0,3,491,1.0,1.0,1.0
mixing::shannon_entropy_normalized,1,3,5,1,1.0,1.0,1.0,1.0,False,mixing,bc_metabric_ali2020,motif_tumor_stroma_mixing,spatial,lasso,0,4,491,1.0,1.0,1.0
mixing::shannon_entropy_normalized,1,3,5,1,1.0,1.0,1.0,1.0,False,mixing,bc_metabric_ali2020,motif_tumor_stroma_mixing,spatial,lasso,1,0,491,1.0,1.0,1.0
mixing::shannon_entropy_normalized,1,3,5,1,1.0,1.0,1.0,1.0,False,mixing,bc_metabric_ali2020,motif_tumor_stroma_mixing,spatial,lasso,1,1,491,1.0,1.0,1.0
mixing::shannon_entropy_normalized,1,3,5,1,1.0,1.0,1.0,1.0,False,mixing,bc_metabric_ali2020,motif_tumor_stroma_mixing,spatial,lasso,1,2,491,1.0,1.0,1.0
mixing::shannon_entropy_global,1,3,5,1,1.0,1.0,1.0,1.0,False,mixing,bc_metabric_ali2020,motif_tumor_stroma_mixing,spatial,lasso,1,3,491,1.0,1.0,1.0
mixing::shannon_entropy_global,1,3,5,1,1.0,1.0,1.0,1.0,False,mixing,bc_metabric_ali2020,motif_tumor_stroma_mixing,spatial,lasso,1,4,491,1.0,1.0,1.0
mixing::shannon_entropy_global,1,3,5,1,1.0,1.0,1.0,1.0,False,mixing,bc_metabric_ali2020,motif_tumor_stroma_mixing,spatial,lasso,2,0,491,1.0,1.0,1.0
mixing::shannon_entropy_global,1,3,5,1,1.0,1.0,1.0,1.0,False,mixing,bc_metabric_ali2020,motif_tumor_stroma_mixing,spatial,lasso,2,1,491,1.0,1.0,1.0
mixing::shannon_entropy_normalized,1,3,5,1,1.0,1.0,1.0,1.0,False,mixing,bc_metabric_ali2020,motif_tumor_stroma_mixing,spatial,lasso,2,2,491,1.0,1.0,1.0
mixing::shannon_entropy_normalized,1,3,5,1,1.0,1.0,1.0,1.0,False,mixing,bc_metabric_ali2020,motif_tumor_stroma_mixing,spatial,lasso,2,3,491,1.0,1.0,1.0
mixing::shannon_entropy_normalized,1,3,5,1,1.0,1.0,1.0,1.0,False,mixing,bc_metabric_ali2020,motif_tumor_stroma_mixing,spatial,lasso,2,4,491,1.0,1.0,1.0
mixing::shannon_entropy_global,1,3,5,1,1.0,1.0,1.0,1.0,False,mixing,bc_metabric_ali2020,motif_tumor_stroma_mixing,spatial,shap,0,0,491,1.0,1.0,1.0
mixing::neighbor_fraction__B cells__to__HR+ CK7- Slug+,1,3,5,1,1.0,1.0,1.0,1.0,False,mixing,bc_metabric_ali2020,motif_tumor_stroma_mixing,spatial,shap,0,1,491,1.0,1.0,1.0
mixing::shannon_entropy_normalized,1,3,5,1,1.0,1.0,1.0,1.0,False,mixing,bc_metabric_ali2020,motif_tumor_stroma_mixing,spatial,shap,0,2,491,1.0,1.0,1.0
mixing::neighbor_fraction__HR+ CK7- Slug+__to__B cells,1,3,5,1,1.0,1.0,1.0,1.0,False,mixing,bc_metabric_ali2020,motif_tumor_stroma_mixing,spatial,shap,0,3,491,1.0,1.0,1.0
mixing::neighbor_fraction__Hypoxia__to__B cells,1,3,5,1,1.0,1.0,1.0,1.0,False,mixing,bc_metabric_ali2020,motif_tumor_stroma_mixing,spatial,shap,0,4,491,1.0,1.0,1.0
mixing::shannon_entropy_global,1,3,5,1,1.0,1.0,1.0,1.0,False,mixing,bc_metabric_ali2020,motif_tumor_stroma_mixing,spatial,shap,1,0,491,1.0,1.0,1.0
mixing::shannon_entropy_global,1,3,5,1,1.0,1.0,1.0,1.0,False,mixing,bc_metabric_ali2020,motif_tumor_stroma_mixing,spatial,shap,1,1,491,1.0,1.0,1.0
mixing::shannon_entropy_global,1,3,5,1,1.0,1.0,1.0,1.0,False,mixing,bc_metabric_ali2020,motif_tumor_stroma_mixing,spatial,shap,1,2,491,1.0,1.0,1.0
mixing::neighbor_fraction__HR+ CK7-__to__Hypoxia,1,3,5,1,1.0,1.0,1.0,1.0,False,mixing,bc_metabric_ali2020,motif_tumor_stroma_mixing,spatial,shap,1,3,491,1.0,1.0,1.0
mixing::shannon_entropy_normalized,1,3,5,1,1.0,1.0,1.0,1.0,False,mixing,bc_metabric_ali2020,motif_tumor_stroma_mixing,spatial,shap,1,4,491,1.0,1.0,1.0
mixing::shannon_entropy_global,1,3,5,1,1.0,1.0,1.0,1.0,False,mixing,bc_metabric_ali2020,motif_tumor_stroma_mixing,spatial,shap,2,0,491,1.0,1.0,1.0
mixing::shannon_entropy_global,1,3,5,1,1.0,1.0,1.0,1.0,False,mixing,bc_metabric_ali2020,motif_tumor_stroma_mixing,spatial,shap,2,1,491,1.0,1.0,1.0
mixing::shannon_entropy_global,1,3,5,1,1.0,1.0,1.0,1.0,False,mixing,bc_metabric_ali2020,motif_tumor_stroma_mixing,spatial,shap,2,2,491,1.0,1.0,1.0
mixing::shannon_entropy_normalized,1,3,5,1,1.0,1.0,1.0,1.0,False,mixing,bc_metabric_ali2020,motif_tumor_stroma_mixing,spatial,shap,2,3,491,1.0,1.0,1.0
mixing::shannon_entropy_global,1,3,5,1,1.0,1.0,1.0,1.0,False,mixing,bc_metabric_ali2020,motif_tumor_stroma_mixing,spatial,shap,2,4,491,1.0,1.0,1.0
mixing::neighbor_fraction__CD8 T cell__to__CD8 T cell,1,1,1,1,0.3333333333333333,0.2,1.0,1.0,False,mixing,hnc_wu2022,motif_cd8_clustering,spatial,lasso,0,0,9,1.0,0.3333333333333333,0.2
mixing::neighbor_fraction__CD8 T cell__to__CD8 T cell,1,1,2,1,0.3333333333333333,0.4,1.0,1.0,False,mixing,hnc_wu2022,motif_cd8_clustering,spatial,lasso,0,1,9,1.0,0.3333333333333333,0.4
mixing::neighbor_fraction__CD8 T cell__to__CD8 T cell,1,1,2,1,0.3333333333333333,0.4,1.0,1.0,False,mixing,hnc_wu2022,motif_cd8_clustering,spatial,lasso,0,2,9,1.0,0.3333333333333333,0.4
mixing::neighbor_fraction__CD8 T cell__to__CD8 T cell,1,1,2,1,0.3333333333333333,0.4,1.0,1.0,False,mixing,hnc_wu2022,motif_cd8_clustering,spatial,lasso,0,3,9,1.0,0.3333333333333333,0.4
mixing::neighbor_fraction__CD8 T cell__to__CD8 T cell,1,1,1,1,0.3333333333333333,0.2,1.0,1.0,False,mixing,hnc_wu2022,motif_cd8_clustering,spatial,lasso,0,4,9,1.0,0.3333333333333333,0.2
mixing::neighbor_fraction__CD8 T cell__to__CD8 T cell,1,2,2,1,0.6666666666666666,0.4,1.0,1.0,False,mixing,hnc_wu2022,motif_cd8_clustering,spatial,lasso,1,0,9,1.0,0.6666666666666666,0.4
mixing::neighbor_fraction__CD8 T cell__to__CD8 T cell,1,2,2,1,0.6666666666666666,0.4,1.0,1.0,False,mixing,hnc_wu2022,motif_cd8_clustering,spatial,lasso,1,1,9,1.0,0.6666666666666666,0.4
mixing::neighbor_fraction__CD8 T cell__to__CD8 T cell,1,1,2,1,0.3333333333333333,0.4,1.0,1.0,False,mixing,hnc_wu2022,motif_cd8_clustering,spatial,lasso,1,2,9,1.0,0.3333333333333333,0.4
mixing::neighbor_fraction__CD8 T cell__to__CD8 T cell,1,1,2,1,0.3333333333333333,0.4,1.0,1.0,False,mixing,hnc_wu2022,motif_cd8_clustering,spatial,lasso,1,3,9,1.0,0.3333333333333333,0.4
mixing::neighbor_fraction__CD8 T cell__to__CD8 T cell,1,1,1,1,0.3333333333333333,0.2,1.0,1.0,False,mixing,hnc_wu2022,motif_cd8_clustering,spatial,lasso,1,4,9,1.0,0.3333333333333333,0.2
mixing::neighbor_fraction__CD8 T cell__to__CD8 T cell,1,1,1,1,0.3333333333333333,0.2,1.0,1.0,False,mixing,hnc_wu2022,motif_cd8_clustering,spatial,lasso,2,0,9,1.0,0.3333333333333333,0.2
mixing::neighbor_fraction__CD8 T cell__to__CD8 T cell,1,1,2,1,0.3333333333333333,0.4,1.0,1.0,False,mixing,hnc_wu2022,motif_cd8_clustering,spatial,lasso,2,1,9,1.0,0.3333333333333333,0.4
mixing::neighbor_fraction__CD8 T cell__to__CD8 T cell,1,1,1,1,0.3333333333333333,0.2,1.0,1.0,False,mixing,hnc_wu2022,motif_cd8_clustering,spatial,lasso,2,2,9,1.0,0.3333333333333333,0.2
mixing::neighbor_fraction__CD8 T cell__to__CD8 T cell,1,2,2,1,0.6666666666666666,0.4,1.0,1.0,False,mixing,hnc_wu2022,motif_cd8_clustering,spatial,lasso,2,3,9,1.0,0.6666666666666666,0.4
mixing::neighbor_fraction__CD8 T cell__to__CD8 T cell,1,1,1,1,0.3333333333333333,0.2,1.0,1.0,False,mixing,hnc_wu2022,motif_cd8_clustering,spatial,lasso,2,4,9,1.0,0.3333333333333333,0.2
mixing::neighbor_fraction__CD8 T cell__to__CD8 T cell,1,1,1,1,0.3333333333333333,0.2,1.0,1.0,False,mixing,hnc_wu2022,motif_cd8_clustering,spatial,shap,0,0,9,1.0,0.3333333333333333,0.2
mixing::neighbor_fraction__CD8 T cell__to__CD8 T cell,1,1,2,1,0.3333333333333333,0.4,1.0,1.0,False,mixing,hnc_wu2022,motif_cd8_clustering,spatial,shap,0,1,9,1.0,0.3333333333333333,0.4
mixing::neighbor_fraction__CD8 T cell__to__CD8 T cell,1,1,1,1,0.3333333333333333,0.2,1.0,1.0,False,mixing,hnc_wu2022,motif_cd8_clustering,spatial,shap,0,2,9,1.0,0.3333333333333333,0.2
mixing::neighbor_fraction__CD8 T cell__to__CD8 T cell,1,1,1,1,0.3333333333333333,0.2,1.0,1.0,False,mixing,hnc_wu2022,motif_cd8_clustering,spatial,shap,0,3,9,1.0,0.3333333333333333,0.2
mixing::neighbor_fraction__CD8 T cell__to__CD8 T cell,1,1,1,1,0.3333333333333333,0.2,1.0,1.0,False,mixing,hnc_wu2022,motif_cd8_clustering,spatial,shap,0,4,9,1.0,0.3333333333333333,0.2
mixing::neighbor_fraction__CD8 T cell__to__CD8 T cell,1,1,2,1,0.3333333333333333,0.4,1.0,1.0,False,mixing,hnc_wu2022,motif_cd8_clustering,spatial,shap,1,0,9,1.0,0.3333333333333333,0.4
mixing::neighbor_fraction__CD8 T cell__to__CD8 T cell,1,1,2,1,0.3333333333333333,0.4,1.0,1.0,False,mixing,hnc_wu2022,motif_cd8_clustering,spatial,shap,1,1,9,1.0,0.3333333333333333,0.4
mixing::neighbor_fraction__CD8 T cell__to__CD8 T cell,1,1,1,1,0.3333333333333333,0.2,1.0,1.0,False,mixing,hnc_wu2022,motif_cd8_clustering,spatial,shap,1,2,9,1.0,0.3333333333333333,0.2
mixing::neighbor_fraction__CD8 T cell__to__CD8 T cell,1,1,1,1,0.3333333333333333,0.2,1.0,1.0,False,mixing,hnc_wu2022,motif_cd8_clustering,spatial,shap,1,3,9,1.0,0.3333333333333333,0.2
mixing::neighbor_fraction__CD8 T cell__to__CD8 T cell,1,1,1,1,0.3333333333333333,0.2,1.0,1.0,False,mixing,hnc_wu2022,motif_cd8_clustering,spatial,shap,1,4,9,1.0,0.3333333333333333,0.2
mixing::neighbor_fraction__CD8 T cell__to__CD8 T cell,1,1,1,1,0.3333333333333333,0.2,1.0,1.0,False,mixing,hnc_wu2022,motif_cd8_clustering,spatial,shap,2,0,9,1.0,0.3333333333333333,0.2
mixing::neighbor_fraction__CD8 T cell__to__CD8 T cell,1,1,1,1,0.3333333333333333,0.2,1.0,1.0,False,mixing,hnc_wu2022,motif_cd8_clustering,spatial,shap,2,1,9,1.0,0.3333333333333333,0.2
mixing::neighbor_fraction__CD8 T cell__to__CD8 T cell,1,1,1,1,0.3333333333333333,0.2,1.0,1.0,False,mixing,hnc_wu2022,motif_cd8_clustering,spatial,shap,2,2,9,1.0,0.3333333333333333,0.2
mixing::neighbor_fraction__CD8 T cell__to__CD8 T cell,1,2,2,1,0.6666666666666666,0.4,1.0,1.0,False,mixing,hnc_wu2022,motif_cd8_clustering,spatial,shap,2,3,9,1.0,0.6666666666666666,0.4
mixing::neighbor_fraction__CD8 T cell__to__CD8 T cell,1,1,1,1,0.3333333333333333,0.2,1.0,1.0,False,mixing,hnc_wu2022,motif_cd8_clustering,spatial,shap,2,4,9,1.0,0.3333333333333333,0.2
mixing::neighbor_fraction__CD8 T cell__to__Other,0,0,0,0,0.0,0.0,0.0,,False,mixing,hnc_wu2022,motif_immune_exclusion,spatial,lasso,0,0,0,0.0,0.0,0.0
mixing::neighbor_fraction__CD8 T cell__to__Tumor,0,0,0,0,0.0,0.0,0.0,,False,mixing,hnc_wu2022,motif_immune_exclusion,spatial,lasso,0,1,0,0.0,0.0,0.0
mixing::neighbor_fraction__CD8 T cell__to__Tumor,0,0,0,0,0.0,0.0,0.0,,False,mixing,hnc_wu2022,motif_immune_exclusion,spatial,lasso,0,2,0,0.0,0.0,0.0
mixing::neighbor_fraction__CD4 T cell__to__Tumor,0,0,0,0,0.0,0.0,0.0,,False,mixing,hnc_wu2022,motif_immune_exclusion,spatial,lasso,0,3,0,0.0,0.0,0.0
mixing::neighbor_fraction__CD8 T cell__to__Tumor,0,0,0,0,0.0,0.0,0.0,,False,mixing,hnc_wu2022,motif_immune_exclusion,spatial,lasso,0,4,0,0.0,0.0,0.0
mixing::neighbor_fraction__CD8 T cell__to__Tumor,0,0,0,0,0.0,0.0,0.0,,False,mixing,hnc_wu2022,motif_immune_exclusion,spatial,lasso,1,0,0,0.0,0.0,0.0
mixing::neighbor_fraction__CD8 T cell__to__Other,0,0,0,0,0.0,0.0,0.0,,False,mixing,hnc_wu2022,motif_immune_exclusion,spatial,lasso,1,1,0,0.0,0.0,0.0
mixing::neighbor_fraction__CD8 T cell__to__Tumor,0,0,0,0,0.0,0.0,0.0,,False,mixing,hnc_wu2022,motif_immune_exclusion,spatial,lasso,1,2,0,0.0,0.0,0.0
mixing::neighbor_fraction__Macrophage__to__Tumor,0,0,0,0,0.0,0.0,0.0,,False,mixing,hnc_wu2022,motif_immune_exclusion,spatial,lasso,1,3,0,0.0,0.0,0.0
mixing::neighbor_fraction__CD8 T cell__to__Tumor,0,0,0,0,0.0,0.0,0.0,,False,mixing,hnc_wu2022,motif_immune_exclusion,spatial,lasso,1,4,0,0.0,0.0,0.0
mixing::neighbor_fraction__CD4 T cell__to__Tumor (Proliferating),0,0,0,0,0.0,0.0,0.0,,False,mixing,hnc_wu2022,motif_immune_exclusion,spatial,lasso,2,0,0,0.0,0.0,0.0
mixing::neighbor_fraction__Stroma__to__Macrophage,0,0,0,0,0.0,0.0,0.0,,False,mixing,hnc_wu2022,motif_immune_exclusion,spatial,lasso,2,1,0,0.0,0.0,0.0
mixing::neighbor_fraction__CD8 T cell__to__Tumor,0,0,0,0,0.0,0.0,0.0,,False,mixing,hnc_wu2022,motif_immune_exclusion,spatial,lasso,2,2,0,0.0,0.0,0.0
mixing::neighbor_fraction__CD8 T cell__to__Other,0,0,0,0,0.0,0.0,0.0,,False,mixing,hnc_wu2022,motif_immune_exclusion,spatial,lasso,2,3,0,0.0,0.0,0.0
mixing::neighbor_fraction__CD8 T cell__to__Tumor,0,0,0,0,0.0,0.0,0.0,,False,mixing,hnc_wu2022,motif_immune_exclusion,spatial,lasso,2,4,0,0.0,0.0,0.0
mixing::neighbor_fraction__CD8 T cell__to__Other,0,0,0,0,0.0,0.0,0.0,,False,mixing,hnc_wu2022,motif_immune_exclusion,spatial,shap,0,0,0,0.0,0.0,0.0
mixing::neighbor_fraction__Granulocyte__to__Naive immune cell,0,0,0,0,0.0,0.0,0.0,,False,mixing,hnc_wu2022,motif_immune_exclusion,spatial,shap,0,1,0,0.0,0.0,0.0
mixing::neighbor_fraction__CD8 T cell__to__Tumor,0,0,0,0,0.0,0.0,0.0,,False,mixing,hnc_wu2022,motif_immune_exclusion,spatial,shap,0,2,0,0.0,0.0,0.0
mixing::neighbor_fraction__Naive immune cell__to__APC/Dendritic cell,0,0,0,0,0.0,0.0,0.0,,False,mixing,hnc_wu2022,motif_immune_exclusion,spatial,shap,0,3,0,0.0,0.0,0.0
mixing::neighbor_fraction__CD8 T cell__to__Tumor,0,0,0,0,0.0,0.0,0.0,,False,mixing,hnc_wu2022,motif_immune_exclusion,spatial,shap,0,4,0,0.0,0.0,0.0
mixing::neighbor_fraction__CD8 T cell__to__Tumor,0,0,0,0,0.0,0.0,0.0,,False,mixing,hnc_wu2022,motif_immune_exclusion,spatial,shap,1,0,0,0.0,0.0,0.0
mixing::neighbor_fraction__Stroma__to__CD8 T cell,0,0,0,0,0.0,0.0,0.0,,False,mixing,hnc_wu2022,motif_immune_exclusion,spatial,shap,1,1,0,0.0,0.0,0.0
mixing::neighbor_fraction__Granulocyte__to__Naive immune cell,0,0,0,0,0.0,0.0,0.0,,False,mixing,hnc_wu2022,motif_immune_exclusion,spatial,shap,1,2,0,0.0,0.0,0.0
mixing::neighbor_fraction__Macrophage__to__Tumor,0,0,0,0,0.0,0.0,0.0,,False,mixing,hnc_wu2022,motif_immune_exclusion,spatial,shap,1,3,0,0.0,0.0,0.0
mixing::neighbor_fraction__CD8 T cell__to__Tumor,0,0,0,0,0.0,0.0,0.0,,False,mixing,hnc_wu2022,motif_immune_exclusion,spatial,shap,1,4,0,0.0,0.0,0.0
mixing::neighbor_fraction__CD4 T cell__to__Tumor (Proliferating),0,0,0,0,0.0,0.0,0.0,,False,mixing,hnc_wu2022,motif_immune_exclusion,spatial,shap,2,0,0,0.0,0.0,0.0
mixing::neighbor_fraction__CD8 T cell__to__Other,0,0,0,0,0.0,0.0,0.0,,False,mixing,hnc_wu2022,motif_immune_exclusion,spatial,shap,2,1,0,0.0,0.0,0.0
mixing::neighbor_fraction__CD8 T cell__to__Stroma,0,0,0,0,0.0,0.0,0.0,,False,mixing,hnc_wu2022,motif_immune_exclusion,spatial,shap,2,2,0,0.0,0.0,0.0
mixing::neighbor_fraction__Vessel__to__B cell,0,0,0,0,0.0,0.0,0.0,,False,mixing,hnc_wu2022,motif_immune_exclusion,spatial,shap,2,3,0,0.0,0.0,0.0
mixing::neighbor_fraction__CD8 T cell__to__Tumor,0,0,0,0,0.0,0.0,0.0,,False,mixing,hnc_wu2022,motif_immune_exclusion,spatial,shap,2,4,0,0.0,0.0,0.0
mixing::local_mixing_max,0,0,0,0,0.0,0.0,0.0,,False,mixing,tnbc_wang2023,motif_cd8_high,control,lasso,0,0,0,0.0,0.0,0.0
mixing::local_mixing_max,0,0,0,0,0.0,0.0,0.0,,False,mixing,tnbc_wang2023,motif_cd8_high,control,lasso,0,1,0,0.0,0.0,0.0
mixing::shannon_entropy_normalized,0,0,0,0,0.0,0.0,0.0,,False,mixing,tnbc_wang2023,motif_cd8_high,control,lasso,0,2,0,0.0,0.0,0.0
mixing::shannon_entropy_normalized,0,0,0,0,0.0,0.0,0.0,,False,mixing,tnbc_wang2023,motif_cd8_high,control,lasso,0,3,0,0.0,0.0,0.0
mixing::neighbor_fraction__CD56^+NK__to__DCs,0,0,0,0,0.0,0.0,0.0,,False,mixing,tnbc_wang2023,motif_cd8_high,control,lasso,0,4,0,0.0,0.0,0.0
mixing::neighbor_fraction__M2 Mac__to__CD8^+T,0,0,0,0,0.0,0.0,0.0,,False,mixing,tnbc_wang2023,motif_cd8_high,control,lasso,1,0,0,0.0,0.0,0.0
mixing::shannon_entropy_normalized,0,0,0,0,0.0,0.0,0.0,,False,mixing,tnbc_wang2023,motif_cd8_high,control,lasso,1,1,0,0.0,0.0,0.0
mixing::neighbor_fraction__pH2AX^{+}DSB__to__CD8^+T,0,0,0,0,0.0,0.0,0.0,,False,mixing,tnbc_wang2023,motif_cd8_high,control,lasso,1,2,0,0.0,0.0,0.0
mixing::shannon_entropy_normalized,0,0,0,0,0.0,0.0,0.0,,False,mixing,tnbc_wang2023,motif_cd8_high,control,lasso,1,3,0,0.0,0.0,0.0
mixing::shannon_entropy_normalized,0,0,0,0,0.0,0.0,0.0,,False,mixing,tnbc_wang2023,motif_cd8_high,control,lasso,1,4,0,0.0,0.0,0.0
mixing::shannon_entropy_global,0,0,0,0,0.0,0.0,0.0,,False,mixing,tnbc_wang2023,motif_cd8_high,control,lasso,2,0,0,0.0,0.0,0.0
mixing::shannon_entropy_normalized,0,0,0,0,0.0,0.0,0.0,,False,mixing,tnbc_wang2023,motif_cd8_high,control,lasso,2,1,0,0.0,0.0,0.0
mixing::neighbor_fraction__M2 Mac__to__Treg,0,0,0,0,0.0,0.0,0.0,,False,mixing,tnbc_wang2023,motif_cd8_high,control,lasso,2,2,0,0.0,0.0,0.0
mixing::neighbor_fraction__pH2AX^{+}DSB__to__CD8^+T,0,0,0,0,0.0,0.0,0.0,,False,mixing,tnbc_wang2023,motif_cd8_high,control,lasso,2,3,0,0.0,0.0,0.0
mixing::shannon_entropy_normalized,0,0,0,0,0.0,0.0,0.0,,False,mixing,tnbc_wang2023,motif_cd8_high,control,lasso,2,4,0,0.0,0.0,0.0
mixing::neighbor_fraction__M2 Mac__to__CD8^+T,0,0,0,0,0.0,0.0,0.0,,False,mixing,tnbc_wang2023,motif_cd8_high,control,shap,0,0,0,0.0,0.0,0.0
mixing::neighbor_fraction__pH2AX^{+}DSB__to__CD8^+T,0,0,0,0,0.0,0.0,0.0,,False,mixing,tnbc_wang2023,motif_cd8_high,control,shap,0,1,0,0.0,0.0,0.0
mixing::shannon_entropy_normalized,0,0,0,0,0.0,0.0,0.0,,False,mixing,tnbc_wang2023,motif_cd8_high,control,shap,0,2,0,0.0,0.0,0.0
mixing::neighbor_fraction__Fibroblasts__to__CD8^+GZMB^+T,0,0,0,0,0.0,0.0,0.0,,False,mixing,tnbc_wang2023,motif_cd8_high,control,shap,0,3,0,0.0,0.0,0.0
mixing::neighbor_fraction__CD56^+NK__to__DCs,0,0,0,0,0.0,0.0,0.0,,False,mixing,tnbc_wang2023,motif_cd8_high,control,shap,0,4,0,0.0,0.0,0.0
mixing::neighbor_fraction__M2 Mac__to__CD8^+T,0,0,0,0,0.0,0.0,0.0,,False,mixing,tnbc_wang2023,motif_cd8_high,control,shap,1,0,0,0.0,0.0,0.0
mixing::neighbor_fraction__M2 Mac__to__Treg,0,0,0,0,0.0,0.0,0.0,,False,mixing,tnbc_wang2023,motif_cd8_high,control,shap,1,1,0,0.0,0.0,0.0
mixing::shannon_entropy_normalized,0,0,0,0,0.0,0.0,0.0,,False,mixing,tnbc_wang2023,motif_cd8_high,control,shap,1,2,0,0.0,0.0,0.0
mixing::neighbor_fraction__Fibroblasts__to__CD8^+GZMB^+T,0,0,0,0,0.0,0.0,0.0,,False,mixing,tnbc_wang2023,motif_cd8_high,control,shap,1,3,0,0.0,0.0,0.0
mixing::shannon_entropy_global,0,0,0,0,0.0,0.0,0.0,,False,mixing,tnbc_wang2023,motif_cd8_high,control,shap,1,4,0,0.0,0.0,0.0
mixing::shannon_entropy_global,0,0,0,0,0.0,0.0,0.0,,False,mixing,tnbc_wang2023,motif_cd8_high,control,shap,2,0,0,0.0,0.0,0.0
mixing::shannon_entropy_normalized,0,0,0,0,0.0,0.0,0.0,,False,mixing,tnbc_wang2023,motif_cd8_high,control,shap,2,1,0,0.0,0.0,0.0
mixing::neighbor_fraction__M2 Mac__to__Treg,0,0,0,0,0.0,0.0,0.0,,False,mixing,tnbc_wang2023,motif_cd8_high,control,shap,2,2,0,0.0,0.0,0.0
mixing::neighbor_fraction__pH2AX^{+}DSB__to__CD8^+T,0,0,0,0,0.0,0.0,0.0,,False,mixing,tnbc_wang2023,motif_cd8_high,control,shap,2,3,0,0.0,0.0,0.0
mixing::shannon_entropy_normalized,0,0,0,0,0.0,0.0,0.0,,False,mixing,tnbc_wang2023,motif_cd8_high,control,shap,2,4,0,0.0,0.0,0.0
point-pattern::T cell_L_r10,1,2,2,1,0.6666666666666666,0.4,1.0,1.0,False,point_pattern,bc_jackson2020,motif_apc_t_contact,spatial,lasso,0,0,20,1.0,0.6666666666666666,0.4
point-pattern::T cell_L_r10,1,1,2,1,0.3333333333333333,0.4,1.0,1.0,False,point_pattern,bc_jackson2020,motif_apc_t_contact,spatial,lasso,0,1,20,1.0,0.3333333333333333,0.4
point-pattern::T cell_L_r10,1,2,2,1,0.6666666666666666,0.4,1.0,1.0,False,point_pattern,bc_jackson2020,motif_apc_t_contact,spatial,lasso,0,2,20,1.0,0.6666666666666666,0.4
point-pattern::T cell_L_r10,1,2,2,1,0.6666666666666666,0.4,1.0,1.0,False,point_pattern,bc_jackson2020,motif_apc_t_contact,spatial,lasso,0,3,20,1.0,0.6666666666666666,0.4
point-pattern::T cell_L_r10,1,2,2,1,0.6666666666666666,0.4,1.0,1.0,False,point_pattern,bc_jackson2020,motif_apc_t_contact,spatial,lasso,0,4,20,1.0,0.6666666666666666,0.4
point-pattern::T cell_L_r10,1,2,3,1,0.6666666666666666,0.6,1.0,1.0,False,point_pattern,bc_jackson2020,motif_apc_t_contact,spatial,lasso,1,0,20,1.0,0.6666666666666666,0.6
point-pattern::T cell_L_r10,1,1,1,1,0.3333333333333333,0.2,1.0,1.0,False,point_pattern,bc_jackson2020,motif_apc_t_contact,spatial,lasso,1,1,20,1.0,0.3333333333333333,0.2
point-pattern::T cell_L_r10,1,1,2,1,0.3333333333333333,0.4,1.0,1.0,False,point_pattern,bc_jackson2020,motif_apc_t_contact,spatial,lasso,1,2,20,1.0,0.3333333333333333,0.4
point-pattern::T cell_L_r10,1,1,2,1,0.3333333333333333,0.4,1.0,1.0,False,point_pattern,bc_jackson2020,motif_apc_t_contact,spatial,lasso,1,3,20,1.0,0.3333333333333333,0.4
point-pattern::Tumor (CK7+)_K_r50,0,0,1,0,0.0,0.2,0.25,4.0,False,point_pattern,bc_jackson2020,motif_apc_t_contact,spatial,lasso,1,4,20,0.0,0.0,0.2
point-pattern::T cell_L_r10,1,1,1,1,0.3333333333333333,0.2,1.0,1.0,False,point_pattern,bc_jackson2020,motif_apc_t_contact,spatial,lasso,2,0,20,1.0,0.3333333333333333,0.2
point-pattern::T cell_L_r10,1,1,2,1,0.3333333333333333,0.4,1.0,1.0,False,point_pattern,bc_jackson2020,motif_apc_t_contact,spatial,lasso,2,1,20,1.0,0.3333333333333333,0.4
point-pattern::T cell_L_r10,1,1,1,1,0.3333333333333333,0.2,1.0,1.0,False,point_pattern,bc_jackson2020,motif_apc_t_contact,spatial,lasso,2,2,20,1.0,0.3333333333333333,0.2
point-pattern::T cell_L_r10,1,1,1,1,0.3333333333333333,0.2,1.0,1.0,False,point_pattern,bc_jackson2020,motif_apc_t_contact,spatial,lasso,2,3,20,1.0,0.3333333333333333,0.2
point-pattern::Tumor (CK+ HR+)_K_r50,0,2,2,0,0.6666666666666666,0.4,0.5,2.0,False,point_pattern,bc_jackson2020,motif_apc_t_contact,spatial,lasso,2,4,20,0.0,0.6666666666666666,0.4
point-pattern::T cell_L_r10,1,3,3,1,1.0,0.6,1.0,1.0,False,point_pattern,bc_jackson2020,motif_apc_t_contact,spatial,shap,0,0,20,1.0,1.0,0.6
point-pattern::Stromal cells_K_r20,0,1,2,0,0.3333333333333333,0.4,0.3333333333333333,3.0,False,point_pattern,bc_jackson2020,motif_apc_t_contact,spatial,shap,0,1,20,0.0,0.3333333333333333,0.4
point-pattern::T cell_L_r10,1,2,2,1,0.6666666666666666,0.4,1.0,1.0,False,point_pattern,bc_jackson2020,motif_apc_t_contact,spatial,shap,0,2,20,1.0,0.6666666666666666,0.4
point-pattern::T cell_L_r10,1,1,1,1,0.3333333333333333,0.2,1.0,1.0,False,point_pattern,bc_jackson2020,motif_apc_t_contact,spatial,shap,0,3,20,1.0,0.3333333333333333,0.2
point-pattern::T & B cells_L_r50,0,1,1,0,0.3333333333333333,0.2,0.5,2.0,False,point_pattern,bc_jackson2020,motif_apc_t_contact,spatial,shap,0,4,20,0.0,0.3333333333333333,0.2
point-pattern::Stromal cells_L_r50,0,2,3,0,0.6666666666666666,0.6,0.5,2.0,False,point_pattern,bc_jackson2020,motif_apc_t_contact,spatial,shap,1,0,20,0.0,0.6666666666666666,0.6
point-pattern::T cell_L_r10,1,2,2,1,0.6666666666666666,0.4,1.0,1.0,False,point_pattern,bc_jackson2020,motif_apc_t_contact,spatial,shap,1,1,20,1.0,0.6666666666666666,0.4
point-pattern::T cell_L_r10,1,2,2,1,0.6666666666666666,0.4,1.0,1.0,False,point_pattern,bc_jackson2020,motif_apc_t_contact,spatial,shap,1,2,20,1.0,0.6666666666666666,0.4
point-pattern::Macrophage_L_r200,1,1,1,1,0.3333333333333333,0.2,1.0,1.0,False,point_pattern,bc_jackson2020,motif_apc_t_contact,spatial,shap,1,3,20,1.0,0.3333333333333333,0.2
point-pattern::T & B cells_L_r100,0,0,0,0,0.0,0.0,0.16666666666666666,6.0,False,point_pattern,bc_jackson2020,motif_apc_t_contact,spatial,shap,1,4,20,0.0,0.0,0.0
point-pattern::T cell_L_r10,1,1,1,1,0.3333333333333333,0.2,1.0,1.0,False,point_pattern,bc_jackson2020,motif_apc_t_contact,spatial,shap,2,0,20,1.0,0.3333333333333333,0.2
point-pattern::T cell_L_r10,1,1,2,1,0.3333333333333333,0.4,1.0,1.0,False,point_pattern,bc_jackson2020,motif_apc_t_contact,spatial,shap,2,1,20,1.0,0.3333333333333333,0.4
point-pattern::T cell_L_r10,1,1,1,1,0.3333333333333333,0.2,1.0,1.0,False,point_pattern,bc_jackson2020,motif_apc_t_contact,spatial,shap,2,2,20,1.0,0.3333333333333333,0.2
point-pattern::Tumor (CK+ HR+)_L_r10,0,1,1,0,0.3333333333333333,0.2,0.5,2.0,False,point_pattern,bc_jackson2020,motif_apc_t_contact,spatial,shap,2,3,20,0.0,0.3333333333333333,0.2
point-pattern::Tumor (CK+ HR+)_K_r50,0,1,2,0,0.3333333333333333,0.4,0.5,2.0,False,point_pattern,bc_jackson2020,motif_apc_t_contact,spatial,shap,2,4,20,0.0,0.3333333333333333,0.4
point-pattern::Tumor (CK lo HR lo)_L_r50,0,2,3,0,0.6666666666666666,0.6,0.5,2.0,False,point_pattern,bc_jackson2020,motif_cd8_tumor_contact,spatial,lasso,0,0,10,0.0,0.6666666666666666,0.6
point-pattern::Stromal cells_L_r10,0,0,0,0,0.0,0.0,0.1,10.0,False,point_pattern,bc_jackson2020,motif_cd8_tumor_contact,spatial,lasso,0,1,10,0.0,0.0,0.0
point-pattern::T cell_L_r50,1,2,2,1,0.6666666666666666,0.4,1.0,1.0,False,point_pattern,bc_jackson2020,motif_cd8_tumor_contact,spatial,lasso,0,2,10,1.0,0.6666666666666666,0.4
point-pattern::Tumor (CK+ HR lo)_L_r50,0,0,0,0,0.0,0.0,0.14285714285714285,7.0,False,point_pattern,bc_jackson2020,motif_cd8_tumor_contact,spatial,lasso,0,3,10,0.0,0.0,0.0
point-pattern::T cell_L_r10,1,2,3,1,0.6666666666666666,0.6,1.0,1.0,False,point_pattern,bc_jackson2020,motif_cd8_tumor_contact,spatial,lasso,0,4,10,1.0,0.6666666666666666,0.6
point-pattern::Tumor (CK lo HR lo)_L_r50,0,1,2,0,0.3333333333333333,0.4,0.3333333333333333,3.0,False,point_pattern,bc_jackson2020,motif_cd8_tumor_contact,spatial,lasso,1,0,10,0.0,0.3333333333333333,0.4
point-pattern::Endothelial_K_r10,0,1,1,0,0.3333333333333333,0.2,0.5,2.0,False,point_pattern,bc_jackson2020,motif_cd8_tumor_contact,spatial,lasso,1,1,10,0.0,0.3333333333333333,0.2
point-pattern::Tumor (Epithelial low)_K_r10,0,0,1,0,0.0,0.2,0.2,5.0,False,point_pattern,bc_jackson2020,motif_cd8_tumor_contact,spatial,lasso,1,2,10,0.0,0.0,0.2
point-pattern::Tumor (Myoepithelial)_K_r50,0,0,1,0,0.0,0.2,0.25,4.0,False,point_pattern,bc_jackson2020,motif_cd8_tumor_contact,spatial,lasso,1,3,10,0.0,0.0,0.2
point-pattern::T cell_K_r10,1,2,2,1,0.6666666666666666,0.4,1.0,1.0,False,point_pattern,bc_jackson2020,motif_cd8_tumor_contact,spatial,lasso,1,4,10,1.0,0.6666666666666666,0.4
point-pattern::Endothelial_K_r50,0,1,2,0,0.3333333333333333,0.4,0.3333333333333333,3.0,False,point_pattern,bc_jackson2020,motif_cd8_tumor_contact,spatial,lasso,2,0,10,0.0,0.3333333333333333,0.4
point-pattern::T cell_L_r50,1,1,2,1,0.3333333333333333,0.4,1.0,1.0,False,point_pattern,bc_jackson2020,motif_cd8_tumor_contact,spatial,lasso,2,1,10,1.0,0.3333333333333333,0.4
point-pattern::Tumor (CK lo HR lo)_L_r50,0,1,1,0,0.3333333333333333,0.2,0.5,2.0,False,point_pattern,bc_jackson2020,motif_cd8_tumor_contact,spatial,lasso,2,2,10,0.0,0.3333333333333333,0.2
point-pattern::Tumor (CK+ HR+)_K_r50,0,0,0,0,0.0,0.0,0.14285714285714285,7.0,False,point_pattern,bc_jackson2020,motif_cd8_tumor_contact,spatial,lasso,2,3,10,0.0,0.0,0.0
point-pattern::Tumor (Myoepithelial)_L_r20,0,2,2,0,0.6666666666666666,0.4,0.5,2.0,False,point_pattern,bc_jackson2020,motif_cd8_tumor_contact,spatial,lasso,2,4,10,0.0,0.6666666666666666,0.4
point-pattern::Tumor (CK lo HR lo)_L_r50,0,1,2,0,0.3333333333333333,0.4,0.5,2.0,False,point_pattern,bc_jackson2020,motif_cd8_tumor_contact,spatial,shap,0,0,10,0.0,0.3333333333333333,0.4
point-pattern::Tumor (Epithelial low)_K_r10,0,0,0,0,0.0,0.0,0.14285714285714285,7.0,False,point_pattern,bc_jackson2020,motif_cd8_tumor_contact,spatial,shap,0,1,10,0.0,0.0,0.0
point-pattern::T cell_L_r50,1,2,2,1,0.6666666666666666,0.4,1.0,1.0,False,point_pattern,bc_jackson2020,motif_cd8_tumor_contact,spatial,shap,0,2,10,1.0,0.6666666666666666,0.4
point-pattern::Tumor (CK lo HR lo)_L_r50,0,0,0,0,0.0,0.0,0.09090909090909091,11.0,False,point_pattern,bc_jackson2020,motif_cd8_tumor_contact,spatial,shap,0,3,10,0.0,0.0,0.0
point-pattern::Tumor (CK lo HR lo)_L_r50,0,2,3,0,0.6666666666666666,0.6,0.5,2.0,False,point_pattern,bc_jackson2020,motif_cd8_tumor_contact,spatial,shap,0,4,10,0.0,0.6666666666666666,0.6
point-pattern::Tumor (CK lo HR lo)_L_r50,0,1,1,0,0.3333333333333333,0.2,0.5,2.0,False,point_pattern,bc_jackson2020,motif_cd8_tumor_contact,spatial,shap,1,0,10,0.0,0.3333333333333333,0.2
point-pattern::Tumor (CK+ HR+)_K_r50,0,1,1,0,0.3333333333333333,0.2,0.5,2.0,False,point_pattern,bc_jackson2020,motif_cd8_tumor_contact,spatial,shap,1,1,10,0.0,0.3333333333333333,0.2
point-pattern::Tumor (Epithelial low)_K_r10,0,0,1,0,0.0,0.2,0.25,4.0,False,point_pattern,bc_jackson2020,motif_cd8_tumor_contact,spatial,shap,1,2,10,0.0,0.0,0.2
point-pattern::Tumor (Myoepithelial)_K_r50,0,0,1,0,0.0,0.2,0.2,5.0,False,point_pattern,bc_jackson2020,motif_cd8_tumor_contact,spatial,shap,1,3,10,0.0,0.0,0.2
point-pattern::T cell_K_r10,1,1,2,1,0.3333333333333333,0.4,1.0,1.0,False,point_pattern,bc_jackson2020,motif_cd8_tumor_contact,spatial,shap,1,4,10,1.0,0.3333333333333333,0.4
point-pattern::Tumor (CK lo HR lo)_L_r50,0,0,1,0,0.0,0.2,0.25,4.0,False,point_pattern,bc_jackson2020,motif_cd8_tumor_contact,spatial,shap,2,0,10,0.0,0.0,0.2
point-pattern::Tumor (CK+ HR lo)_L_r50,0,1,2,0,0.3333333333333333,0.4,0.5,2.0,False,point_pattern,bc_jackson2020,motif_cd8_tumor_contact,spatial,shap,2,1,10,0.0,0.3333333333333333,0.4
point-pattern::Tumor (CK lo HR lo)_L_r50,0,1,1,0,0.3333333333333333,0.2,0.5,2.0,False,point_pattern,bc_jackson2020,motif_cd8_tumor_contact,spatial,shap,2,2,10,0.0,0.3333333333333333,0.2
point-pattern::Tumor (CK+ HR+)_K_r50,0,0,0,0,0.0,0.0,0.0625,16.0,False,point_pattern,bc_jackson2020,motif_cd8_tumor_contact,spatial,shap,2,3,10,0.0,0.0,0.0
point-pattern::T cell_L_r50,1,1,1,1,0.3333333333333333,0.2,1.0,1.0,False,point_pattern,bc_jackson2020,motif_cd8_tumor_contact,spatial,shap,2,4,10,1.0,0.3333333333333333,0.2
point-pattern::Tumor (CK lo HR lo)_L_r50,1,3,5,1,1.0,1.0,1.0,1.0,False,point_pattern,bc_jackson2020,motif_macrophage_tumor_niche,spatial,lasso,0,0,150,1.0,1.0,1.0
point-pattern::Tumor (CK lo HR lo)_L_r50,1,3,5,1,1.0,1.0,1.0,1.0,False,point_pattern,bc_jackson2020,motif_macrophage_tumor_niche,spatial,lasso,0,1,150,1.0,1.0,1.0
point-pattern::Tumor (CK7+)_L_r100,1,3,5,1,1.0,1.0,1.0,1.0,False,point_pattern,bc_jackson2020,motif_macrophage_tumor_niche,spatial,lasso,0,2,150,1.0,1.0,1.0
point-pattern::Tumor (CK+ HR+)_K_r20,1,3,5,1,1.0,1.0,1.0,1.0,False,point_pattern,bc_jackson2020,motif_macrophage_tumor_niche,spatial,lasso,0,3,150,1.0,1.0,1.0
point-pattern::Tumor (CK+ HR+)_K_r50,1,3,5,1,1.0,1.0,1.0,1.0,False,point_pattern,bc_jackson2020,motif_macrophage_tumor_niche,spatial,lasso,0,4,150,1.0,1.0,1.0
point-pattern::Tumor (CK+ HR+)_K_r50,1,3,5,1,1.0,1.0,1.0,1.0,False,point_pattern,bc_jackson2020,motif_macrophage_tumor_niche,spatial,lasso,1,0,150,1.0,1.0,1.0
point-pattern::Tumor (CK7+)_L_r100,1,3,5,1,1.0,1.0,1.0,1.0,False,point_pattern,bc_jackson2020,motif_macrophage_tumor_niche,spatial,lasso,1,1,150,1.0,1.0,1.0
point-pattern::T & B cells_K_r10,0,2,4,0,0.6666666666666666,0.8,0.5,2.0,False,point_pattern,bc_jackson2020,motif_macrophage_tumor_niche,spatial,lasso,1,2,150,0.0,0.6666666666666666,0.8
point-pattern::Tumor (CK7+)_L_r100,1,3,5,1,1.0,1.0,1.0,1.0,False,point_pattern,bc_jackson2020,motif_macrophage_tumor_niche,spatial,lasso,1,3,150,1.0,1.0,1.0
point-pattern::Macrophage_L_r100,1,3,5,1,1.0,1.0,1.0,1.0,False,point_pattern,bc_jackson2020,motif_macrophage_tumor_niche,spatial,lasso,1,4,150,1.0,1.0,1.0
point-pattern::Tumor (CK7+)_L_r100,1,3,4,1,1.0,0.8,1.0,1.0,False,point_pattern,bc_jackson2020,motif_macrophage_tumor_niche,spatial,lasso,2,0,150,1.0,1.0,0.8
point-pattern::Tumor (CK+ HR+)_K_r20,1,3,4,1,1.0,0.8,1.0,1.0,False,point_pattern,bc_jackson2020,motif_macrophage_tumor_niche,spatial,lasso,2,1,150,1.0,1.0,0.8
point-pattern::Macrophage_L_r100,1,2,4,1,0.6666666666666666,0.8,1.0,1.0,False,point_pattern,bc_jackson2020,motif_macrophage_tumor_niche,spatial,lasso,2,2,150,1.0,0.6666666666666666,0.8
point-pattern::Tumor (CK+ HR+)_K_r20,1,3,4,1,1.0,0.8,1.0,1.0,False,point_pattern,bc_jackson2020,motif_macrophage_tumor_niche,spatial,lasso,2,3,150,1.0,1.0,0.8
point-pattern::Tumor (CK7+)_K_r50,1,3,5,1,1.0,1.0,1.0,1.0,False,point_pattern,bc_jackson2020,motif_macrophage_tumor_niche,spatial,lasso,2,4,150,1.0,1.0,1.0
point-pattern::Tumor (CK lo HR lo)_L_r50,1,3,5,1,1.0,1.0,1.0,1.0,False,point_pattern,bc_jackson2020,motif_macrophage_tumor_niche,spatial,shap,0,0,150,1.0,1.0,1.0
point-pattern::Tumor (CK lo HR lo)_L_r50,1,3,5,1,1.0,1.0,1.0,1.0,False,point_pattern,bc_jackson2020,motif_macrophage_tumor_niche,spatial,shap,0,1,150,1.0,1.0,1.0
point-pattern::Tumor (CK+ HR lo)_K_r50,1,3,5,1,1.0,1.0,1.0,1.0,False,point_pattern,bc_jackson2020,motif_macrophage_tumor_niche,spatial,shap,0,2,150,1.0,1.0,1.0
point-pattern::T & B cells_K_r20,0,2,3,0,0.6666666666666666,0.6,0.5,2.0,False,point_pattern,bc_jackson2020,motif_macrophage_tumor_niche,spatial,shap,0,3,150,0.0,0.6666666666666666,0.6
point-pattern::Tumor (CK+ HR+)_K_r50,1,3,5,1,1.0,1.0,1.0,1.0,False,point_pattern,bc_jackson2020,motif_macrophage_tumor_niche,spatial,shap,0,4,150,1.0,1.0,1.0
point-pattern::Tumor (CK+ HR+)_K_r50,1,3,3,1,1.0,0.6,1.0,1.0,False,point_pattern,bc_jackson2020,motif_macrophage_tumor_niche,spatial,shap,1,0,150,1.0,1.0,0.6
point-pattern::Tumor (CK lo HR lo)_K_r20,1,2,4,1,0.6666666666666666,0.8,1.0,1.0,False,point_pattern,bc_jackson2020,motif_macrophage_tumor_niche,spatial,shap,1,1,150,1.0,0.6666666666666666,0.8
point-pattern::Tumor (CK+ HR+)_K_r20,1,2,4,1,0.6666666666666666,0.8,1.0,1.0,False,point_pattern,bc_jackson2020,motif_macrophage_tumor_niche,spatial,shap,1,2,150,1.0,0.6666666666666666,0.8
point-pattern::T cell_L_r100,0,2,4,0,0.6666666666666666,0.8,0.5,2.0,False,point_pattern,bc_jackson2020,motif_macrophage_tumor_niche,spatial,shap,1,3,150,0.0,0.6666666666666666,0.8
point-pattern::Macrophage_L_r100,1,3,5,1,1.0,1.0,1.0,1.0,False,point_pattern,bc_jackson2020,motif_macrophage_tumor_niche,spatial,shap,1,4,150,1.0,1.0,1.0
point-pattern::Tumor (Basal CK)_L_r10,1,2,3,1,0.6666666666666666,0.6,1.0,1.0,False,point_pattern,bc_jackson2020,motif_macrophage_tumor_niche,spatial,shap,2,0,150,1.0,0.6666666666666666,0.6
point-pattern::Macrophage_L_r100,1,3,5,1,1.0,1.0,1.0,1.0,False,point_pattern,bc_jackson2020,motif_macrophage_tumor_niche,spatial,shap,2,1,150,1.0,1.0,1.0
point-pattern::T cell_L_r100,0,1,3,0,0.3333333333333333,0.6,0.5,2.0,False,point_pattern,bc_jackson2020,motif_macrophage_tumor_niche,spatial,shap,2,2,150,0.0,0.3333333333333333,0.6
point-pattern::Tumor (CK+ HR+)_L_r10,1,3,4,1,1.0,0.8,1.0,1.0,False,point_pattern,bc_jackson2020,motif_macrophage_tumor_niche,spatial,shap,2,3,150,1.0,1.0,0.8
point-pattern::Tumor (CK+ HR lo)_K_r50,1,3,5,1,1.0,1.0,1.0,1.0,False,point_pattern,bc_jackson2020,motif_macrophage_tumor_niche,spatial,shap,2,4,150,1.0,1.0,1.0
point-pattern::Tumor (CK lo HR lo)_L_r50,1,3,5,1,1.0,1.0,1.0,1.0,False,point_pattern,bc_jackson2020,motif_t_tumor_mixing,spatial,lasso,0,0,150,1.0,1.0,1.0
point-pattern::Tumor (CK+ HR lo)_L_r50,1,3,4,1,1.0,0.8,1.0,1.0,False,point_pattern,bc_jackson2020,motif_t_tumor_mixing,spatial,lasso,0,1,150,1.0,1.0,0.8
point-pattern::T cell_L_r50,1,3,4,1,1.0,0.8,1.0,1.0,False,point_pattern,bc_jackson2020,motif_t_tumor_mixing,spatial,lasso,0,2,150,1.0,1.0,0.8
point-pattern::Endothelial_K_r50,0,2,3,0,0.6666666666666666,0.6,0.5,2.0,False,point_pattern,bc_jackson2020,motif_t_tumor_mixing,spatial,lasso,0,3,150,0.0,0.6666666666666666,0.6
point-pattern::Endothelial_K_r10,0,2,2,0,0.6666666666666666,0.4,0.5,2.0,False,point_pattern,bc_jackson2020,motif_t_tumor_mixing,spatial,lasso,0,4,150,0.0,0.6666666666666666,0.4
point-pattern::Stromal cells_L_r10,0,2,4,0,0.6666666666666666,0.8,0.5,2.0,False,point_pattern,bc_jackson2020,motif_t_tumor_mixing,spatial,lasso,1,0,150,0.0,0.6666666666666666,0.8
point-pattern::Tumor (CK+ HR lo)_L_r50,1,2,4,1,0.6666666666666666,0.8,1.0,1.0,False,point_pattern,bc_jackson2020,motif_t_tumor_mixing,spatial,lasso,1,1,150,1.0,0.6666666666666666,0.8
point-pattern::Tumor (CK+ HR+)_K_r50,1,3,5,1,1.0,1.0,1.0,1.0,False,point_pattern,bc_jackson2020,motif_t_tumor_mixing,spatial,lasso,1,2,150,1.0,1.0,1.0
point-pattern::Tumor (Myoepithelial)_K_r50,1,2,4,1,0.6666666666666666,0.8,1.0,1.0,False,point_pattern,bc_jackson2020,motif_t_tumor_mixing,spatial,lasso,1,3,150,1.0,0.6666666666666666,0.8
point-pattern::Endothelial_K_r50,0,2,3,0,0.6666666666666666,0.6,0.5,2.0,False,point_pattern,bc_jackson2020,motif_t_tumor_mixing,spatial,lasso,1,4,150,0.0,0.6666666666666666,0.6
point-pattern::T cell_K_r10,1,2,3,1,0.6666666666666666,0.6,1.0,1.0,False,point_pattern,bc_jackson2020,motif_t_tumor_mixing,spatial,lasso,2,0,150,1.0,0.6666666666666666,0.6
point-pattern::T cell_L_r50,1,3,3,1,1.0,0.6,1.0,1.0,False,point_pattern,bc_jackson2020,motif_t_tumor_mixing,spatial,lasso,2,1,150,1.0,1.0,0.6
point-pattern::Stromal cells_L_r10,0,2,4,0,0.6666666666666666,0.8,0.5,2.0,False,point_pattern,bc_jackson2020,motif_t_tumor_mixing,spatial,lasso,2,2,150,0.0,0.6666666666666666,0.8
point-pattern::T cell_L_r10,1,3,5,1,1.0,1.0,1.0,1.0,False,point_pattern,bc_jackson2020,motif_t_tumor_mixing,spatial,lasso,2,3,150,1.0,1.0,1.0
point-pattern::Endothelial_K_r10,0,1,3,0,0.3333333333333333,0.6,0.5,2.0,False,point_pattern,bc_jackson2020,motif_t_tumor_mixing,spatial,lasso,2,4,150,0.0,0.3333333333333333,0.6
point-pattern::Tumor (CK lo HR lo)_L_r50,1,2,4,1,0.6666666666666666,0.8,1.0,1.0,False,point_pattern,bc_jackson2020,motif_t_tumor_mixing,spatial,shap,0,0,150,1.0,0.6666666666666666,0.8
point-pattern::Tumor (CK+ HR lo)_L_r50,1,3,4,1,1.0,0.8,1.0,1.0,False,point_pattern,bc_jackson2020,motif_t_tumor_mixing,spatial,shap,0,1,150,1.0,1.0,0.8
point-pattern::Endothelial_L_r100,0,2,4,0,0.6666666666666666,0.8,0.5,2.0,False,point_pattern,bc_jackson2020,motif_t_tumor_mixing,spatial,shap,0,2,150,0.0,0.6666666666666666,0.8
point-pattern::Tumor (CK lo HR lo)_L_r50,1,2,4,1,0.6666666666666666,0.8,1.0,1.0,False,point_pattern,bc_jackson2020,motif_t_tumor_mixing,spatial,shap,0,3,150,1.0,0.6666666666666666,0.8
point-pattern::T cell_L_r50,1,1,2,1,0.3333333333333333,0.4,1.0,1.0,False,point_pattern,bc_jackson2020,motif_t_tumor_mixing,spatial,shap,0,4,150,1.0,0.3333333333333333,0.4
point-pattern::Tumor (CK lo HR lo)_L_r50,1,2,4,1,0.6666666666666666,0.8,1.0,1.0,False,point_pattern,bc_jackson2020,motif_t_tumor_mixing,spatial,shap,1,0,150,1.0,0.6666666666666666,0.8
point-pattern::Tumor (CK+ HR lo)_L_r50,1,2,4,1,0.6666666666666666,0.8,1.0,1.0,False,point_pattern,bc_jackson2020,motif_t_tumor_mixing,spatial,shap,1,1,150,1.0,0.6666666666666666,0.8
point-pattern::Tumor (CK lo HR lo)_L_r50,1,3,4,1,1.0,0.8,1.0,1.0,False,point_pattern,bc_jackson2020,motif_t_tumor_mixing,spatial,shap,1,2,150,1.0,1.0,0.8
point-pattern::Tumor (Myoepithelial)_K_r50,1,3,5,1,1.0,1.0,1.0,1.0,False,point_pattern,bc_jackson2020,motif_t_tumor_mixing,spatial,shap,1,3,150,1.0,1.0,1.0
point-pattern::T cell_K_r10,1,3,3,1,1.0,0.6,1.0,1.0,False,point_pattern,bc_jackson2020,motif_t_tumor_mixing,spatial,shap,1,4,150,1.0,1.0,0.6
point-pattern::Tumor (CK lo HR lo)_L_r50,1,2,2,1,0.6666666666666666,0.4,1.0,1.0,False,point_pattern,bc_jackson2020,motif_t_tumor_mixing,spatial,shap,2,0,150,1.0,0.6666666666666666,0.4
point-pattern::T cell_L_r50,1,3,5,1,1.0,1.0,1.0,1.0,False,point_pattern,bc_jackson2020,motif_t_tumor_mixing,spatial,shap,2,1,150,1.0,1.0,1.0
point-pattern::Macrophage_L_r50,0,1,3,0,0.3333333333333333,0.6,0.5,2.0,False,point_pattern,bc_jackson2020,motif_t_tumor_mixing,spatial,shap,2,2,150,0.0,0.3333333333333333,0.6
point-pattern::Tumor (CK lo HR lo)_L_r50,1,3,5,1,1.0,1.0,1.0,1.0,False,point_pattern,bc_jackson2020,motif_t_tumor_mixing,spatial,shap,2,3,150,1.0,1.0,1.0
point-pattern::Tumor (CK lo HR lo)_L_r50,1,3,5,1,1.0,1.0,1.0,1.0,False,point_pattern,bc_jackson2020,motif_t_tumor_mixing,spatial,shap,2,4,150,1.0,1.0,1.0
point-pattern::Tumor (CK lo HR lo)_L_r50,0,0,0,0,0.0,0.0,0.0,,False,point_pattern,bc_jackson2020,motif_tumor_high,control,lasso,0,0,0,0.0,0.0,0.0
point-pattern::Tumor (CK+ HR hi)_L_r100,0,0,0,0,0.0,0.0,0.0,,False,point_pattern,bc_jackson2020,motif_tumor_high,control,lasso,0,1,0,0.0,0.0,0.0
point-pattern::Tumor (CK+ HR hi)_K_r20,0,0,0,0,0.0,0.0,0.0,,False,point_pattern,bc_jackson2020,motif_tumor_high,control,lasso,0,2,0,0.0,0.0,0.0
point-pattern::Tumor (CK7+)_K_r10,0,0,0,0,0.0,0.0,0.0,,False,point_pattern,bc_jackson2020,motif_tumor_high,control,lasso,0,3,0,0.0,0.0,0.0
point-pattern::Tumor (Basal CK)_L_r20,0,0,0,0,0.0,0.0,0.0,,False,point_pattern,bc_jackson2020,motif_tumor_high,control,lasso,0,4,0,0.0,0.0,0.0
point-pattern::Tumor (CK+ HR hi)_L_r100,0,0,0,0,0.0,0.0,0.0,,False,point_pattern,bc_jackson2020,motif_tumor_high,control,lasso,1,0,0,0.0,0.0,0.0
point-pattern::Tumor (Basal CK)_L_r20,0,0,0,0,0.0,0.0,0.0,,False,point_pattern,bc_jackson2020,motif_tumor_high,control,lasso,1,1,0,0.0,0.0,0.0
point-pattern::Tumor (Basal CK)_L_r20,0,0,0,0,0.0,0.0,0.0,,False,point_pattern,bc_jackson2020,motif_tumor_high,control,lasso,1,2,0,0.0,0.0,0.0
point-pattern::Tumor (CK7+)_L_r20,0,0,0,0,0.0,0.0,0.0,,False,point_pattern,bc_jackson2020,motif_tumor_high,control,lasso,1,3,0,0.0,0.0,0.0
point-pattern::Endothelial_L_r50,0,0,0,0,0.0,0.0,0.0,,False,point_pattern,bc_jackson2020,motif_tumor_high,control,lasso,1,4,0,0.0,0.0,0.0
point-pattern::Tumor (CK7+)_K_r50,0,0,0,0,0.0,0.0,0.0,,False,point_pattern,bc_jackson2020,motif_tumor_high,control,lasso,2,0,0,0.0,0.0,0.0
point-pattern::Tumor (CK lo HR lo)_L_r50,0,0,0,0,0.0,0.0,0.0,,False,point_pattern,bc_jackson2020,motif_tumor_high,control,lasso,2,1,0,0.0,0.0,0.0
point-pattern::Tumor (Myoepithelial)_L_r50,0,0,0,0,0.0,0.0,0.0,,False,point_pattern,bc_jackson2020,motif_tumor_high,control,lasso,2,2,0,0.0,0.0,0.0
point-pattern::Tumor (Basal CK)_L_r20,0,0,0,0,0.0,0.0,0.0,,False,point_pattern,bc_jackson2020,motif_tumor_high,control,lasso,2,3,0,0.0,0.0,0.0
point-pattern::Tumor (Basal CK)_L_r20,0,0,0,0,0.0,0.0,0.0,,False,point_pattern,bc_jackson2020,motif_tumor_high,control,lasso,2,4,0,0.0,0.0,0.0
point-pattern::Tumor (CK lo HR lo)_L_r50,0,0,0,0,0.0,0.0,0.0,,False,point_pattern,bc_jackson2020,motif_tumor_high,control,shap,0,0,0,0.0,0.0,0.0
point-pattern::Endothelial_L_r50,0,0,0,0,0.0,0.0,0.0,,False,point_pattern,bc_jackson2020,motif_tumor_high,control,shap,0,1,0,0.0,0.0,0.0
point-pattern::Tumor (CK lo HR lo)_L_r100,0,0,0,0,0.0,0.0,0.0,,False,point_pattern,bc_jackson2020,motif_tumor_high,control,shap,0,2,0,0.0,0.0,0.0
point-pattern::Tumor (CK7+)_K_r10,0,0,0,0,0.0,0.0,0.0,,False,point_pattern,bc_jackson2020,motif_tumor_high,control,shap,0,3,0,0.0,0.0,0.0
point-pattern::Tumor (CK7+)_L_r20,0,0,0,0,0.0,0.0,0.0,,False,point_pattern,bc_jackson2020,motif_tumor_high,control,shap,0,4,0,0.0,0.0,0.0
point-pattern::Tumor (CK lo HR lo)_L_r50,0,0,0,0,0.0,0.0,0.0,,False,point_pattern,bc_jackson2020,motif_tumor_high,control,shap,1,0,0,0.0,0.0,0.0
point-pattern::Endothelial_L_r50,0,0,0,0,0.0,0.0,0.0,,False,point_pattern,bc_jackson2020,motif_tumor_high,control,shap,1,1,0,0.0,0.0,0.0
point-pattern::Macrophage_L_r20,0,0,0,0,0.0,0.0,0.0,,False,point_pattern,bc_jackson2020,motif_tumor_high,control,shap,1,2,0,0.0,0.0,0.0
point-pattern::Tumor (CK7+)_L_r20,0,0,0,0,0.0,0.0,0.0,,False,point_pattern,bc_jackson2020,motif_tumor_high,control,shap,1,3,0,0.0,0.0,0.0
point-pattern::Tumor (CK lo HR lo)_L_r20,0,0,0,0,0.0,0.0,0.0,,False,point_pattern,bc_jackson2020,motif_tumor_high,control,shap,1,4,0,0.0,0.0,0.0
point-pattern::Endothelial_L_r50,0,0,0,0,0.0,0.0,0.0,,False,point_pattern,bc_jackson2020,motif_tumor_high,control,shap,2,0,0,0.0,0.0,0.0
point-pattern::Tumor (CK lo HR lo)_L_r50,0,0,0,0,0.0,0.0,0.0,,False,point_pattern,bc_jackson2020,motif_tumor_high,control,shap,2,1,0,0.0,0.0,0.0
point-pattern::Tumor (Myoepithelial)_L_r50,0,0,0,0,0.0,0.0,0.0,,False,point_pattern,bc_jackson2020,motif_tumor_high,control,shap,2,2,0,0.0,0.0,0.0
point-pattern::Tumor (Basal CK)_L_r20,0,0,0,0,0.0,0.0,0.0,,False,point_pattern,bc_jackson2020,motif_tumor_high,control,shap,2,3,0,0.0,0.0,0.0
point-pattern::T cell_L_r20,0,0,0,0,0.0,0.0,0.0,,False,point_pattern,bc_jackson2020,motif_tumor_high,control,shap,2,4,0,0.0,0.0,0.0
point-pattern::HR+ CK7-_L_r50,0,0,0,0,0.0,0.0,0.07692307692307693,13.0,False,point_pattern,bc_metabric_ali2020,motif_interface_immune,spatial,lasso,0,0,20,0.0,0.0,0.0
point-pattern::Fibroblasts CD68+_L_r50,0,0,2,0,0.0,0.4,0.25,4.0,False,point_pattern,bc_metabric_ali2020,motif_interface_immune,spatial,lasso,0,1,20,0.0,0.0,0.4
point-pattern::Vascular SMA+_L_r20,0,0,0,0,0.0,0.0,0.0625,16.0,False,point_pattern,bc_metabric_ali2020,motif_interface_immune,spatial,lasso,0,2,20,0.0,0.0,0.0
point-pattern::HR+ CK7- Ki67+_K_r20,0,0,0,0,0.0,0.0,0.0,,False,point_pattern,bc_metabric_ali2020,motif_interface_immune,spatial,lasso,0,3,20,0.0,0.0,0.0
point-pattern::Hypoxia_K_r50,0,0,1,0,0.0,0.2,0.25,4.0,False,point_pattern,bc_metabric_ali2020,motif_interface_immune,spatial,lasso,0,4,20,0.0,0.0,0.2
point-pattern::HR+ CK7-_L_r50,0,1,1,0,0.3333333333333333,0.2,0.3333333333333333,3.0,False,point_pattern,bc_metabric_ali2020,motif_interface_immune,spatial,lasso,1,0,20,0.0,0.3333333333333333,0.2
point-pattern::Vascular SMA+_L_r20,0,0,0,0,0.0,0.0,0.09090909090909091,11.0,False,point_pattern,bc_metabric_ali2020,motif_interface_immune,spatial,lasso,1,1,20,0.0,0.0,0.0
point-pattern::HR+ CK7- Ki67+_L_r50,0,0,0,0,0.0,0.0,0.07142857142857142,14.0,False,point_pattern,bc_metabric_ali2020,motif_interface_immune,spatial,lasso,1,2,20,0.0,0.0,0.0
point-pattern::HR+ CK7- Ki67+_L_r50,0,0,0,0,0.0,0.0,0.0,,False,point_pattern,bc_metabric_ali2020,motif_interface_immune,spatial,lasso,1,3,20,0.0,0.0,0.0
point-pattern::Fibroblasts_L_r20,0,0,1,0,0.0,0.2,0.25,4.0,False,point_pattern,bc_metabric_ali2020,motif_interface_immune,spatial,lasso,1,4,20,0.0,0.0,0.2
point-pattern::HR+ CK7-_K_r50,0,0,0,0,0.0,0.0,0.1,10.0,False,point_pattern,bc_metabric_ali2020,motif_interface_immune,spatial,lasso,2,0,20,0.0,0.0,0.0
point-pattern::B cells_L_r10,1,1,1,1,0.3333333333333333,0.2,1.0,1.0,False,point_pattern,bc_metabric_ali2020,motif_interface_immune,spatial,lasso,2,1,20,1.0,0.3333333333333333,0.2
point-pattern::HR+ CK7- Ki67+_L_r50,0,0,0,0,0.0,0.0,0.08333333333333333,12.0,False,point_pattern,bc_metabric_ali2020,motif_interface_immune,spatial,lasso,2,2,20,0.0,0.0,0.0
point-pattern::HR+ CK7- Ki67+_L_r50,0,0,0,0,0.0,0.0,0.0625,16.0,False,point_pattern,bc_metabric_ali2020,motif_interface_immune,spatial,lasso,2,3,20,0.0,0.0,0.0
point-pattern::Myoepithelial_K_r50,0,0,0,0,0.0,0.0,0.0,,False,point_pattern,bc_metabric_ali2020,motif_interface_immune,spatial,lasso,2,4,20,0.0,0.0,0.0
point-pattern::HR+ CK7-_L_r50,0,0,0,0,0.0,0.0,0.0,,False,point_pattern,bc_metabric_ali2020,motif_interface_immune,spatial,shap,0,0,20,0.0,0.0,0.0
point-pattern::Fibroblasts CD68+_L_r50,0,0,0,0,0.0,0.0,0.09090909090909091,11.0,False,point_pattern,bc_metabric_ali2020,motif_interface_immune,spatial,shap,0,1,20,0.0,0.0,0.0
point-pattern::Myofibroblasts_L_r20,0,0,0,0,0.0,0.0,0.0,,False,point_pattern,bc_metabric_ali2020,motif_interface_immune,spatial,shap,0,2,20,0.0,0.0,0.0
point-pattern::Endothelial_K_r20,0,0,0,0,0.0,0.0,0.07142857142857142,14.0,False,point_pattern,bc_metabric_ali2020,motif_interface_immune,spatial,shap,0,3,20,0.0,0.0,0.0
point-pattern::Vascular SMA+_L_r20,0,0,1,0,0.0,0.2,0.2,5.0,False,point_pattern,bc_metabric_ali2020,motif_interface_immune,spatial,shap,0,4,20,0.0,0.0,0.2
point-pattern::HR+ CK7-_L_r50,0,0,0,0,0.0,0.0,0.0,,False,point_pattern,bc_metabric_ali2020,motif_interface_immune,spatial,shap,1,0,20,0.0,0.0,0.0
point-pattern::Myofibroblasts_L_r100,0,0,0,0,0.0,0.0,0.1111111111111111,9.0,False,point_pattern,bc_metabric_ali2020,motif_interface_immune,spatial,shap,1,1,20,0.0,0.0,0.0
point-pattern::HR+ CK7- Ki67+_L_r50,0,0,0,0,0.0,0.0,0.09090909090909091,11.0,False,point_pattern,bc_metabric_ali2020,motif_interface_immune,spatial,shap,1,2,20,0.0,0.0,0.0
point-pattern::T cells_K_r10,0,0,0,0,0.0,0.0,0.0,,False,point_pattern,bc_metabric_ali2020,motif_interface_immune,spatial,shap,1,3,20,0.0,0.0,0.0
point-pattern::Fibroblasts_L_r20,0,1,1,0,0.3333333333333333,0.2,0.3333333333333333,3.0,False,point_pattern,bc_metabric_ali2020,motif_interface_immune,spatial,shap,1,4,20,0.0,0.3333333333333333,0.2
point-pattern::HR+ CK7-_K_r50,0,0,0,0,0.0,0.0,0.07692307692307693,13.0,False,point_pattern,bc_metabric_ali2020,motif_interface_immune,spatial,shap,2,0,20,0.0,0.0,0.0
point-pattern::B cells_L_r10,1,1,1,1,0.3333333333333333,0.2,1.0,1.0,False,point_pattern,bc_metabric_ali2020,motif_interface_immune,spatial,shap,2,1,20,1.0,0.3333333333333333,0.2
point-pattern::HR+ CK7- Ki67+_L_r50,0,0,0,0,0.0,0.0,0.1111111111111111,9.0,False,point_pattern,bc_metabric_ali2020,motif_interface_immune,spatial,shap,2,2,20,0.0,0.0,0.0
point-pattern::Fibroblasts_L_r20,0,0,0,0,0.0,0.0,0.0,,False,point_pattern,bc_metabric_ali2020,motif_interface_immune,spatial,shap,2,3,20,0.0,0.0,0.0
point-pattern::Myoepithelial_K_r50,0,0,0,0,0.0,0.0,0.0,,False,point_pattern,bc_metabric_ali2020,motif_interface_immune,spatial,shap,2,4,20,0.0,0.0,0.0
point-pattern::HR- CKlow CK5+_L_r50,0,0,0,0,0.0,0.0,0.0,,False,point_pattern,bc_metabric_ali2020,motif_tumor_stroma_mixing,spatial,lasso,0,0,0,0.0,0.0,0.0
point-pattern::Fibroblasts_L_r50,0,0,0,0,0.0,0.0,0.0,,False,point_pattern,bc_metabric_ali2020,motif_tumor_stroma_mixing,spatial,lasso,0,1,0,0.0,0.0,0.0
point-pattern::Fibroblasts CD68+_L_r10,0,0,0,0,0.0,0.0,0.0,,False,point_pattern,bc_metabric_ali2020,motif_tumor_stroma_mixing,spatial,lasso,0,2,0,0.0,0.0,0.0
point-pattern::Fibroblasts_L_r50,0,0,0,0,0.0,0.0,0.0,,False,point_pattern,bc_metabric_ali2020,motif_tumor_stroma_mixing,spatial,lasso,0,3,0,0.0,0.0,0.0
point-pattern::HR+ CK7-_L_r200,0,0,0,0,0.0,0.0,0.0,,False,point_pattern,bc_metabric_ali2020,motif_tumor_stroma_mixing,spatial,lasso,0,4,0,0.0,0.0,0.0
point-pattern::HR- CKlow CK5+_K_r20,0,0,0,0,0.0,0.0,0.0,,False,point_pattern,bc_metabric_ali2020,motif_tumor_stroma_mixing,spatial,lasso,1,0,0,0.0,0.0,0.0
point-pattern::HR+ CK7-_L_r100,0,0,0,0,0.0,0.0,0.0,,False,point_pattern,bc_metabric_ali2020,motif_tumor_stroma_mixing,spatial,lasso,1,1,0,0.0,0.0,0.0
point-pattern::Fibroblasts_L_r50,0,0,0,0,0.0,0.0,0.0,,False,point_pattern,bc_metabric_ali2020,motif_tumor_stroma_mixing,spatial,lasso,1,2,0,0.0,0.0,0.0
point-pattern::HR- CKlow CK5+_K_r20,0,0,0,0,0.0,0.0,0.0,,False,point_pattern,bc_metabric_ali2020,motif_tumor_stroma_mixing,spatial,lasso,1,3,0,0.0,0.0,0.0
point-pattern::HR+ CK7-_L_r100,0,0,0,0,0.0,0.0,0.0,,False,point_pattern,bc_metabric_ali2020,motif_tumor_stroma_mixing,spatial,lasso,1,4,0,0.0,0.0,0.0
point-pattern::Fibroblasts_L_r50,0,0,0,0,0.0,0.0,0.0,,False,point_pattern,bc_metabric_ali2020,motif_tumor_stroma_mixing,spatial,lasso,2,0,0,0.0,0.0,0.0
point-pattern::HR- CK7-_L_r100,0,0,0,0,0.0,0.0,0.0,,False,point_pattern,bc_metabric_ali2020,motif_tumor_stroma_mixing,spatial,lasso,2,1,0,0.0,0.0,0.0
point-pattern::HR+ CK7-_L_r50,0,0,0,0,0.0,0.0,0.0,,False,point_pattern,bc_metabric_ali2020,motif_tumor_stroma_mixing,spatial,lasso,2,2,0,0.0,0.0,0.0
point-pattern::HR+ CK7-_L_r50,0,0,0,0,0.0,0.0,0.0,,False,point_pattern,bc_metabric_ali2020,motif_tumor_stroma_mixing,spatial,lasso,2,3,0,0.0,0.0,0.0
point-pattern::Fibroblasts CD68+_L_r10,0,0,0,0,0.0,0.0,0.0,,False,point_pattern,bc_metabric_ali2020,motif_tumor_stroma_mixing,spatial,lasso,2,4,0,0.0,0.0,0.0
point-pattern::Fibroblasts_K_r20,0,0,0,0,0.0,0.0,0.0,,False,point_pattern,bc_metabric_ali2020,motif_tumor_stroma_mixing,spatial,shap,0,0,0,0.0,0.0,0.0
point-pattern::Fibroblasts CD68+_L_r10,0,0,0,0,0.0,0.0,0.0,,False,point_pattern,bc_metabric_ali2020,motif_tumor_stroma_mixing,spatial,shap,0,1,0,0.0,0.0,0.0
point-pattern::Fibroblasts CD68+_L_r10,0,0,0,0,0.0,0.0,0.0,,False,point_pattern,bc_metabric_ali2020,motif_tumor_stroma_mixing,spatial,shap,0,2,0,0.0,0.0,0.0
point-pattern::HR+ CK7-_L_r100,0,0,0,0,0.0,0.0,0.0,,False,point_pattern,bc_metabric_ali2020,motif_tumor_stroma_mixing,spatial,shap,0,3,0,0.0,0.0,0.0
point-pattern::HR+ CK7-_L_r50,0,0,0,0,0.0,0.0,0.0,,False,point_pattern,bc_metabric_ali2020,motif_tumor_stroma_mixing,spatial,shap,0,4,0,0.0,0.0,0.0
point-pattern::HR- CKlow CK5+_K_r20,0,0,0,0,0.0,0.0,0.0,,False,point_pattern,bc_metabric_ali2020,motif_tumor_stroma_mixing,spatial,shap,1,0,0,0.0,0.0,0.0
point-pattern::HR+ CK7-_L_r100,0,0,0,0,0.0,0.0,0.0,,False,point_pattern,bc_metabric_ali2020,motif_tumor_stroma_mixing,spatial,shap,1,1,0,0.0,0.0,0.0
point-pattern::Fibroblasts_L_r50,0,0,0,0,0.0,0.0,0.0,,False,point_pattern,bc_metabric_ali2020,motif_tumor_stroma_mixing,spatial,shap,1,2,0,0.0,0.0,0.0
point-pattern::HR- CKlow CK5+_K_r20,0,0,0,0,0.0,0.0,0.0,,False,point_pattern,bc_metabric_ali2020,motif_tumor_stroma_mixing,spatial,shap,1,3,0,0.0,0.0,0.0
point-pattern::HR+ CK7-_L_r50,0,0,0,0,0.0,0.0,0.0,,False,point_pattern,bc_metabric_ali2020,motif_tumor_stroma_mixing,spatial,shap,1,4,0,0.0,0.0,0.0
point-pattern::Fibroblasts_L_r50,0,0,0,0,0.0,0.0,0.0,,False,point_pattern,bc_metabric_ali2020,motif_tumor_stroma_mixing,spatial,shap,2,0,0,0.0,0.0,0.0
point-pattern::Fibroblasts CD68+_L_r10,0,0,0,0,0.0,0.0,0.0,,False,point_pattern,bc_metabric_ali2020,motif_tumor_stroma_mixing,spatial,shap,2,1,0,0.0,0.0,0.0
point-pattern::HR- CKlow CK5+_K_r20,0,0,0,0,0.0,0.0,0.0,,False,point_pattern,bc_metabric_ali2020,motif_tumor_stroma_mixing,spatial,shap,2,2,0,0.0,0.0,0.0
point-pattern::HR+ CK7-_L_r50,0,0,0,0,0.0,0.0,0.0,,False,point_pattern,bc_metabric_ali2020,motif_tumor_stroma_mixing,spatial,shap,2,3,0,0.0,0.0,0.0
point-pattern::Fibroblasts CD68+_L_r10,0,0,0,0,0.0,0.0,0.0,,False,point_pattern,bc_metabric_ali2020,motif_tumor_stroma_mixing,spatial,shap,2,4,0,0.0,0.0,0.0
point-pattern::CD8 T cell_L_r200,1,3,5,1,1.0,1.0,1.0,1.0,False,point_pattern,hnc_wu2022,motif_cd8_clustering,spatial,lasso,0,0,10,1.0,1.0,1.0
point-pattern::CD8 T cell_L_r200,1,3,5,1,1.0,1.0,1.0,1.0,False,point_pattern,hnc_wu2022,motif_cd8_clustering,spatial,lasso,0,1,10,1.0,1.0,1.0
point-pattern::CD8 T cell_L_r200,1,3,5,1,1.0,1.0,1.0,1.0,False,point_pattern,hnc_wu2022,motif_cd8_clustering,spatial,lasso,0,2,10,1.0,1.0,1.0
point-pattern::CD8 T cell_L_r200,1,3,5,1,1.0,1.0,1.0,1.0,False,point_pattern,hnc_wu2022,motif_cd8_clustering,spatial,lasso,0,3,10,1.0,1.0,1.0
point-pattern::CD8 T cell_L_r200,1,3,5,1,1.0,1.0,1.0,1.0,False,point_pattern,hnc_wu2022,motif_cd8_clustering,spatial,lasso,0,4,10,1.0,1.0,1.0
point-pattern::CD8 T cell_L_r200,1,3,5,1,1.0,1.0,1.0,1.0,False,point_pattern,hnc_wu2022,motif_cd8_clustering,spatial,lasso,1,0,10,1.0,1.0,1.0
point-pattern::CD8 T cell_L_r200,1,3,5,1,1.0,1.0,1.0,1.0,False,point_pattern,hnc_wu2022,motif_cd8_clustering,spatial,lasso,1,1,10,1.0,1.0,1.0
point-pattern::CD8 T cell_L_r200,1,3,5,1,1.0,1.0,1.0,1.0,False,point_pattern,hnc_wu2022,motif_cd8_clustering,spatial,lasso,1,2,10,1.0,1.0,1.0
point-pattern::CD8 T cell_L_r200,1,3,5,1,1.0,1.0,1.0,1.0,False,point_pattern,hnc_wu2022,motif_cd8_clustering,spatial,lasso,1,3,10,1.0,1.0,1.0
point-pattern::CD8 T cell_L_r200,1,3,5,1,1.0,1.0,1.0,1.0,False,point_pattern,hnc_wu2022,motif_cd8_clustering,spatial,lasso,1,4,10,1.0,1.0,1.0
point-pattern::CD8 T cell_L_r200,1,3,5,1,1.0,1.0,1.0,1.0,False,point_pattern,hnc_wu2022,motif_cd8_clustering,spatial,lasso,2,0,10,1.0,1.0,1.0
point-pattern::CD8 T cell_L_r200,1,3,5,1,1.0,1.0,1.0,1.0,False,point_pattern,hnc_wu2022,motif_cd8_clustering,spatial,lasso,2,1,10,1.0,1.0,1.0
point-pattern::CD8 T cell_L_r200,1,3,5,1,1.0,1.0,1.0,1.0,False,point_pattern,hnc_wu2022,motif_cd8_clustering,spatial,lasso,2,2,10,1.0,1.0,1.0
point-pattern::CD8 T cell_L_r200,1,3,5,1,1.0,1.0,1.0,1.0,False,point_pattern,hnc_wu2022,motif_cd8_clustering,spatial,lasso,2,3,10,1.0,1.0,1.0
point-pattern::CD8 T cell_L_r200,1,3,5,1,1.0,1.0,1.0,1.0,False,point_pattern,hnc_wu2022,motif_cd8_clustering,spatial,lasso,2,4,10,1.0,1.0,1.0
point-pattern::CD8 T cell_L_r20,1,3,5,1,1.0,1.0,1.0,1.0,False,point_pattern,hnc_wu2022,motif_cd8_clustering,spatial,shap,0,0,10,1.0,1.0,1.0
point-pattern::CD8 T cell_L_r200,1,3,5,1,1.0,1.0,1.0,1.0,False,point_pattern,hnc_wu2022,motif_cd8_clustering,spatial,shap,0,1,10,1.0,1.0,1.0
point-pattern::CD8 T cell_L_r200,1,3,5,1,1.0,1.0,1.0,1.0,False,point_pattern,hnc_wu2022,motif_cd8_clustering,spatial,shap,0,2,10,1.0,1.0,1.0
point-pattern::CD8 T cell_L_r200,1,3,5,1,1.0,1.0,1.0,1.0,False,point_pattern,hnc_wu2022,motif_cd8_clustering,spatial,shap,0,3,10,1.0,1.0,1.0
point-pattern::CD8 T cell_L_r200,1,3,5,1,1.0,1.0,1.0,1.0,False,point_pattern,hnc_wu2022,motif_cd8_clustering,spatial,shap,0,4,10,1.0,1.0,1.0
point-pattern::CD8 T cell_L_r200,1,3,5,1,1.0,1.0,1.0,1.0,False,point_pattern,hnc_wu2022,motif_cd8_clustering,spatial,shap,1,0,10,1.0,1.0,1.0
point-pattern::CD8 T cell_L_r200,1,3,5,1,1.0,1.0,1.0,1.0,False,point_pattern,hnc_wu2022,motif_cd8_clustering,spatial,shap,1,1,10,1.0,1.0,1.0
point-pattern::CD8 T cell_L_r20,1,3,5,1,1.0,1.0,1.0,1.0,False,point_pattern,hnc_wu2022,motif_cd8_clustering,spatial,shap,1,2,10,1.0,1.0,1.0
point-pattern::CD8 T cell_L_r200,1,3,5,1,1.0,1.0,1.0,1.0,False,point_pattern,hnc_wu2022,motif_cd8_clustering,spatial,shap,1,3,10,1.0,1.0,1.0
point-pattern::CD8 T cell_L_r200,1,3,5,1,1.0,1.0,1.0,1.0,False,point_pattern,hnc_wu2022,motif_cd8_clustering,spatial,shap,1,4,10,1.0,1.0,1.0
point-pattern::CD8 T cell_L_r200,1,3,5,1,1.0,1.0,1.0,1.0,False,point_pattern,hnc_wu2022,motif_cd8_clustering,spatial,shap,2,0,10,1.0,1.0,1.0
point-pattern::CD8 T cell_L_r200,1,3,5,1,1.0,1.0,1.0,1.0,False,point_pattern,hnc_wu2022,motif_cd8_clustering,spatial,shap,2,1,10,1.0,1.0,1.0
point-pattern::CD8 T cell_L_r200,1,3,4,1,1.0,0.8,1.0,1.0,False,point_pattern,hnc_wu2022,motif_cd8_clustering,spatial,shap,2,2,10,1.0,1.0,0.8
point-pattern::CD8 T cell_L_r200,1,3,5,1,1.0,1.0,1.0,1.0,False,point_pattern,hnc_wu2022,motif_cd8_clustering,spatial,shap,2,3,10,1.0,1.0,1.0
point-pattern::CD8 T cell_L_r20,1,3,5,1,1.0,1.0,1.0,1.0,False,point_pattern,hnc_wu2022,motif_cd8_clustering,spatial,shap,2,4,10,1.0,1.0,1.0
point-pattern::Macrophage_K_r100,0,0,0,0,0.0,0.0,0.14285714285714285,7.0,False,point_pattern,hnc_wu2022,motif_immune_exclusion,spatial,lasso,0,0,10,0.0,0.0,0.0
point-pattern::Tumor_L_r200,0,0,0,0,0.0,0.0,0.07692307692307693,13.0,False,point_pattern,hnc_wu2022,motif_immune_exclusion,spatial,lasso,0,1,10,0.0,0.0,0.0
point-pattern::B cell_L_r200,0,0,0,0,0.0,0.0,0.16666666666666666,6.0,False,point_pattern,hnc_wu2022,motif_immune_exclusion,spatial,lasso,0,2,10,0.0,0.0,0.0
point-pattern::Tumor_L_r100,0,1,1,0,0.3333333333333333,0.2,0.3333333333333333,3.0,False,point_pattern,hnc_wu2022,motif_immune_exclusion,spatial,lasso,0,3,10,0.0,0.3333333333333333,0.2
point-pattern::Vessel_L_r50,0,0,1,0,0.0,0.2,0.2,5.0,False,point_pattern,hnc_wu2022,motif_immune_exclusion,spatial,lasso,0,4,10,0.0,0.0,0.2
point-pattern::Tumor_L_r200,0,0,0,0,0.0,0.0,0.07142857142857142,14.0,False,point_pattern,hnc_wu2022,motif_immune_exclusion,spatial,lasso,1,0,10,0.0,0.0,0.0
point-pattern::Tumor_L_r200,0,1,2,0,0.3333333333333333,0.4,0.3333333333333333,3.0,False,point_pattern,hnc_wu2022,motif_immune_exclusion,spatial,lasso,1,1,10,0.0,0.3333333333333333,0.4
point-pattern::CD8 T cell_L_r20,1,1,1,1,0.3333333333333333,0.2,1.0,1.0,False,point_pattern,hnc_wu2022,motif_immune_exclusion,spatial,lasso,1,2,10,1.0,0.3333333333333333,0.2
point-pattern::B cell_L_r200,0,0,0,0,0.0,0.0,0.125,8.0,False,point_pattern,hnc_wu2022,motif_immune_exclusion,spatial,lasso,1,3,10,0.0,0.0,0.0
point-pattern::CD8 T cell_L_r20,1,1,1,1,0.3333333333333333,0.2,1.0,1.0,False,point_pattern,hnc_wu2022,motif_immune_exclusion,spatial,lasso,1,4,10,1.0,0.3333333333333333,0.2
point-pattern::Tumor_L_r100,0,1,1,0,0.3333333333333333,0.2,0.3333333333333333,3.0,False,point_pattern,hnc_wu2022,motif_immune_exclusion,spatial,lasso,2,0,10,0.0,0.3333333333333333,0.2
point-pattern::CD8 T cell_L_r20,1,2,3,1,0.6666666666666666,0.6,1.0,1.0,False,point_pattern,hnc_wu2022,motif_immune_exclusion,spatial,lasso,2,1,10,1.0,0.6666666666666666,0.6
point-pattern::B cell_L_r200,0,0,1,0,0.0,0.2,0.25,4.0,False,point_pattern,hnc_wu2022,motif_immune_exclusion,spatial,lasso,2,2,10,0.0,0.0,0.2
point-pattern::Tumor_L_r200,0,0,0,0,0.0,0.0,0.14285714285714285,7.0,False,point_pattern,hnc_wu2022,motif_immune_exclusion,spatial,lasso,2,3,10,0.0,0.0,0.0
point-pattern::B cell_L_r200,0,0,0,0,0.0,0.0,0.14285714285714285,7.0,False,point_pattern,hnc_wu2022,motif_immune_exclusion,spatial,lasso,2,4,10,0.0,0.0,0.0
point-pattern::Macrophage_L_r100,0,0,2,0,0.0,0.4,0.25,4.0,False,point_pattern,hnc_wu2022,motif_immune_exclusion,spatial,shap,0,0,10,0.0,0.0,0.4
point-pattern::Stroma_K_r10,0,0,0,0,0.0,0.0,0.16666666666666666,6.0,False,point_pattern,hnc_wu2022,motif_immune_exclusion,spatial,shap,0,1,10,0.0,0.0,0.0
point-pattern::CD4 T cell_L_r10,0,0,1,0,0.0,0.2,0.25,4.0,False,point_pattern,hnc_wu2022,motif_immune_exclusion,spatial,shap,0,2,10,0.0,0.0,0.2
point-pattern::Macrophage_L_r100,0,0,1,0,0.0,0.2,0.25,4.0,False,point_pattern,hnc_wu2022,motif_immune_exclusion,spatial,shap,0,3,10,0.0,0.0,0.2
point-pattern::CD8 T cell_L_r20,1,1,1,1,0.3333333333333333,0.2,1.0,1.0,False,point_pattern,hnc_wu2022,motif_immune_exclusion,spatial,shap,0,4,10,1.0,0.3333333333333333,0.2
point-pattern::Tumor_L_r200,0,0,0,0,0.0,0.0,0.14285714285714285,7.0,False,point_pattern,hnc_wu2022,motif_immune_exclusion,spatial,shap,1,0,10,0.0,0.0,0.0
point-pattern::CD8 T cell_L_r20,1,2,2,1,0.6666666666666666,0.4,1.0,1.0,False,point_pattern,hnc_wu2022,motif_immune_exclusion,spatial,shap,1,1,10,1.0,0.6666666666666666,0.4
point-pattern::CD8 T cell_L_r20,1,2,2,1,0.6666666666666666,0.4,1.0,1.0,False,point_pattern,hnc_wu2022,motif_immune_exclusion,spatial,shap,1,2,10,1.0,0.6666666666666666,0.4
point-pattern::B cell_L_r200,0,0,0,0,0.0,0.0,0.1111111111111111,9.0,False,point_pattern,hnc_wu2022,motif_immune_exclusion,spatial,shap,1,3,10,0.0,0.0,0.0
point-pattern::CD8 T cell_L_r20,1,1,1,1,0.3333333333333333,0.2,1.0,1.0,False,point_pattern,hnc_wu2022,motif_immune_exclusion,spatial,shap,1,4,10,1.0,0.3333333333333333,0.2
point-pattern::Tumor_L_r50,0,0,1,0,0.0,0.2,0.2,5.0,False,point_pattern,hnc_wu2022,motif_immune_exclusion,spatial,shap,2,0,10,0.0,0.0,0.2
point-pattern::CD8 T cell_L_r20,1,3,5,1,1.0,1.0,1.0,1.0,False,point_pattern,hnc_wu2022,motif_immune_exclusion,spatial,shap,2,1,10,1.0,1.0,1.0
point-pattern::CD8 T cell_L_r20,1,1,2,1,0.3333333333333333,0.4,1.0,1.0,False,point_pattern,hnc_wu2022,motif_immune_exclusion,spatial,shap,2,2,10,1.0,0.3333333333333333,0.4
point-pattern::Macrophage_L_r100,0,0,1,0,0.0,0.2,0.25,4.0,False,point_pattern,hnc_wu2022,motif_immune_exclusion,spatial,shap,2,3,10,0.0,0.0,0.2
point-pattern::CD4 T cell_L_r10,0,0,0,0,0.0,0.0,0.14285714285714285,7.0,False,point_pattern,hnc_wu2022,motif_immune_exclusion,spatial,shap,2,4,10,0.0,0.0,0.0
point-pattern::CD8^+PD1^+T_{Ex}_L_r10,0,0,0,0,0.0,0.0,0.0,,False,point_pattern,tnbc_wang2023,motif_cd8_high,control,lasso,0,0,0,0.0,0.0,0.0
point-pattern::CD8^+T_L_r10,0,0,0,0,0.0,0.0,0.0,,False,point_pattern,tnbc_wang2023,motif_cd8_high,control,lasso,0,1,0,0.0,0.0,0.0
point-pattern::CD8^+PD1^+T_{Ex}_L_r10,0,0,0,0,0.0,0.0,0.0,,False,point_pattern,tnbc_wang2023,motif_cd8_high,control,lasso,0,2,0,0.0,0.0,0.0
point-pattern::CD8^+PD1^+T_{Ex}_L_r10,0,0,0,0,0.0,0.0,0.0,,False,point_pattern,tnbc_wang2023,motif_cd8_high,control,lasso,0,3,0,0.0,0.0,0.0
point-pattern::CD8^+T_L_r10,0,0,0,0,0.0,0.0,0.0,,False,point_pattern,tnbc_wang2023,motif_cd8_high,control,lasso,0,4,0,0.0,0.0,0.0
point-pattern::CD8^+PD1^+T_{Ex}_L_r10,0,0,0,0,0.0,0.0,0.0,,False,point_pattern,tnbc_wang2023,motif_cd8_high,control,lasso,1,0,0,0.0,0.0,0.0
point-pattern::CD8^+TCF1^+T_L_r50,0,0,0,0,0.0,0.0,0.0,,False,point_pattern,tnbc_wang2023,motif_cd8_high,control,lasso,1,1,0,0.0,0.0,0.0
point-pattern::CD8^+T_L_r10,0,0,0,0,0.0,0.0,0.0,,False,point_pattern,tnbc_wang2023,motif_cd8_high,control,lasso,1,2,0,0.0,0.0,0.0
point-pattern::CA9^+_L_r50,0,0,0,0,0.0,0.0,0.0,,False,point_pattern,tnbc_wang2023,motif_cd8_high,control,lasso,1,3,0,0.0,0.0,0.0
point-pattern::CD8^+PD1^+T_{Ex}_L_r10,0,0,0,0,0.0,0.0,0.0,,False,point_pattern,tnbc_wang2023,motif_cd8_high,control,lasso,1,4,0,0.0,0.0,0.0
point-pattern::CD8^+T_L_r10,0,0,0,0,0.0,0.0,0.0,,False,point_pattern,tnbc_wang2023,motif_cd8_high,control,lasso,2,0,0,0.0,0.0,0.0
point-pattern::CD8^+T_L_r10,0,0,0,0,0.0,0.0,0.0,,False,point_pattern,tnbc_wang2023,motif_cd8_high,control,lasso,2,1,0,0.0,0.0,0.0
point-pattern::CD8^+T_L_r10,0,0,0,0,0.0,0.0,0.0,,False,point_pattern,tnbc_wang2023,motif_cd8_high,control,lasso,2,2,0,0.0,0.0,0.0
point-pattern::CD8^+PD1^+T_{Ex}_L_r10,0,0,0,0,0.0,0.0,0.0,,False,point_pattern,tnbc_wang2023,motif_cd8_high,control,lasso,2,3,0,0.0,0.0,0.0
point-pattern::CD8^+PD1^+T_{Ex}_L_r10,0,0,0,0,0.0,0.0,0.0,,False,point_pattern,tnbc_wang2023,motif_cd8_high,control,lasso,2,4,0,0.0,0.0,0.0
point-pattern::CD8^+PD1^+T_{Ex}_L_r10,0,0,0,0,0.0,0.0,0.0,,False,point_pattern,tnbc_wang2023,motif_cd8_high,control,shap,0,0,0,0.0,0.0,0.0
point-pattern::CD8^+T_L_r10,0,0,0,0,0.0,0.0,0.0,,False,point_pattern,tnbc_wang2023,motif_cd8_high,control,shap,0,1,0,0.0,0.0,0.0
point-pattern::CD8^+PD1^+T_{Ex}_L_r10,0,0,0,0,0.0,0.0,0.0,,False,point_pattern,tnbc_wang2023,motif_cd8_high,control,shap,0,2,0,0.0,0.0,0.0
point-pattern::CD8^+TCF1^+T_L_r50,0,0,0,0,0.0,0.0,0.0,,False,point_pattern,tnbc_wang2023,motif_cd8_high,control,shap,0,3,0,0.0,0.0,0.0
point-pattern::CD8^+T_L_r10,0,0,0,0,0.0,0.0,0.0,,False,point_pattern,tnbc_wang2023,motif_cd8_high,control,shap,0,4,0,0.0,0.0,0.0
point-pattern::CD8^+T_L_r10,0,0,0,0,0.0,0.0,0.0,,False,point_pattern,tnbc_wang2023,motif_cd8_high,control,shap,1,0,0,0.0,0.0,0.0
point-pattern::CD8^+TCF1^+T_L_r50,0,0,0,0,0.0,0.0,0.0,,False,point_pattern,tnbc_wang2023,motif_cd8_high,control,shap,1,1,0,0.0,0.0,0.0
point-pattern::CD8^+T_L_r10,0,0,0,0,0.0,0.0,0.0,,False,point_pattern,tnbc_wang2023,motif_cd8_high,control,shap,1,2,0,0.0,0.0,0.0
point-pattern::CD8^+T_L_r10,0,0,0,0,0.0,0.0,0.0,,False,point_pattern,tnbc_wang2023,motif_cd8_high,control,shap,1,3,0,0.0,0.0,0.0
point-pattern::CD8^+PD1^+T_{Ex}_L_r10,0,0,0,0,0.0,0.0,0.0,,False,point_pattern,tnbc_wang2023,motif_cd8_high,control,shap,1,4,0,0.0,0.0,0.0
point-pattern::CD8^+T_L_r10,0,0,0,0,0.0,0.0,0.0,,False,point_pattern,tnbc_wang2023,motif_cd8_high,control,shap,2,0,0,0.0,0.0,0.0
point-pattern::CD8^+T_L_r20,0,0,0,0,0.0,0.0,0.0,,False,point_pattern,tnbc_wang2023,motif_cd8_high,control,shap,2,1,0,0.0,0.0,0.0
point-pattern::CD8^+PD1^+T_{Ex}_L_r50,0,0,0,0,0.0,0.0,0.0,,False,point_pattern,tnbc_wang2023,motif_cd8_high,control,shap,2,2,0,0.0,0.0,0.0
point-pattern::CD8^+TCF1^+T_L_r50,0,0,0,0,0.0,0.0,0.0,,False,point_pattern,tnbc_wang2023,motif_cd8_high,control,shap,2,3,0,0.0,0.0,0.0
point-pattern::panCK^{med}_L_r20,0,0,0,0,0.0,0.0,0.0,,False,point_pattern,tnbc_wang2023,motif_cd8_high,control,shap,2,4,0,0.0,0.0,0.0
density::tumor_density::Macrophage,0,0,0,0,0.0,0.0,0.0,,False,composition_density,bc_jackson2020,motif_apc_t_contact,spatial,lasso,0,0,0,0.0,0.0,0.0
density::tissue_density::Stromal cells,0,0,0,0,0.0,0.0,0.0,,False,composition_density,bc_jackson2020,motif_apc_t_contact,spatial,lasso,0,1,0,0.0,0.0,0.0
density::tissue_density::Tumor (CK7+),0,0,0,0,0.0,0.0,0.0,,False,composition_density,bc_jackson2020,motif_apc_t_contact,spatial,lasso,0,2,0,0.0,0.0,0.0
density::tumor_density::Tumor (CK7+ CK hi Ecadh hi),0,0,0,0,0.0,0.0,0.0,,False,composition_density,bc_jackson2020,motif_apc_t_contact,spatial,lasso,0,3,0,0.0,0.0,0.0
density::tumor_density::Tumor (CK+ HR lo),0,0,0,0,0.0,0.0,0.0,,False,composition_density,bc_jackson2020,motif_apc_t_contact,spatial,lasso,0,4,0,0.0,0.0,0.0
density::tumor_density::Macrophage,0,0,0,0,0.0,0.0,0.0,,False,composition_density,bc_jackson2020,motif_apc_t_contact,spatial,lasso,1,0,0,0.0,0.0,0.0
density::tumor_density::Macrophage,0,0,0,0,0.0,0.0,0.0,,False,composition_density,bc_jackson2020,motif_apc_t_contact,spatial,lasso,1,1,0,0.0,0.0,0.0
composition::Stromal cells,0,0,0,0,0.0,0.0,0.0,,False,composition_density,bc_jackson2020,motif_apc_t_contact,spatial,lasso,1,2,0,0.0,0.0,0.0
density::tumor_density::Tumor (CK7+ CK hi Ecadh hi),0,0,0,0,0.0,0.0,0.0,,False,composition_density,bc_jackson2020,motif_apc_t_contact,spatial,lasso,1,3,0,0.0,0.0,0.0
density::tissue_density::Stromal cells,0,0,0,0,0.0,0.0,0.0,,False,composition_density,bc_jackson2020,motif_apc_t_contact,spatial,lasso,1,4,0,0.0,0.0,0.0
density::tissue_density::Tumor (CK7+ CK hi Ecadh hi),0,0,0,0,0.0,0.0,0.0,,False,composition_density,bc_jackson2020,motif_apc_t_contact,spatial,lasso,2,0,0,0.0,0.0,0.0
density::tumor_density::Tumor (CK+ HR hi),0,0,0,0,0.0,0.0,0.0,,False,composition_density,bc_jackson2020,motif_apc_t_contact,spatial,lasso,2,1,0,0.0,0.0,0.0
density::tumor_density::Macrophage,0,0,0,0,0.0,0.0,0.0,,False,composition_density,bc_jackson2020,motif_apc_t_contact,spatial,lasso,2,2,0,0.0,0.0,0.0
density::tumor_density::Macrophage,0,0,0,0,0.0,0.0,0.0,,False,composition_density,bc_jackson2020,motif_apc_t_contact,spatial,lasso,2,3,0,0.0,0.0,0.0
density::tissue_density::Stromal cells,0,0,0,0,0.0,0.0,0.0,,False,composition_density,bc_jackson2020,motif_apc_t_contact,spatial,lasso,2,4,0,0.0,0.0,0.0
density::tissue_density::Tumor (Epithelial low),0,0,0,0,0.0,0.0,0.0,,False,composition_density,bc_jackson2020,motif_apc_t_contact,spatial,shap,0,0,0,0.0,0.0,0.0
density::tissue_density::Stromal cells,0,0,0,0,0.0,0.0,0.0,,False,composition_density,bc_jackson2020,motif_apc_t_contact,spatial,shap,0,1,0,0.0,0.0,0.0
composition::T & B cells,0,0,0,0,0.0,0.0,0.0,,False,composition_density,bc_jackson2020,motif_apc_t_contact,spatial,shap,0,2,0,0.0,0.0,0.0
density::tumor_density::Tumor (CK7+ CK hi Ecadh hi),0,0,0,0,0.0,0.0,0.0,,False,composition_density,bc_jackson2020,motif_apc_t_contact,spatial,shap,0,3,0,0.0,0.0,0.0
density::tissue_density::B cell,0,0,0,0,0.0,0.0,0.0,,False,composition_density,bc_jackson2020,motif_apc_t_contact,spatial,shap,0,4,0,0.0,0.0,0.0
density::tumor_density::Macrophage,0,0,0,0,0.0,0.0,0.0,,False,composition_density,bc_jackson2020,motif_apc_t_contact,spatial,shap,1,0,0,0.0,0.0,0.0
density::tumor_density::T & B cells,0,0,0,0,0.0,0.0,0.0,,False,composition_density,bc_jackson2020,motif_apc_t_contact,spatial,shap,1,1,0,0.0,0.0,0.0
density::tissue_density::Stromal cells,0,0,0,0,0.0,0.0,0.0,,False,composition_density,bc_jackson2020,motif_apc_t_contact,spatial,shap,1,2,0,0.0,0.0,0.0
density::tumor_density::Tumor (CK7+ CK hi Ecadh hi),0,0,0,0,0.0,0.0,0.0,,False,composition_density,bc_jackson2020,motif_apc_t_contact,spatial,shap,1,3,0,0.0,0.0,0.0
density::tissue_density::B cell,0,0,0,0,0.0,0.0,0.0,,False,composition_density,bc_jackson2020,motif_apc_t_contact,spatial,shap,1,4,0,0.0,0.0,0.0
density::tissue_density::Stromal cells,0,0,0,0,0.0,0.0,0.0,,False,composition_density,bc_jackson2020,motif_apc_t_contact,spatial,shap,2,0,0,0.0,0.0,0.0
composition::Macrophage,0,0,0,0,0.0,0.0,0.0,,True,composition_density,bc_jackson2020,motif_apc_t_contact,spatial,shap,2,1,0,0.0,0.0,0.0
density::tumor_density::Tumor (Apoptotic),0,0,0,0,0.0,0.0,0.0,,False,composition_density,bc_jackson2020,motif_apc_t_contact,spatial,shap,2,2,0,0.0,0.0,0.0
density::tissue_density::Stromal cells,0,0,0,0,0.0,0.0,0.0,,False,composition_density,bc_jackson2020,motif_apc_t_contact,spatial,shap,2,3,0,0.0,0.0,0.0
density::tumor_density::Tumor (CK+ HR+),0,0,0,0,0.0,0.0,0.0,,False,composition_density,bc_jackson2020,motif_apc_t_contact,spatial,shap,2,4,0,0.0,0.0,0.0
density::tumor_density::T cell,1,1,1,1,0.3333333333333333,0.2,1.0,1.0,False,composition_density,bc_jackson2020,motif_cd8_tumor_contact,spatial,lasso,0,0,1,1.0,1.0,1.0
density::tumor_density::T cell,1,1,1,1,0.3333333333333333,0.2,1.0,1.0,False,composition_density,bc_jackson2020,motif_cd8_tumor_contact,spatial,lasso,0,1,1,1.0,1.0,1.0
density::tumor_density::T cell,1,1,1,1,0.3333333333333333,0.2,1.0,1.0,False,composition_density,bc_jackson2020,motif_cd8_tumor_contact,spatial,lasso,0,2,1,1.0,1.0,1.0
density::tumor_density::T cell,1,1,1,1,0.3333333333333333,0.2,1.0,1.0,False,composition_density,bc_jackson2020,motif_cd8_tumor_contact,spatial,lasso,0,3,1,1.0,1.0,1.0
density::tumor_density::T cell,1,1,1,1,0.3333333333333333,0.2,1.0,1.0,False,composition_density,bc_jackson2020,motif_cd8_tumor_contact,spatial,lasso,0,4,1,1.0,1.0,1.0
density::tumor_density::T cell,1,1,1,1,0.3333333333333333,0.2,1.0,1.0,False,composition_density,bc_jackson2020,motif_cd8_tumor_contact,spatial,lasso,1,0,1,1.0,1.0,1.0
density::tumor_density::T cell,1,1,1,1,0.3333333333333333,0.2,1.0,1.0,False,composition_density,bc_jackson2020,motif_cd8_tumor_contact,spatial,lasso,1,1,1,1.0,1.0,1.0
density::tumor_density::T cell,1,1,1,1,0.3333333333333333,0.2,1.0,1.0,False,composition_density,bc_jackson2020,motif_cd8_tumor_contact,spatial,lasso,1,2,1,1.0,1.0,1.0
density::tumor_density::T cell,1,1,1,1,0.3333333333333333,0.2,1.0,1.0,False,composition_density,bc_jackson2020,motif_cd8_tumor_contact,spatial,lasso,1,3,1,1.0,1.0,1.0
density::tumor_density::T cell,1,1,1,1,0.3333333333333333,0.2,1.0,1.0,False,composition_density,bc_jackson2020,motif_cd8_tumor_contact,spatial,lasso,1,4,1,1.0,1.0,1.0
density::tumor_density::T cell,1,1,1,1,0.3333333333333333,0.2,1.0,1.0,False,composition_density,bc_jackson2020,motif_cd8_tumor_contact,spatial,lasso,2,0,1,1.0,1.0,1.0
density::tumor_density::T cell,1,1,1,1,0.3333333333333333,0.2,1.0,1.0,False,composition_density,bc_jackson2020,motif_cd8_tumor_contact,spatial,lasso,2,1,1,1.0,1.0,1.0
density::tumor_density::T cell,1,1,1,1,0.3333333333333333,0.2,1.0,1.0,False,composition_density,bc_jackson2020,motif_cd8_tumor_contact,spatial,lasso,2,2,1,1.0,1.0,1.0
density::tumor_density::T cell,1,1,1,1,0.3333333333333333,0.2,1.0,1.0,False,composition_density,bc_jackson2020,motif_cd8_tumor_contact,spatial,lasso,2,3,1,1.0,1.0,1.0
density::tumor_density::T cell,1,1,1,1,0.3333333333333333,0.2,1.0,1.0,False,composition_density,bc_jackson2020,motif_cd8_tumor_contact,spatial,lasso,2,4,1,1.0,1.0,1.0
density::tumor_density::T cell,1,1,1,1,0.3333333333333333,0.2,1.0,1.0,False,composition_density,bc_jackson2020,motif_cd8_tumor_contact,spatial,shap,0,0,1,1.0,1.0,1.0
density::tissue_density::T cell,0,1,1,0,0.3333333333333333,0.2,0.5,2.0,True,composition_density,bc_jackson2020,motif_cd8_tumor_contact,spatial,shap,0,1,1,0.0,1.0,1.0
density::tumor_density::T cell,1,1,1,1,0.3333333333333333,0.2,1.0,1.0,False,composition_density,bc_jackson2020,motif_cd8_tumor_contact,spatial,shap,0,2,1,1.0,1.0,1.0
density::tumor_density::Stromal cells,0,1,1,0,0.3333333333333333,0.2,0.5,2.0,False,composition_density,bc_jackson2020,motif_cd8_tumor_contact,spatial,shap,0,3,1,0.0,1.0,1.0
density::tumor_density::T cell,1,1,1,1,0.3333333333333333,0.2,1.0,1.0,False,composition_density,bc_jackson2020,motif_cd8_tumor_contact,spatial,shap,0,4,1,1.0,1.0,1.0
density::tumor_density::T cell,1,1,1,1,0.3333333333333333,0.2,1.0,1.0,False,composition_density,bc_jackson2020,motif_cd8_tumor_contact,spatial,shap,1,0,1,1.0,1.0,1.0
composition::Macrophage,0,1,1,0,0.3333333333333333,0.2,0.5,2.0,False,composition_density,bc_jackson2020,motif_cd8_tumor_contact,spatial,shap,1,1,1,0.0,1.0,1.0
density::tumor_density::T cell,1,1,1,1,0.3333333333333333,0.2,1.0,1.0,False,composition_density,bc_jackson2020,motif_cd8_tumor_contact,spatial,shap,1,2,1,1.0,1.0,1.0
density::tumor_density::T cell,1,1,1,1,0.3333333333333333,0.2,1.0,1.0,False,composition_density,bc_jackson2020,motif_cd8_tumor_contact,spatial,shap,1,3,1,1.0,1.0,1.0
density::tissue_density::Tumor (CK+ HR+),0,1,1,0,0.3333333333333333,0.2,0.5,2.0,True,composition_density,bc_jackson2020,motif_cd8_tumor_contact,spatial,shap,1,4,1,0.0,1.0,1.0
density::tumor_density::Tumor (CK lo HR lo),0,1,1,0,0.3333333333333333,0.2,0.5,2.0,False,composition_density,bc_jackson2020,motif_cd8_tumor_contact,spatial,shap,2,0,1,0.0,1.0,1.0
density::tumor_density::T cell,1,1,1,1,0.3333333333333333,0.2,1.0,1.0,False,composition_density,bc_jackson2020,motif_cd8_tumor_contact,spatial,shap,2,1,1,1.0,1.0,1.0
density::tumor_density::T cell,1,1,1,1,0.3333333333333333,0.2,1.0,1.0,False,composition_density,bc_jackson2020,motif_cd8_tumor_contact,spatial,shap,2,2,1,1.0,1.0,1.0
density::tumor_density::T cell,1,1,1,1,0.3333333333333333,0.2,1.0,1.0,False,composition_density,bc_jackson2020,motif_cd8_tumor_contact,spatial,shap,2,3,1,1.0,1.0,1.0
density::tumor_density::T cell,1,1,1,1,0.3333333333333333,0.2,1.0,1.0,False,composition_density,bc_jackson2020,motif_cd8_tumor_contact,spatial,shap,2,4,1,1.0,1.0,1.0
density::tumor_density::Macrophage,0,0,0,0,0.0,0.0,0.0,,False,composition_density,bc_jackson2020,motif_macrophage_tumor_niche,spatial,lasso,0,0,0,0.0,0.0,0.0
density::tissue_density::Tumor (CK+ HR lo),0,0,0,0,0.0,0.0,0.0,,True,composition_density,bc_jackson2020,motif_macrophage_tumor_niche,spatial,lasso,0,1,0,0.0,0.0,0.0
density::tumor_density::Macrophage,0,0,0,0,0.0,0.0,0.0,,False,composition_density,bc_jackson2020,motif_macrophage_tumor_niche,spatial,lasso,0,2,0,0.0,0.0,0.0
density::tissue_density::Tumor (CK+ HR lo),0,0,0,0,0.0,0.0,0.0,,True,composition_density,bc_jackson2020,motif_macrophage_tumor_niche,spatial,lasso,0,3,0,0.0,0.0,0.0
density::tumor_density::Macrophage,0,0,0,0,0.0,0.0,0.0,,False,composition_density,bc_jackson2020,motif_macrophage_tumor_niche,spatial,lasso,0,4,0,0.0,0.0,0.0
density::tissue_density::Tumor (CK+ HR lo),0,0,0,0,0.0,0.0,0.0,,True,composition_density,bc_jackson2020,motif_macrophage_tumor_niche,spatial,lasso,1,0,0,0.0,0.0,0.0
density::tissue_density::Tumor (CK+ HR lo),0,0,0,0,0.0,0.0,0.0,,True,composition_density,bc_jackson2020,motif_macrophage_tumor_niche,spatial,lasso,1,1,0,0.0,0.0,0.0
density::tumor_density::Macrophage,0,0,0,0,0.0,0.0,0.0,,False,composition_density,bc_jackson2020,motif_macrophage_tumor_niche,spatial,lasso,1,2,0,0.0,0.0,0.0
density::tumor_density::Macrophage,0,0,0,0,0.0,0.0,0.0,,False,composition_density,bc_jackson2020,motif_macrophage_tumor_niche,spatial,lasso,1,3,0,0.0,0.0,0.0
density::tissue_density::Tumor (CK+ HR lo),0,0,0,0,0.0,0.0,0.0,,True,composition_density,bc_jackson2020,motif_macrophage_tumor_niche,spatial,lasso,1,4,0,0.0,0.0,0.0
density::tumor_density::Macrophage,0,0,0,0,0.0,0.0,0.0,,False,composition_density,bc_jackson2020,motif_macrophage_tumor_niche,spatial,lasso,2,0,0,0.0,0.0,0.0
density::tissue_density::Tumor (CK+ HR lo),0,0,0,0,0.0,0.0,0.0,,True,composition_density,bc_jackson2020,motif_macrophage_tumor_niche,spatial,lasso,2,1,0,0.0,0.0,0.0
density::tumor_density::Tumor (CK+ HR lo),0,0,0,0,0.0,0.0,0.0,,False,composition_density,bc_jackson2020,motif_macrophage_tumor_niche,spatial,lasso,2,2,0,0.0,0.0,0.0
density::tumor_density::Macrophage,0,0,0,0,0.0,0.0,0.0,,False,composition_density,bc_jackson2020,motif_macrophage_tumor_niche,spatial,lasso,2,3,0,0.0,0.0,0.0
density::tissue_density::Tumor (CK+ HR lo),0,0,0,0,0.0,0.0,0.0,,True,composition_density,bc_jackson2020,motif_macrophage_tumor_niche,spatial,lasso,2,4,0,0.0,0.0,0.0
density::tumor_density::Tumor (CK+ HR lo),0,0,0,0,0.0,0.0,0.0,,False,composition_density,bc_jackson2020,motif_macrophage_tumor_niche,spatial,shap,0,0,0,0.0,0.0,0.0
density::tissue_density::Tumor (CK+ HR hi),0,0,0,0,0.0,0.0,0.0,,True,composition_density,bc_jackson2020,motif_macrophage_tumor_niche,spatial,shap,0,1,0,0.0,0.0,0.0
composition::Stromal cells,0,0,0,0,0.0,0.0,0.0,,False,composition_density,bc_jackson2020,motif_macrophage_tumor_niche,spatial,shap,0,2,0,0.0,0.0,0.0
density::tumor_area_ratio,0,0,0,0,0.0,0.0,0.0,,False,composition_density,bc_jackson2020,motif_macrophage_tumor_niche,spatial,shap,0,3,0,0.0,0.0,0.0
density::tumor_area_ratio,0,0,0,0,0.0,0.0,0.0,,False,composition_density,bc_jackson2020,motif_macrophage_tumor_niche,spatial,shap,0,4,0,0.0,0.0,0.0
density::tissue_density::Tumor (CK+ HR lo),0,0,0,0,0.0,0.0,0.0,,True,composition_density,bc_jackson2020,motif_macrophage_tumor_niche,spatial,shap,1,0,0,0.0,0.0,0.0
density::tissue_density::Tumor (CK+ HR lo),0,0,0,0,0.0,0.0,0.0,,True,composition_density,bc_jackson2020,motif_macrophage_tumor_niche,spatial,shap,1,1,0,0.0,0.0,0.0
composition::Stromal cells,0,0,0,0,0.0,0.0,0.0,,False,composition_density,bc_jackson2020,motif_macrophage_tumor_niche,spatial,shap,1,2,0,0.0,0.0,0.0
density::tissue_density::Macrophage,0,0,0,0,0.0,0.0,0.0,,True,composition_density,bc_jackson2020,motif_macrophage_tumor_niche,spatial,shap,1,3,0,0.0,0.0,0.0
composition::Stromal cells,0,0,0,0,0.0,0.0,0.0,,False,composition_density,bc_jackson2020,motif_macrophage_tumor_niche,spatial,shap,1,4,0,0.0,0.0,0.0
density::tumor_area_ratio,0,0,0,0,0.0,0.0,0.0,,False,composition_density,bc_jackson2020,motif_macrophage_tumor_niche,spatial,shap,2,0,0,0.0,0.0,0.0
density::tumor_density::Tumor (Epithelial low),0,0,0,0,0.0,0.0,0.0,,False,composition_density,bc_jackson2020,motif_macrophage_tumor_niche,spatial,shap,2,1,0,0.0,0.0,0.0
density::tumor_density::Tumor (CK+ HR lo),0,0,0,0,0.0,0.0,0.0,,False,composition_density,bc_jackson2020,motif_macrophage_tumor_niche,spatial,shap,2,2,0,0.0,0.0,0.0
density::tissue_density::Macrophage,0,0,0,0,0.0,0.0,0.0,,True,composition_density,bc_jackson2020,motif_macrophage_tumor_niche,spatial,shap,2,3,0,0.0,0.0,0.0
density::tumor_density::T & B cells,0,0,0,0,0.0,0.0,0.0,,False,composition_density,bc_jackson2020,motif_macrophage_tumor_niche,spatial,shap,2,4,0,0.0,0.0,0.0
density::tumor_density::T cell,0,0,0,0,0.0,0.0,0.0,,False,composition_density,bc_jackson2020,motif_t_tumor_mixing,spatial,lasso,0,0,0,0.0,0.0,0.0
density::tumor_density::T cell,0,0,0,0,0.0,0.0,0.0,,False,composition_density,bc_jackson2020,motif_t_tumor_mixing,spatial,lasso,0,1,0,0.0,0.0,0.0
density::tumor_density::T cell,0,0,0,0,0.0,0.0,0.0,,False,composition_density,bc_jackson2020,motif_t_tumor_mixing,spatial,lasso,0,2,0,0.0,0.0,0.0
density::tumor_density::T cell,0,0,0,0,0.0,0.0,0.0,,False,composition_density,bc_jackson2020,motif_t_tumor_mixing,spatial,lasso,0,3,0,0.0,0.0,0.0
density::tumor_density::T cell,0,0,0,0,0.0,0.0,0.0,,False,composition_density,bc_jackson2020,motif_t_tumor_mixing,spatial,lasso,0,4,0,0.0,0.0,0.0
density::tumor_density::T cell,0,0,0,0,0.0,0.0,0.0,,False,composition_density,bc_jackson2020,motif_t_tumor_mixing,spatial,lasso,1,0,0,0.0,0.0,0.0
density::tumor_density::T cell,0,0,0,0,0.0,0.0,0.0,,False,composition_density,bc_jackson2020,motif_t_tumor_mixing,spatial,lasso,1,1,0,0.0,0.0,0.0
density::tumor_density::T cell,0,0,0,0,0.0,0.0,0.0,,False,composition_density,bc_jackson2020,motif_t_tumor_mixing,spatial,lasso,1,2,0,0.0,0.0,0.0
density::tumor_density::T cell,0,0,0,0,0.0,0.0,0.0,,False,composition_density,bc_jackson2020,motif_t_tumor_mixing,spatial,lasso,1,3,0,0.0,0.0,0.0
density::tumor_density::T cell,0,0,0,0,0.0,0.0,0.0,,False,composition_density,bc_jackson2020,motif_t_tumor_mixing,spatial,lasso,1,4,0,0.0,0.0,0.0
density::tumor_density::T cell,0,0,0,0,0.0,0.0,0.0,,False,composition_density,bc_jackson2020,motif_t_tumor_mixing,spatial,lasso,2,0,0,0.0,0.0,0.0
density::tumor_density::T cell,0,0,0,0,0.0,0.0,0.0,,False,composition_density,bc_jackson2020,motif_t_tumor_mixing,spatial,lasso,2,1,0,0.0,0.0,0.0
density::tumor_density::T cell,0,0,0,0,0.0,0.0,0.0,,False,composition_density,bc_jackson2020,motif_t_tumor_mixing,spatial,lasso,2,2,0,0.0,0.0,0.0
density::tumor_density::T cell,0,0,0,0,0.0,0.0,0.0,,False,composition_density,bc_jackson2020,motif_t_tumor_mixing,spatial,lasso,2,3,0,0.0,0.0,0.0
density::tumor_density::T cell,0,0,0,0,0.0,0.0,0.0,,False,composition_density,bc_jackson2020,motif_t_tumor_mixing,spatial,lasso,2,4,0,0.0,0.0,0.0
density::tumor_density::T cell,0,0,0,0,0.0,0.0,0.0,,False,composition_density,bc_jackson2020,motif_t_tumor_mixing,spatial,shap,0,0,0,0.0,0.0,0.0
density::tumor_density::T cell,0,0,0,0,0.0,0.0,0.0,,False,composition_density,bc_jackson2020,motif_t_tumor_mixing,spatial,shap,0,1,0,0.0,0.0,0.0
density::tumor_density::T cell,0,0,0,0,0.0,0.0,0.0,,False,composition_density,bc_jackson2020,motif_t_tumor_mixing,spatial,shap,0,2,0,0.0,0.0,0.0
density::tumor_density::Stromal cells,0,0,0,0,0.0,0.0,0.0,,False,composition_density,bc_jackson2020,motif_t_tumor_mixing,spatial,shap,0,3,0,0.0,0.0,0.0
density::tumor_density::T cell,0,0,0,0,0.0,0.0,0.0,,False,composition_density,bc_jackson2020,motif_t_tumor_mixing,spatial,shap,0,4,0,0.0,0.0,0.0
density::tumor_density::T cell,0,0,0,0,0.0,0.0,0.0,,False,composition_density,bc_jackson2020,motif_t_tumor_mixing,spatial,shap,1,0,0,0.0,0.0,0.0
composition::Macrophage,0,0,0,0,0.0,0.0,0.0,,False,composition_density,bc_jackson2020,motif_t_tumor_mixing,spatial,shap,1,1,0,0.0,0.0,0.0
density::tumor_density::T cell,0,0,0,0,0.0,0.0,0.0,,False,composition_density,bc_jackson2020,motif_t_tumor_mixing,spatial,shap,1,2,0,0.0,0.0,0.0
density::tumor_density::T cell,0,0,0,0,0.0,0.0,0.0,,False,composition_density,bc_jackson2020,motif_t_tumor_mixing,spatial,shap,1,3,0,0.0,0.0,0.0
density::tumor_density::T cell,0,0,0,0,0.0,0.0,0.0,,False,composition_density,bc_jackson2020,motif_t_tumor_mixing,spatial,shap,1,4,0,0.0,0.0,0.0
density::tumor_density::T cell,0,0,0,0,0.0,0.0,0.0,,False,composition_density,bc_jackson2020,motif_t_tumor_mixing,spatial,shap,2,0,0,0.0,0.0,0.0
density::tumor_density::T cell,0,0,0,0,0.0,0.0,0.0,,False,composition_density,bc_jackson2020,motif_t_tumor_mixing,spatial,shap,2,1,0,0.0,0.0,0.0
density::tumor_density::T cell,0,0,0,0,0.0,0.0,0.0,,False,composition_density,bc_jackson2020,motif_t_tumor_mixing,spatial,shap,2,2,0,0.0,0.0,0.0
density::tumor_density::T cell,0,0,0,0,0.0,0.0,0.0,,False,composition_density,bc_jackson2020,motif_t_tumor_mixing,spatial,shap,2,3,0,0.0,0.0,0.0
density::tumor_density::T cell,0,0,0,0,0.0,0.0,0.0,,False,composition_density,bc_jackson2020,motif_t_tumor_mixing,spatial,shap,2,4,0,0.0,0.0,0.0
composition::Stromal cells,0,1,3,0,0.3333333333333333,0.6,0.5,2.0,False,composition_density,bc_jackson2020,motif_tumor_high,control,lasso,0,0,29,0.0,0.3333333333333333,0.6
composition::Stromal cells,0,1,2,0,0.3333333333333333,0.4,0.5,2.0,False,composition_density,bc_jackson2020,motif_tumor_high,control,lasso,0,1,29,0.0,0.3333333333333333,0.4
composition::Stromal cells,0,2,3,0,0.6666666666666666,0.6,0.5,2.0,False,composition_density,bc_jackson2020,motif_tumor_high,control,lasso,0,2,29,0.0,0.6666666666666666,0.6
composition::Stromal cells,0,1,3,0,0.3333333333333333,0.6,0.5,2.0,False,composition_density,bc_jackson2020,motif_tumor_high,control,lasso,0,3,29,0.0,0.3333333333333333,0.6
composition::Stromal cells,0,1,2,0,0.3333333333333333,0.4,0.5,2.0,False,composition_density,bc_jackson2020,motif_tumor_high,control,lasso,0,4,29,0.0,0.3333333333333333,0.4
composition::Stromal cells,0,1,2,0,0.3333333333333333,0.4,0.5,2.0,False,composition_density,bc_jackson2020,motif_tumor_high,control,lasso,1,0,29,0.0,0.3333333333333333,0.4
composition::Stromal cells,0,1,3,0,0.3333333333333333,0.6,0.5,2.0,False,composition_density,bc_jackson2020,motif_tumor_high,control,lasso,1,1,29,0.0,0.3333333333333333,0.6
composition::Stromal cells,0,1,2,0,0.3333333333333333,0.4,0.5,2.0,False,composition_density,bc_jackson2020,motif_tumor_high,control,lasso,1,2,29,0.0,0.3333333333333333,0.4
composition::Stromal cells,0,1,3,0,0.3333333333333333,0.6,0.5,2.0,False,composition_density,bc_jackson2020,motif_tumor_high,control,lasso,1,3,29,0.0,0.3333333333333333,0.6
composition::Stromal cells,0,1,2,0,0.3333333333333333,0.4,0.5,2.0,False,composition_density,bc_jackson2020,motif_tumor_high,control,lasso,1,4,29,0.0,0.3333333333333333,0.4
composition::Stromal cells,0,1,2,0,0.3333333333333333,0.4,0.5,2.0,False,composition_density,bc_jackson2020,motif_tumor_high,control,lasso,2,0,29,0.0,0.3333333333333333,0.4
composition::Stromal cells,0,1,3,0,0.3333333333333333,0.6,0.5,2.0,False,composition_density,bc_jackson2020,motif_tumor_high,control,lasso,2,1,29,0.0,0.3333333333333333,0.6
composition::Stromal cells,0,1,2,0,0.3333333333333333,0.4,0.5,2.0,False,composition_density,bc_jackson2020,motif_tumor_high,control,lasso,2,2,29,0.0,0.3333333333333333,0.4
composition::Stromal cells,0,1,3,0,0.3333333333333333,0.6,0.5,2.0,False,composition_density,bc_jackson2020,motif_tumor_high,control,lasso,2,3,29,0.0,0.3333333333333333,0.6
composition::Stromal cells,0,1,3,0,0.3333333333333333,0.6,0.5,2.0,False,composition_density,bc_jackson2020,motif_tumor_high,control,lasso,2,4,29,0.0,0.3333333333333333,0.6
composition::Stromal cells,0,1,2,0,0.3333333333333333,0.4,0.3333333333333333,3.0,False,composition_density,bc_jackson2020,motif_tumor_high,control,shap,0,0,29,0.0,0.3333333333333333,0.4
composition::Stromal cells,0,1,2,0,0.3333333333333333,0.4,0.5,2.0,False,composition_density,bc_jackson2020,motif_tumor_high,control,shap,0,1,29,0.0,0.3333333333333333,0.4
composition::Stromal cells,0,2,2,0,0.6666666666666666,0.4,0.5,2.0,False,composition_density,bc_jackson2020,motif_tumor_high,control,shap,0,2,29,0.0,0.6666666666666666,0.4
composition::Stromal cells,0,1,2,0,0.3333333333333333,0.4,0.5,2.0,False,composition_density,bc_jackson2020,motif_tumor_high,control,shap,0,3,29,0.0,0.3333333333333333,0.4
composition::Stromal cells,0,1,2,0,0.3333333333333333,0.4,0.5,2.0,False,composition_density,bc_jackson2020,motif_tumor_high,control,shap,0,4,29,0.0,0.3333333333333333,0.4
composition::Stromal cells,0,1,1,0,0.3333333333333333,0.2,0.5,2.0,False,composition_density,bc_jackson2020,motif_tumor_high,control,shap,1,0,29,0.0,0.3333333333333333,0.2
composition::Stromal cells,0,1,2,0,0.3333333333333333,0.4,0.5,2.0,False,composition_density,bc_jackson2020,motif_tumor_high,control,shap,1,1,29,0.0,0.3333333333333333,0.4
composition::Stromal cells,0,2,3,0,0.6666666666666666,0.6,0.5,2.0,False,composition_density,bc_jackson2020,motif_tumor_high,control,shap,1,2,29,0.0,0.6666666666666666,0.6
composition::Stromal cells,0,1,2,0,0.3333333333333333,0.4,0.5,2.0,False,composition_density,bc_jackson2020,motif_tumor_high,control,shap,1,3,29,0.0,0.3333333333333333,0.4
composition::Stromal cells,0,1,2,0,0.3333333333333333,0.4,0.5,2.0,False,composition_density,bc_jackson2020,motif_tumor_high,control,shap,1,4,29,0.0,0.3333333333333333,0.4
composition::Stromal cells,0,1,2,0,0.3333333333333333,0.4,0.5,2.0,False,composition_density,bc_jackson2020,motif_tumor_high,control,shap,2,0,29,0.0,0.3333333333333333,0.4
composition::Stromal cells,0,1,3,0,0.3333333333333333,0.6,0.5,2.0,False,composition_density,bc_jackson2020,motif_tumor_high,control,shap,2,1,29,0.0,0.3333333333333333,0.6
composition::Stromal cells,0,2,2,0,0.6666666666666666,0.4,0.5,2.0,False,composition_density,bc_jackson2020,motif_tumor_high,control,shap,2,2,29,0.0,0.6666666666666666,0.4
composition::Stromal cells,0,1,2,0,0.3333333333333333,0.4,0.5,2.0,False,composition_density,bc_jackson2020,motif_tumor_high,control,shap,2,3,29,0.0,0.3333333333333333,0.4
composition::Stromal cells,0,1,2,0,0.3333333333333333,0.4,0.5,2.0,False,composition_density,bc_jackson2020,motif_tumor_high,control,shap,2,4,29,0.0,0.3333333333333333,0.4
density::tissue_density::HR+ CK7-,0,0,0,0,0.0,0.0,0.07142857142857142,14.0,False,composition_density,bc_metabric_ali2020,motif_interface_immune,spatial,lasso,0,0,4,0.0,0.0,0.0
density::tumor_density::Myoepithelial,0,0,0,0,0.0,0.0,0.0,,False,composition_density,bc_metabric_ali2020,motif_interface_immune,spatial,lasso,0,1,4,0.0,0.0,0.0
composition::Fibroblasts,0,0,0,0,0.0,0.0,0.1,10.0,False,composition_density,bc_metabric_ali2020,motif_interface_immune,spatial,lasso,0,2,4,0.0,0.0,0.0
density::tissue_density::HR+ CK7-,0,1,1,0,0.3333333333333333,0.2,0.5,2.0,False,composition_density,bc_metabric_ali2020,motif_interface_immune,spatial,lasso,0,3,4,0.0,0.3333333333333333,0.25
composition::Fibroblasts,0,0,0,0,0.0,0.0,0.1,10.0,False,composition_density,bc_metabric_ali2020,motif_interface_immune,spatial,lasso,0,4,4,0.0,0.0,0.0
composition::Fibroblasts,0,0,0,0,0.0,0.0,0.08333333333333333,12.0,False,composition_density,bc_metabric_ali2020,motif_interface_immune,spatial,lasso,1,0,4,0.0,0.0,0.0
density::tissue_density::HR+ CK7-,0,0,0,0,0.0,0.0,0.16666666666666666,6.0,False,composition_density,bc_metabric_ali2020,motif_interface_immune,spatial,lasso,1,1,4,0.0,0.0,0.0
composition::Fibroblasts,0,0,0,0,0.0,0.0,0.09090909090909091,11.0,False,composition_density,bc_metabric_ali2020,motif_interface_immune,spatial,lasso,1,2,4,0.0,0.0,0.0
composition::Myoepithelial,0,0,1,0,0.0,0.2,0.25,4.0,False,composition_density,bc_metabric_ali2020,motif_interface_immune,spatial,lasso,1,3,4,0.0,0.0,0.25
density::tissue_density::HR+ CK7-,0,0,0,0,0.0,0.0,0.125,8.0,False,composition_density,bc_metabric_ali2020,motif_interface_immune,spatial,lasso,1,4,4,0.0,0.0,0.0
density::tissue_density::HR+ CK7-,0,0,1,0,0.0,0.2,0.2,5.0,False,composition_density,bc_metabric_ali2020,motif_interface_immune,spatial,lasso,2,0,4,0.0,0.0,0.25
density::tissue_density::HR+ CK7-,0,0,0,0,0.0,0.0,0.1111111111111111,9.0,False,composition_density,bc_metabric_ali2020,motif_interface_immune,spatial,lasso,2,1,4,0.0,0.0,0.0
composition::Fibroblasts,0,0,1,0,0.0,0.2,0.2,5.0,False,composition_density,bc_metabric_ali2020,motif_interface_immune,spatial,lasso,2,2,4,0.0,0.0,0.25
composition::Fibroblasts,0,0,0,0,0.0,0.0,0.0,,False,composition_density,bc_metabric_ali2020,motif_interface_immune,spatial,lasso,2,3,4,0.0,0.0,0.0
density::tissue_density::HR+ CK7-,0,0,0,0,0.0,0.0,0.1111111111111111,9.0,False,composition_density,bc_metabric_ali2020,motif_interface_immune,spatial,lasso,2,4,4,0.0,0.0,0.0
density::tissue_density::HR+ CK7-,0,0,0,0,0.0,0.0,0.05263157894736842,19.0,False,composition_density,bc_metabric_ali2020,motif_interface_immune,spatial,shap,0,0,4,0.0,0.0,0.0
density::tumor_density::Myoepithelial,0,0,0,0,0.0,0.0,0.05263157894736842,19.0,False,composition_density,bc_metabric_ali2020,motif_interface_immune,spatial,shap,0,1,4,0.0,0.0,0.0
composition::Fibroblasts,0,1,1,0,0.3333333333333333,0.2,0.3333333333333333,3.0,False,composition_density,bc_metabric_ali2020,motif_interface_immune,spatial,shap,0,2,4,0.0,0.3333333333333333,0.25
density::tumor_density::HR- CK7-,0,0,0,0,0.0,0.0,0.058823529411764705,17.0,False,composition_density,bc_metabric_ali2020,motif_interface_immune,spatial,shap,0,3,4,0.0,0.0,0.0
composition::Fibroblasts,0,0,0,0,0.0,0.0,0.0,,False,composition_density,bc_metabric_ali2020,motif_interface_immune,spatial,shap,0,4,4,0.0,0.0,0.0
composition::Fibroblasts,0,0,0,0,0.0,0.0,0.0,,False,composition_density,bc_metabric_ali2020,motif_interface_immune,spatial,shap,1,0,4,0.0,0.0,0.0
density::tissue_density::HR+ CK7-,0,0,0,0,0.0,0.0,0.0625,16.0,False,composition_density,bc_metabric_ali2020,motif_interface_immune,spatial,shap,1,1,4,0.0,0.0,0.0
density::tumor_density::HRlow CKlow,0,0,0,0,0.0,0.0,0.0,,False,composition_density,bc_metabric_ali2020,motif_interface_immune,spatial,shap,1,2,4,0.0,0.0,0.0
density::tumor_area_ratio,0,0,1,0,0.0,0.2,0.25,4.0,False,composition_density,bc_metabric_ali2020,motif_interface_immune,spatial,shap,1,3,4,0.0,0.0,0.25
composition::Fibroblasts,0,0,0,0,0.0,0.0,0.125,8.0,False,composition_density,bc_metabric_ali2020,motif_interface_immune,spatial,shap,1,4,4,0.0,0.0,0.0
composition::Fibroblasts,0,0,1,0,0.0,0.2,0.2,5.0,False,composition_density,bc_metabric_ali2020,motif_interface_immune,spatial,shap,2,0,4,0.0,0.0,0.25
density::tissue_density::HR+ CK7-,0,0,0,0,0.0,0.0,0.07142857142857142,14.0,False,composition_density,bc_metabric_ali2020,motif_interface_immune,spatial,shap,2,1,4,0.0,0.0,0.0
composition::Fibroblasts,0,0,0,0,0.0,0.0,0.0625,16.0,False,composition_density,bc_metabric_ali2020,motif_interface_immune,spatial,shap,2,2,4,0.0,0.0,0.0
composition::Fibroblasts,0,0,0,0,0.0,0.0,0.0,,False,composition_density,bc_metabric_ali2020,motif_interface_immune,spatial,shap,2,3,4,0.0,0.0,0.0
density::tissue_density::HR+ CK7-,0,0,0,0,0.0,0.0,0.1111111111111111,9.0,False,composition_density,bc_metabric_ali2020,motif_interface_immune,spatial,shap,2,4,4,0.0,0.0,0.0
density::tissue_density::HR+ CK7-,0,0,0,0,0.0,0.0,0.0,,False,composition_density,bc_metabric_ali2020,motif_tumor_stroma_mixing,spatial,lasso,0,0,0,0.0,0.0,0.0
density::tissue_density::HR+ CK7-,0,0,0,0,0.0,0.0,0.0,,False,composition_density,bc_metabric_ali2020,motif_tumor_stroma_mixing,spatial,lasso,0,1,0,0.0,0.0,0.0
density::tumor_density::Myofibroblasts,0,0,0,0,0.0,0.0,0.0,,False,composition_density,bc_metabric_ali2020,motif_tumor_stroma_mixing,spatial,lasso,0,2,0,0.0,0.0,0.0
density::tissue_density::HR+ CK7-,0,0,0,0,0.0,0.0,0.0,,False,composition_density,bc_metabric_ali2020,motif_tumor_stroma_mixing,spatial,lasso,0,3,0,0.0,0.0,0.0
density::tissue_density::HR+ CK7-,0,0,0,0,0.0,0.0,0.0,,False,composition_density,bc_metabric_ali2020,motif_tumor_stroma_mixing,spatial,lasso,0,4,0,0.0,0.0,0.0
density::tissue_density::HR+ CK7-,0,0,0,0,0.0,0.0,0.0,,False,composition_density,bc_metabric_ali2020,motif_tumor_stroma_mixing,spatial,lasso,1,0,0,0.0,0.0,0.0
density::tumor_density::Myofibroblasts,0,0,0,0,0.0,0.0,0.0,,False,composition_density,bc_metabric_ali2020,motif_tumor_stroma_mixing,spatial,lasso,1,1,0,0.0,0.0,0.0
density::tissue_density::HR+ CK7-,0,0,0,0,0.0,0.0,0.0,,False,composition_density,bc_metabric_ali2020,motif_tumor_stroma_mixing,spatial,lasso,1,2,0,0.0,0.0,0.0
density::tissue_density::HR+ CK7-,0,0,0,0,0.0,0.0,0.0,,False,composition_density,bc_metabric_ali2020,motif_tumor_stroma_mixing,spatial,lasso,1,3,0,0.0,0.0,0.0
density::tissue_density::HR+ CK7-,0,0,0,0,0.0,0.0,0.0,,False,composition_density,bc_metabric_ali2020,motif_tumor_stroma_mixing,spatial,lasso,1,4,0,0.0,0.0,0.0
density::tissue_density::HR+ CK7-,0,0,0,0,0.0,0.0,0.0,,False,composition_density,bc_metabric_ali2020,motif_tumor_stroma_mixing,spatial,lasso,2,0,0,0.0,0.0,0.0
density::tissue_density::HR+ CK7-,0,0,0,0,0.0,0.0,0.0,,False,composition_density,bc_metabric_ali2020,motif_tumor_stroma_mixing,spatial,lasso,2,1,0,0.0,0.0,0.0
density::tissue_density::HR+ CK7-,0,0,0,0,0.0,0.0,0.0,,False,composition_density,bc_metabric_ali2020,motif_tumor_stroma_mixing,spatial,lasso,2,2,0,0.0,0.0,0.0
density::tissue_density::HR+ CK7-,0,0,0,0,0.0,0.0,0.0,,False,composition_density,bc_metabric_ali2020,motif_tumor_stroma_mixing,spatial,lasso,2,3,0,0.0,0.0,0.0
density::tumor_density::Myofibroblasts,0,0,0,0,0.0,0.0,0.0,,False,composition_density,bc_metabric_ali2020,motif_tumor_stroma_mixing,spatial,lasso,2,4,0,0.0,0.0,0.0
density::tissue_density::HR+ CK7-,0,0,0,0,0.0,0.0,0.0,,False,composition_density,bc_metabric_ali2020,motif_tumor_stroma_mixing,spatial,shap,0,0,0,0.0,0.0,0.0
density::tissue_density::HR+ CK7-,0,0,0,0,0.0,0.0,0.0,,False,composition_density,bc_metabric_ali2020,motif_tumor_stroma_mixing,spatial,shap,0,1,0,0.0,0.0,0.0
density::tissue_density::HR+ CK7-,0,0,0,0,0.0,0.0,0.0,,False,composition_density,bc_metabric_ali2020,motif_tumor_stroma_mixing,spatial,shap,0,2,0,0.0,0.0,0.0
density::tissue_density::HR+ CK7-,0,0,0,0,0.0,0.0,0.0,,False,composition_density,bc_metabric_ali2020,motif_tumor_stroma_mixing,spatial,shap,0,3,0,0.0,0.0,0.0
density::tissue_density::HR+ CK7-,0,0,0,0,0.0,0.0,0.0,,False,composition_density,bc_metabric_ali2020,motif_tumor_stroma_mixing,spatial,shap,0,4,0,0.0,0.0,0.0
density::tissue_density::HR+ CK7-,0,0,0,0,0.0,0.0,0.0,,False,composition_density,bc_metabric_ali2020,motif_tumor_stroma_mixing,spatial,shap,1,0,0,0.0,0.0,0.0
density::tissue_density::HR+ CK7-,0,0,0,0,0.0,0.0,0.0,,False,composition_density,bc_metabric_ali2020,motif_tumor_stroma_mixing,spatial,shap,1,1,0,0.0,0.0,0.0
density::tissue_density::HR+ CK7-,0,0,0,0,0.0,0.0,0.0,,False,composition_density,bc_metabric_ali2020,motif_tumor_stroma_mixing,spatial,shap,1,2,0,0.0,0.0,0.0
density::tissue_density::HR+ CK7-,0,0,0,0,0.0,0.0,0.0,,False,composition_density,bc_metabric_ali2020,motif_tumor_stroma_mixing,spatial,shap,1,3,0,0.0,0.0,0.0
density::tissue_density::HR+ CK7-,0,0,0,0,0.0,0.0,0.0,,False,composition_density,bc_metabric_ali2020,motif_tumor_stroma_mixing,spatial,shap,1,4,0,0.0,0.0,0.0
density::tissue_density::HR+ CK7-,0,0,0,0,0.0,0.0,0.0,,False,composition_density,bc_metabric_ali2020,motif_tumor_stroma_mixing,spatial,shap,2,0,0,0.0,0.0,0.0
density::tissue_density::HR+ CK7-,0,0,0,0,0.0,0.0,0.0,,False,composition_density,bc_metabric_ali2020,motif_tumor_stroma_mixing,spatial,shap,2,1,0,0.0,0.0,0.0
density::tissue_density::HR+ CK7-,0,0,0,0,0.0,0.0,0.0,,False,composition_density,bc_metabric_ali2020,motif_tumor_stroma_mixing,spatial,shap,2,2,0,0.0,0.0,0.0
density::tissue_density::HR+ CK7-,0,0,0,0,0.0,0.0,0.0,,False,composition_density,bc_metabric_ali2020,motif_tumor_stroma_mixing,spatial,shap,2,3,0,0.0,0.0,0.0
density::tumor_density::Myofibroblasts,0,0,0,0,0.0,0.0,0.0,,False,composition_density,bc_metabric_ali2020,motif_tumor_stroma_mixing,spatial,shap,2,4,0,0.0,0.0,0.0
composition::CD8 T cell,0,0,0,0,0.0,0.0,0.0,,True,composition_density,hnc_wu2022,motif_cd8_clustering,spatial,lasso,0,0,0,0.0,0.0,0.0
composition::CD8 T cell,0,0,0,0,0.0,0.0,0.0,,True,composition_density,hnc_wu2022,motif_cd8_clustering,spatial,lasso,0,1,0,0.0,0.0,0.0
composition::CD8 T cell,0,0,0,0,0.0,0.0,0.0,,True,composition_density,hnc_wu2022,motif_cd8_clustering,spatial,lasso,0,2,0,0.0,0.0,0.0
composition::CD8 T cell,0,0,0,0,0.0,0.0,0.0,,True,composition_density,hnc_wu2022,motif_cd8_clustering,spatial,lasso,0,3,0,0.0,0.0,0.0
composition::CD8 T cell,0,0,0,0,0.0,0.0,0.0,,True,composition_density,hnc_wu2022,motif_cd8_clustering,spatial,lasso,0,4,0,0.0,0.0,0.0
composition::CD8 T cell,0,0,0,0,0.0,0.0,0.0,,True,composition_density,hnc_wu2022,motif_cd8_clustering,spatial,lasso,1,0,0,0.0,0.0,0.0
composition::CD8 T cell,0,0,0,0,0.0,0.0,0.0,,True,composition_density,hnc_wu2022,motif_cd8_clustering,spatial,lasso,1,1,0,0.0,0.0,0.0
composition::CD8 T cell,0,0,0,0,0.0,0.0,0.0,,True,composition_density,hnc_wu2022,motif_cd8_clustering,spatial,lasso,1,2,0,0.0,0.0,0.0
composition::CD8 T cell,0,0,0,0,0.0,0.0,0.0,,True,composition_density,hnc_wu2022,motif_cd8_clustering,spatial,lasso,1,3,0,0.0,0.0,0.0
composition::CD8 T cell,0,0,0,0,0.0,0.0,0.0,,True,composition_density,hnc_wu2022,motif_cd8_clustering,spatial,lasso,1,4,0,0.0,0.0,0.0
composition::CD8 T cell,0,0,0,0,0.0,0.0,0.0,,True,composition_density,hnc_wu2022,motif_cd8_clustering,spatial,lasso,2,0,0,0.0,0.0,0.0
composition::CD8 T cell,0,0,0,0,0.0,0.0,0.0,,True,composition_density,hnc_wu2022,motif_cd8_clustering,spatial,lasso,2,1,0,0.0,0.0,0.0
composition::CD8 T cell,0,0,0,0,0.0,0.0,0.0,,True,composition_density,hnc_wu2022,motif_cd8_clustering,spatial,lasso,2,2,0,0.0,0.0,0.0
composition::CD8 T cell,0,0,0,0,0.0,0.0,0.0,,True,composition_density,hnc_wu2022,motif_cd8_clustering,spatial,lasso,2,3,0,0.0,0.0,0.0
composition::CD8 T cell,0,0,0,0,0.0,0.0,0.0,,True,composition_density,hnc_wu2022,motif_cd8_clustering,spatial,lasso,2,4,0,0.0,0.0,0.0
density::tissue_density::CD4 T cell,0,0,0,0,0.0,0.0,0.0,,False,composition_density,hnc_wu2022,motif_cd8_clustering,spatial,shap,0,0,0,0.0,0.0,0.0
density::tissue_density::Tumor (Proliferating),0,0,0,0,0.0,0.0,0.0,,False,composition_density,hnc_wu2022,motif_cd8_clustering,spatial,shap,0,1,0,0.0,0.0,0.0
composition::CD8 T cell,0,0,0,0,0.0,0.0,0.0,,True,composition_density,hnc_wu2022,motif_cd8_clustering,spatial,shap,0,2,0,0.0,0.0,0.0
density::tissue_density::Tumor (Proliferating),0,0,0,0,0.0,0.0,0.0,,False,composition_density,hnc_wu2022,motif_cd8_clustering,spatial,shap,0,3,0,0.0,0.0,0.0
composition::CD8 T cell,0,0,0,0,0.0,0.0,0.0,,True,composition_density,hnc_wu2022,motif_cd8_clustering,spatial,shap,0,4,0,0.0,0.0,0.0
composition::CD8 T cell,0,0,0,0,0.0,0.0,0.0,,True,composition_density,hnc_wu2022,motif_cd8_clustering,spatial,shap,1,0,0,0.0,0.0,0.0
density::tissue_density::Tumor (Proliferating),0,0,0,0,0.0,0.0,0.0,,False,composition_density,hnc_wu2022,motif_cd8_clustering,spatial,shap,1,1,0,0.0,0.0,0.0
composition::CD8 T cell,0,0,0,0,0.0,0.0,0.0,,True,composition_density,hnc_wu2022,motif_cd8_clustering,spatial,shap,1,2,0,0.0,0.0,0.0
composition::CD4 T cell,0,0,0,0,0.0,0.0,0.0,,False,composition_density,hnc_wu2022,motif_cd8_clustering,spatial,shap,1,3,0,0.0,0.0,0.0
composition::CD8 T cell,0,0,0,0,0.0,0.0,0.0,,True,composition_density,hnc_wu2022,motif_cd8_clustering,spatial,shap,1,4,0,0.0,0.0,0.0
composition::CD8 T cell,0,0,0,0,0.0,0.0,0.0,,True,composition_density,hnc_wu2022,motif_cd8_clustering,spatial,shap,2,0,0,0.0,0.0,0.0
density::tissue_density::Vessel,0,0,0,0,0.0,0.0,0.0,,False,composition_density,hnc_wu2022,motif_cd8_clustering,spatial,shap,2,1,0,0.0,0.0,0.0
composition::CD8 T cell,0,0,0,0,0.0,0.0,0.0,,True,composition_density,hnc_wu2022,motif_cd8_clustering,spatial,shap,2,2,0,0.0,0.0,0.0
density::tissue_density::Tumor (Proliferating),0,0,0,0,0.0,0.0,0.0,,False,composition_density,hnc_wu2022,motif_cd8_clustering,spatial,shap,2,3,0,0.0,0.0,0.0
composition::CD8 T cell,0,0,0,0,0.0,0.0,0.0,,True,composition_density,hnc_wu2022,motif_cd8_clustering,spatial,shap,2,4,0,0.0,0.0,0.0
density::tumor_area_ratio,0,0,0,0,0.0,0.0,0.16666666666666666,6.0,False,composition_density,hnc_wu2022,motif_immune_exclusion,spatial,lasso,0,0,2,0.0,0.0,0.0
density::tumor_area_ratio,0,0,1,0,0.0,0.2,0.2,5.0,False,composition_density,hnc_wu2022,motif_immune_exclusion,spatial,lasso,0,1,2,0.0,0.0,0.5
density::tumor_area_ratio,0,0,1,0,0.0,0.2,0.25,4.0,False,composition_density,hnc_wu2022,motif_immune_exclusion,spatial,lasso,0,2,2,0.0,0.0,0.5
density::tumor_area_ratio,0,0,0,0,0.0,0.0,0.14285714285714285,7.0,False,composition_density,hnc_wu2022,motif_immune_exclusion,spatial,lasso,0,3,2,0.0,0.0,0.0
density::tumor_area_ratio,0,0,0,0,0.0,0.0,0.16666666666666666,6.0,False,composition_density,hnc_wu2022,motif_immune_exclusion,spatial,lasso,0,4,2,0.0,0.0,0.0
density::tumor_area_ratio,0,0,1,0,0.0,0.2,0.2,5.0,False,composition_density,hnc_wu2022,motif_immune_exclusion,spatial,lasso,1,0,2,0.0,0.0,0.5
density::tumor_area_ratio,0,0,1,0,0.0,0.2,0.25,4.0,False,composition_density,hnc_wu2022,motif_immune_exclusion,spatial,lasso,1,1,2,0.0,0.0,0.5
density::tumor_area_ratio,0,0,1,0,0.0,0.2,0.2,5.0,False,composition_density,hnc_wu2022,motif_immune_exclusion,spatial,lasso,1,2,2,0.0,0.0,0.5
density::tumor_area_ratio,0,0,1,0,0.0,0.2,0.25,4.0,False,composition_density,hnc_wu2022,motif_immune_exclusion,spatial,lasso,1,3,2,0.0,0.0,0.5
density::tumor_area_ratio,0,0,1,0,0.0,0.2,0.2,5.0,False,composition_density,hnc_wu2022,motif_immune_exclusion,spatial,lasso,1,4,2,0.0,0.0,0.5
density::tumor_area_ratio,0,0,0,0,0.0,0.0,0.16666666666666666,6.0,False,composition_density,hnc_wu2022,motif_immune_exclusion,spatial,lasso,2,0,2,0.0,0.0,0.0
density::tumor_area_ratio,0,0,1,0,0.0,0.2,0.25,4.0,False,composition_density,hnc_wu2022,motif_immune_exclusion,spatial,lasso,2,1,2,0.0,0.0,0.5
density::tumor_area_ratio,0,0,0,0,0.0,0.0,0.16666666666666666,6.0,False,composition_density,hnc_wu2022,motif_immune_exclusion,spatial,lasso,2,2,2,0.0,0.0,0.0
density::tumor_area_ratio,0,0,0,0,0.0,0.0,0.16666666666666666,6.0,False,composition_density,hnc_wu2022,motif_immune_exclusion,spatial,lasso,2,3,2,0.0,0.0,0.0
density::tumor_area_ratio,0,0,1,0,0.0,0.2,0.2,5.0,False,composition_density,hnc_wu2022,motif_immune_exclusion,spatial,lasso,2,4,2,0.0,0.0,0.5
density::tumor_area_ratio,0,1,2,0,0.3333333333333333,0.4,0.3333333333333333,3.0,False,composition_density,hnc_wu2022,motif_immune_exclusion,spatial,shap,0,0,2,0.0,0.5,1.0
density::tumor_density::Naive immune cell,0,0,1,0,0.0,0.2,0.2,5.0,False,composition_density,hnc_wu2022,motif_immune_exclusion,spatial,shap,0,1,2,0.0,0.0,0.5
density::tumor_area_ratio,0,2,2,0,0.6666666666666666,0.4,0.5,2.0,False,composition_density,hnc_wu2022,motif_immune_exclusion,spatial,shap,0,2,2,0.0,1.0,1.0
density::tumor_area_ratio,0,0,1,0,0.0,0.2,0.25,4.0,False,composition_density,hnc_wu2022,motif_immune_exclusion,spatial,shap,0,3,2,0.0,0.0,0.5
density::tumor_area_ratio,0,0,1,0,0.0,0.2,0.2,5.0,False,composition_density,hnc_wu2022,motif_immune_exclusion,spatial,shap,0,4,2,0.0,0.0,0.5
density::tumor_area_ratio,0,1,1,0,0.3333333333333333,0.2,0.5,2.0,False,composition_density,hnc_wu2022,motif_immune_exclusion,spatial,shap,1,0,2,0.0,0.5,0.5
density::tumor_density::CD4 T cell,0,1,2,0,0.3333333333333333,0.4,0.3333333333333333,3.0,False,composition_density,hnc_wu2022,motif_immune_exclusion,spatial,shap,1,1,2,0.0,0.5,1.0
density::tumor_area_ratio,0,0,0,0,0.0,0.0,0.16666666666666666,6.0,False,composition_density,hnc_wu2022,motif_immune_exclusion,spatial,shap,1,2,2,0.0,0.0,0.0
density::tumor_area_ratio,0,1,2,0,0.3333333333333333,0.4,0.3333333333333333,3.0,False,composition_density,hnc_wu2022,motif_immune_exclusion,spatial,shap,1,3,2,0.0,0.5,1.0
density::tumor_area_ratio,0,0,0,0,0.0,0.0,0.125,8.0,False,composition_density,hnc_wu2022,motif_immune_exclusion,spatial,shap,1,4,2,0.0,0.0,0.0
density::tumor_area_ratio,0,0,1,0,0.0,0.2,0.2,5.0,False,composition_density,hnc_wu2022,motif_immune_exclusion,spatial,shap,2,0,2,0.0,0.0,0.5
density::tumor_area_ratio,0,0,1,0,0.0,0.2,0.25,4.0,False,composition_density,hnc_wu2022,motif_immune_exclusion,spatial,shap,2,1,2,0.0,0.0,0.5
density::tumor_area_ratio,0,1,1,0,0.3333333333333333,0.2,0.3333333333333333,3.0,False,composition_density,hnc_wu2022,motif_immune_exclusion,spatial,shap,2,2,2,0.0,0.5,0.5
density::tumor_density::B cell,0,1,1,0,0.3333333333333333,0.2,0.3333333333333333,3.0,False,composition_density,hnc_wu2022,motif_immune_exclusion,spatial,shap,2,3,2,0.0,0.5,0.5
density::tumor_area_ratio,0,0,1,0,0.0,0.2,0.25,4.0,False,composition_density,hnc_wu2022,motif_immune_exclusion,spatial,shap,2,4,2,0.0,0.0,0.5
composition::CD8^+PD1^+T_{Ex},1,3,5,1,1.0,1.0,1.0,1.0,False,composition_density,tnbc_wang2023,motif_cd8_high,control,lasso,0,0,8,1.0,1.0,1.0
composition::CD8^+PD1^+T_{Ex},1,3,5,1,1.0,1.0,1.0,1.0,False,composition_density,tnbc_wang2023,motif_cd8_high,control,lasso,0,1,8,1.0,1.0,1.0
composition::CD8^+T,1,3,4,1,1.0,0.8,1.0,1.0,False,composition_density,tnbc_wang2023,motif_cd8_high,control,lasso,0,2,8,1.0,1.0,0.8
composition::CD8^+T,1,3,5,1,1.0,1.0,1.0,1.0,False,composition_density,tnbc_wang2023,motif_cd8_high,control,lasso,0,3,8,1.0,1.0,1.0
composition::CD8^+PD1^+T_{Ex},1,3,5,1,1.0,1.0,1.0,1.0,False,composition_density,tnbc_wang2023,motif_cd8_high,control,lasso,0,4,8,1.0,1.0,1.0
composition::CD8^+PD1^+T_{Ex},1,3,5,1,1.0,1.0,1.0,1.0,False,composition_density,tnbc_wang2023,motif_cd8_high,control,lasso,1,0,8,1.0,1.0,1.0
composition::CD8^+PD1^+T_{Ex},1,3,5,1,1.0,1.0,1.0,1.0,False,composition_density,tnbc_wang2023,motif_cd8_high,control,lasso,1,1,8,1.0,1.0,1.0
composition::CD8^+PD1^+T_{Ex},1,3,5,1,1.0,1.0,1.0,1.0,False,composition_density,tnbc_wang2023,motif_cd8_high,control,lasso,1,2,8,1.0,1.0,1.0
composition::CD8^+T,1,3,5,1,1.0,1.0,1.0,1.0,False,composition_density,tnbc_wang2023,motif_cd8_high,control,lasso,1,3,8,1.0,1.0,1.0
composition::CD8^+PD1^+T_{Ex},1,3,5,1,1.0,1.0,1.0,1.0,False,composition_density,tnbc_wang2023,motif_cd8_high,control,lasso,1,4,8,1.0,1.0,1.0
composition::CD8^+PD1^+T_{Ex},1,3,5,1,1.0,1.0,1.0,1.0,False,composition_density,tnbc_wang2023,motif_cd8_high,control,lasso,2,0,8,1.0,1.0,1.0
composition::CD8^+T,1,3,5,1,1.0,1.0,1.0,1.0,False,composition_density,tnbc_wang2023,motif_cd8_high,control,lasso,2,1,8,1.0,1.0,1.0
composition::CD8^+T,1,3,5,1,1.0,1.0,1.0,1.0,False,composition_density,tnbc_wang2023,motif_cd8_high,control,lasso,2,2,8,1.0,1.0,1.0
composition::CD8^+PD1^+T_{Ex},1,3,5,1,1.0,1.0,1.0,1.0,False,composition_density,tnbc_wang2023,motif_cd8_high,control,lasso,2,3,8,1.0,1.0,1.0
composition::CD8^+PD1^+T_{Ex},1,3,5,1,1.0,1.0,1.0,1.0,False,composition_density,tnbc_wang2023,motif_cd8_high,control,lasso,2,4,8,1.0,1.0,1.0
composition::CD8^+T,1,3,5,1,1.0,1.0,1.0,1.0,False,composition_density,tnbc_wang2023,motif_cd8_high,control,shap,0,0,8,1.0,1.0,1.0
composition::CD8^+PD1^+T_{Ex},1,3,5,1,1.0,1.0,1.0,1.0,False,composition_density,tnbc_wang2023,motif_cd8_high,control,shap,0,1,8,1.0,1.0,1.0
composition::CD8^+PD1^+T_{Ex},1,3,5,1,1.0,1.0,1.0,1.0,False,composition_density,tnbc_wang2023,motif_cd8_high,control,shap,0,2,8,1.0,1.0,1.0
composition::CD8^+GZMB^+T,1,3,5,1,1.0,1.0,1.0,1.0,False,composition_density,tnbc_wang2023,motif_cd8_high,control,shap,0,3,8,1.0,1.0,1.0
composition::CD8^+T,1,3,5,1,1.0,1.0,1.0,1.0,False,composition_density,tnbc_wang2023,motif_cd8_high,control,shap,0,4,8,1.0,1.0,1.0
composition::CD8^+T,1,3,5,1,1.0,1.0,1.0,1.0,False,composition_density,tnbc_wang2023,motif_cd8_high,control,shap,1,0,8,1.0,1.0,1.0
composition::CD8^+PD1^+T_{Ex},1,3,5,1,1.0,1.0,1.0,1.0,False,composition_density,tnbc_wang2023,motif_cd8_high,control,shap,1,1,8,1.0,1.0,1.0
composition::CD8^+T,1,3,5,1,1.0,1.0,1.0,1.0,False,composition_density,tnbc_wang2023,motif_cd8_high,control,shap,1,2,8,1.0,1.0,1.0
composition::CD8^+T,1,3,5,1,1.0,1.0,1.0,1.0,False,composition_density,tnbc_wang2023,motif_cd8_high,control,shap,1,3,8,1.0,1.0,1.0
composition::CD8^+PD1^+T_{Ex},1,3,5,1,1.0,1.0,1.0,1.0,False,composition_density,tnbc_wang2023,motif_cd8_high,control,shap,1,4,8,1.0,1.0,1.0
composition::CD8^+PD1^+T_{Ex},1,3,5,1,1.0,1.0,1.0,1.0,False,composition_density,tnbc_wang2023,motif_cd8_high,control,shap,2,0,8,1.0,1.0,1.0
composition::CD8^+T,1,3,5,1,1.0,1.0,1.0,1.0,False,composition_density,tnbc_wang2023,motif_cd8_high,control,shap,2,1,8,1.0,1.0,1.0
composition::CD8^+T,1,3,5,1,1.0,1.0,1.0,1.0,False,composition_density,tnbc_wang2023,motif_cd8_high,control,shap,2,2,8,1.0,1.0,1.0
composition::CD8^+T,1,3,5,1,1.0,1.0,1.0,1.0,False,composition_density,tnbc_wang2023,motif_cd8_high,control,shap,2,3,8,1.0,1.0,1.0
composition::CD8^+PD1^+T_{Ex},1,3,5,1,1.0,1.0,1.0,1.0,False,composition_density,tnbc_wang2023,motif_cd8_high,control,shap,2,4,8,1.0,1.0,1.0
mixing::neighbor_fraction__Macrophage__to__T cell,1,3,5,1,1.0,1.0,1.0,1.0,False,composition_mixing,bc_jackson2020,motif_apc_t_contact,spatial,lasso,0,0,407,1.0,1.0,1.0
mixing::neighbor_fraction__Macrophage__to__T cell,1,3,5,1,1.0,1.0,1.0,1.0,False,composition_mixing,bc_jackson2020,motif_apc_t_contact,spatial,lasso,0,1,407,1.0,1.0,1.0
mixing::neighbor_fraction__Macrophage__to__T cell,1,3,5,1,1.0,1.0,1.0,1.0,False,composition_mixing,bc_jackson2020,motif_apc_t_contact,spatial,lasso,0,2,407,1.0,1.0,1.0
mixing::neighbor_fraction__Macrophage__to__T cell,1,3,5,1,1.0,1.0,1.0,1.0,False,composition_mixing,bc_jackson2020,motif_apc_t_contact,spatial,lasso,0,3,407,1.0,1.0,1.0
mixing::neighbor_fraction__Macrophage__to__T cell,1,3,5,1,1.0,1.0,1.0,1.0,False,composition_mixing,bc_jackson2020,motif_apc_t_contact,spatial,lasso,0,4,407,1.0,1.0,1.0
mixing::neighbor_fraction__Macrophage__to__T cell,1,3,5,1,1.0,1.0,1.0,1.0,False,composition_mixing,bc_jackson2020,motif_apc_t_contact,spatial,lasso,1,0,407,1.0,1.0,1.0
mixing::neighbor_fraction__Macrophage__to__T cell,1,3,5,1,1.0,1.0,1.0,1.0,False,composition_mixing,bc_jackson2020,motif_apc_t_contact,spatial,lasso,1,1,407,1.0,1.0,1.0
mixing::neighbor_fraction__Macrophage__to__T cell,1,3,5,1,1.0,1.0,1.0,1.0,False,composition_mixing,bc_jackson2020,motif_apc_t_contact,spatial,lasso,1,2,407,1.0,1.0,1.0
mixing::neighbor_fraction__Macrophage__to__T cell,1,3,5,1,1.0,1.0,1.0,1.0,False,composition_mixing,bc_jackson2020,motif_apc_t_contact,spatial,lasso,1,3,407,1.0,1.0,1.0
mixing::neighbor_fraction__Macrophage__to__T cell,1,3,5,1,1.0,1.0,1.0,1.0,False,composition_mixing,bc_jackson2020,motif_apc_t_contact,spatial,lasso,1,4,407,1.0,1.0,1.0
mixing::neighbor_fraction__Macrophage__to__T cell,1,3,5,1,1.0,1.0,1.0,1.0,False,composition_mixing,bc_jackson2020,motif_apc_t_contact,spatial,lasso,2,0,407,1.0,1.0,1.0
mixing::neighbor_fraction__Macrophage__to__T cell,1,3,5,1,1.0,1.0,1.0,1.0,False,composition_mixing,bc_jackson2020,motif_apc_t_contact,spatial,lasso,2,1,407,1.0,1.0,1.0
mixing::neighbor_fraction__Macrophage__to__T cell,1,3,5,1,1.0,1.0,1.0,1.0,False,composition_mixing,bc_jackson2020,motif_apc_t_contact,spatial,lasso,2,2,407,1.0,1.0,1.0
mixing::neighbor_fraction__Macrophage__to__T cell,1,3,5,1,1.0,1.0,1.0,1.0,False,composition_mixing,bc_jackson2020,motif_apc_t_contact,spatial,lasso,2,3,407,1.0,1.0,1.0
mixing::neighbor_fraction__Macrophage__to__T cell,1,3,5,1,1.0,1.0,1.0,1.0,False,composition_mixing,bc_jackson2020,motif_apc_t_contact,spatial,lasso,2,4,407,1.0,1.0,1.0
mixing::neighbor_fraction__Macrophage__to__T cell,1,3,5,1,1.0,1.0,1.0,1.0,False,composition_mixing,bc_jackson2020,motif_apc_t_contact,spatial,shap,0,0,407,1.0,1.0,1.0
mixing::neighbor_fraction__Macrophage__to__T cell,1,3,5,1,1.0,1.0,1.0,1.0,False,composition_mixing,bc_jackson2020,motif_apc_t_contact,spatial,shap,0,1,407,1.0,1.0,1.0
mixing::neighbor_fraction__Macrophage__to__T cell,1,2,4,1,0.6666666666666666,0.8,1.0,1.0,False,composition_mixing,bc_jackson2020,motif_apc_t_contact,spatial,shap,0,2,407,1.0,0.6666666666666666,0.8
mixing::neighbor_fraction__Macrophage__to__T cell,1,3,5,1,1.0,1.0,1.0,1.0,False,composition_mixing,bc_jackson2020,motif_apc_t_contact,spatial,shap,0,3,407,1.0,1.0,1.0
mixing::neighbor_fraction__Macrophage__to__T cell,1,3,5,1,1.0,1.0,1.0,1.0,False,composition_mixing,bc_jackson2020,motif_apc_t_contact,spatial,shap,0,4,407,1.0,1.0,1.0
mixing::neighbor_fraction__Macrophage__to__T cell,1,3,5,1,1.0,1.0,1.0,1.0,False,composition_mixing,bc_jackson2020,motif_apc_t_contact,spatial,shap,1,0,407,1.0,1.0,1.0
mixing::neighbor_fraction__Macrophage__to__T cell,1,3,5,1,1.0,1.0,1.0,1.0,False,composition_mixing,bc_jackson2020,motif_apc_t_contact,spatial,shap,1,1,407,1.0,1.0,1.0
mixing::neighbor_fraction__Tumor (Hypoxic)__to__Tumor (CK lo HR hi p53+),1,3,5,1,1.0,1.0,1.0,1.0,False,composition_mixing,bc_jackson2020,motif_apc_t_contact,spatial,shap,1,2,407,1.0,1.0,1.0
mixing::neighbor_fraction__Macrophage__to__T cell,1,3,5,1,1.0,1.0,1.0,1.0,False,composition_mixing,bc_jackson2020,motif_apc_t_contact,spatial,shap,1,3,407,1.0,1.0,1.0
mixing::neighbor_fraction__Macrophage__to__T cell,1,3,4,1,1.0,0.8,1.0,1.0,False,composition_mixing,bc_jackson2020,motif_apc_t_contact,spatial,shap,1,4,407,1.0,1.0,0.8
mixing::neighbor_fraction__Macrophage__to__T cell,1,3,5,1,1.0,1.0,1.0,1.0,False,composition_mixing,bc_jackson2020,motif_apc_t_contact,spatial,shap,2,0,407,1.0,1.0,1.0
mixing::neighbor_fraction__Macrophage__to__T cell,1,3,5,1,1.0,1.0,1.0,1.0,False,composition_mixing,bc_jackson2020,motif_apc_t_contact,spatial,shap,2,1,407,1.0,1.0,1.0
mixing::neighbor_fraction__Tumor (Hypoxic)__to__Tumor (CK lo HR hi p53+),1,3,5,1,1.0,1.0,1.0,1.0,False,composition_mixing,bc_jackson2020,motif_apc_t_contact,spatial,shap,2,2,407,1.0,1.0,1.0
mixing::neighbor_fraction__Macrophage__to__T cell,1,3,5,1,1.0,1.0,1.0,1.0,False,composition_mixing,bc_jackson2020,motif_apc_t_contact,spatial,shap,2,3,407,1.0,1.0,1.0
mixing::neighbor_fraction__Macrophage__to__T cell,1,3,5,1,1.0,1.0,1.0,1.0,False,composition_mixing,bc_jackson2020,motif_apc_t_contact,spatial,shap,2,4,407,1.0,1.0,1.0
mixing::neighbor_fraction__T cell__to__T cell,1,3,5,1,1.0,1.0,1.0,1.0,False,composition_mixing,bc_jackson2020,motif_cd8_tumor_contact,spatial,lasso,0,0,407,1.0,1.0,1.0
mixing::neighbor_fraction__T cell__to__T cell,1,3,5,1,1.0,1.0,1.0,1.0,False,composition_mixing,bc_jackson2020,motif_cd8_tumor_contact,spatial,lasso,0,1,407,1.0,1.0,1.0
mixing::neighbor_fraction__T cell__to__T cell,1,3,5,1,1.0,1.0,1.0,1.0,False,composition_mixing,bc_jackson2020,motif_cd8_tumor_contact,spatial,lasso,0,2,407,1.0,1.0,1.0
mixing::neighbor_fraction__T cell__to__T cell,1,3,5,1,1.0,1.0,1.0,1.0,False,composition_mixing,bc_jackson2020,motif_cd8_tumor_contact,spatial,lasso,0,3,407,1.0,1.0,1.0
mixing::neighbor_fraction__T cell__to__T cell,1,3,5,1,1.0,1.0,1.0,1.0,False,composition_mixing,bc_jackson2020,motif_cd8_tumor_contact,spatial,lasso,0,4,407,1.0,1.0,1.0
mixing::neighbor_fraction__T cell__to__T cell,1,3,5,1,1.0,1.0,1.0,1.0,False,composition_mixing,bc_jackson2020,motif_cd8_tumor_contact,spatial,lasso,1,0,407,1.0,1.0,1.0
mixing::neighbor_fraction__T cell__to__T cell,1,3,5,1,1.0,1.0,1.0,1.0,False,composition_mixing,bc_jackson2020,motif_cd8_tumor_contact,spatial,lasso,1,1,407,1.0,1.0,1.0
mixing::neighbor_fraction__T cell__to__T cell,1,3,5,1,1.0,1.0,1.0,1.0,False,composition_mixing,bc_jackson2020,motif_cd8_tumor_contact,spatial,lasso,1,2,407,1.0,1.0,1.0
mixing::neighbor_fraction__T cell__to__T cell,1,3,5,1,1.0,1.0,1.0,1.0,False,composition_mixing,bc_jackson2020,motif_cd8_tumor_contact,spatial,lasso,1,3,407,1.0,1.0,1.0
mixing::neighbor_fraction__T cell__to__T cell,1,3,5,1,1.0,1.0,1.0,1.0,False,composition_mixing,bc_jackson2020,motif_cd8_tumor_contact,spatial,lasso,1,4,407,1.0,1.0,1.0
mixing::neighbor_fraction__T cell__to__T cell,1,3,5,1,1.0,1.0,1.0,1.0,False,composition_mixing,bc_jackson2020,motif_cd8_tumor_contact,spatial,lasso,2,0,407,1.0,1.0,1.0
mixing::neighbor_fraction__T cell__to__T cell,1,3,5,1,1.0,1.0,1.0,1.0,False,composition_mixing,bc_jackson2020,motif_cd8_tumor_contact,spatial,lasso,2,1,407,1.0,1.0,1.0
mixing::neighbor_fraction__T cell__to__T cell,1,3,5,1,1.0,1.0,1.0,1.0,False,composition_mixing,bc_jackson2020,motif_cd8_tumor_contact,spatial,lasso,2,2,407,1.0,1.0,1.0
mixing::neighbor_fraction__T cell__to__T cell,1,3,5,1,1.0,1.0,1.0,1.0,False,composition_mixing,bc_jackson2020,motif_cd8_tumor_contact,spatial,lasso,2,3,407,1.0,1.0,1.0
mixing::neighbor_fraction__T cell__to__T cell,1,3,5,1,1.0,1.0,1.0,1.0,False,composition_mixing,bc_jackson2020,motif_cd8_tumor_contact,spatial,lasso,2,4,407,1.0,1.0,1.0
mixing::neighbor_fraction__T cell__to__T cell,1,3,5,1,1.0,1.0,1.0,1.0,False,composition_mixing,bc_jackson2020,motif_cd8_tumor_contact,spatial,shap,0,0,407,1.0,1.0,1.0
mixing::neighbor_fraction__T cell__to__T cell,1,3,5,1,1.0,1.0,1.0,1.0,False,composition_mixing,bc_jackson2020,motif_cd8_tumor_contact,spatial,shap,0,1,407,1.0,1.0,1.0
mixing::neighbor_fraction__T cell__to__T cell,1,3,5,1,1.0,1.0,1.0,1.0,False,composition_mixing,bc_jackson2020,motif_cd8_tumor_contact,spatial,shap,0,2,407,1.0,1.0,1.0
mixing::neighbor_fraction__T cell__to__Stromal cells,1,3,5,1,1.0,1.0,1.0,1.0,False,composition_mixing,bc_jackson2020,motif_cd8_tumor_contact,spatial,shap,0,3,407,1.0,1.0,1.0
mixing::neighbor_fraction__T cell__to__T cell,1,3,5,1,1.0,1.0,1.0,1.0,False,composition_mixing,bc_jackson2020,motif_cd8_tumor_contact,spatial,shap,0,4,407,1.0,1.0,1.0
mixing::neighbor_fraction__T cell__to__T cell,1,3,5,1,1.0,1.0,1.0,1.0,False,composition_mixing,bc_jackson2020,motif_cd8_tumor_contact,spatial,shap,1,0,407,1.0,1.0,1.0
mixing::neighbor_fraction__T cell__to__T cell,1,3,5,1,1.0,1.0,1.0,1.0,False,composition_mixing,bc_jackson2020,motif_cd8_tumor_contact,spatial,shap,1,1,407,1.0,1.0,1.0
mixing::neighbor_fraction__T cell__to__T cell,1,3,5,1,1.0,1.0,1.0,1.0,False,composition_mixing,bc_jackson2020,motif_cd8_tumor_contact,spatial,shap,1,2,407,1.0,1.0,1.0
mixing::local_mixing_std,1,3,5,1,1.0,1.0,1.0,1.0,False,composition_mixing,bc_jackson2020,motif_cd8_tumor_contact,spatial,shap,1,3,407,1.0,1.0,1.0
mixing::neighbor_fraction__T cell__to__T cell,1,3,5,1,1.0,1.0,1.0,1.0,False,composition_mixing,bc_jackson2020,motif_cd8_tumor_contact,spatial,shap,1,4,407,1.0,1.0,1.0
mixing::neighbor_fraction__T cell__to__T cell,1,3,5,1,1.0,1.0,1.0,1.0,False,composition_mixing,bc_jackson2020,motif_cd8_tumor_contact,spatial,shap,2,0,407,1.0,1.0,1.0
mixing::neighbor_fraction__T cell__to__T cell,1,3,5,1,1.0,1.0,1.0,1.0,False,composition_mixing,bc_jackson2020,motif_cd8_tumor_contact,spatial,shap,2,1,407,1.0,1.0,1.0
mixing::neighbor_fraction__T cell__to__T cell,1,3,5,1,1.0,1.0,1.0,1.0,False,composition_mixing,bc_jackson2020,motif_cd8_tumor_contact,spatial,shap,2,2,407,1.0,1.0,1.0
mixing::neighbor_fraction__T cell__to__T cell,1,3,5,1,1.0,1.0,1.0,1.0,False,composition_mixing,bc_jackson2020,motif_cd8_tumor_contact,spatial,shap,2,3,407,1.0,1.0,1.0
mixing::neighbor_fraction__T cell__to__T cell,1,3,5,1,1.0,1.0,1.0,1.0,False,composition_mixing,bc_jackson2020,motif_cd8_tumor_contact,spatial,shap,2,4,407,1.0,1.0,1.0
mixing::neighbor_fraction__Macrophage__to__Stromal cells,1,3,5,1,1.0,1.0,1.0,1.0,False,composition_mixing,bc_jackson2020,motif_macrophage_tumor_niche,spatial,lasso,0,0,407,1.0,1.0,1.0
mixing::neighbor_fraction__Macrophage__to__Stromal cells,1,3,5,1,1.0,1.0,1.0,1.0,False,composition_mixing,bc_jackson2020,motif_macrophage_tumor_niche,spatial,lasso,0,1,407,1.0,1.0,1.0
mixing::neighbor_fraction__Macrophage__to__Stromal cells,1,3,5,1,1.0,1.0,1.0,1.0,False,composition_mixing,bc_jackson2020,motif_macrophage_tumor_niche,spatial,lasso,0,2,407,1.0,1.0,1.0
mixing::neighbor_fraction__Macrophage__to__Stromal cells,1,3,5,1,1.0,1.0,1.0,1.0,False,composition_mixing,bc_jackson2020,motif_macrophage_tumor_niche,spatial,lasso,0,3,407,1.0,1.0,1.0
mixing::neighbor_fraction__Macrophage__to__Stromal cells,1,3,5,1,1.0,1.0,1.0,1.0,False,composition_mixing,bc_jackson2020,motif_macrophage_tumor_niche,spatial,lasso,0,4,407,1.0,1.0,1.0
mixing::neighbor_fraction__Macrophage__to__Stromal cells,1,3,5,1,1.0,1.0,1.0,1.0,False,composition_mixing,bc_jackson2020,motif_macrophage_tumor_niche,spatial,lasso,1,0,407,1.0,1.0,1.0
mixing::neighbor_fraction__Macrophage__to__Stromal cells,1,3,5,1,1.0,1.0,1.0,1.0,False,composition_mixing,bc_jackson2020,motif_macrophage_tumor_niche,spatial,lasso,1,1,407,1.0,1.0,1.0
mixing::neighbor_fraction__Macrophage__to__Stromal cells,1,3,5,1,1.0,1.0,1.0,1.0,False,composition_mixing,bc_jackson2020,motif_macrophage_tumor_niche,spatial,lasso,1,2,407,1.0,1.0,1.0
mixing::neighbor_fraction__Macrophage__to__Stromal cells,1,3,5,1,1.0,1.0,1.0,1.0,False,composition_mixing,bc_jackson2020,motif_macrophage_tumor_niche,spatial,lasso,1,3,407,1.0,1.0,1.0
mixing::neighbor_fraction__Macrophage__to__Stromal cells,1,3,5,1,1.0,1.0,1.0,1.0,False,composition_mixing,bc_jackson2020,motif_macrophage_tumor_niche,spatial,lasso,1,4,407,1.0,1.0,1.0
mixing::neighbor_fraction__Macrophage__to__Stromal cells,1,3,5,1,1.0,1.0,1.0,1.0,False,composition_mixing,bc_jackson2020,motif_macrophage_tumor_niche,spatial,lasso,2,0,407,1.0,1.0,1.0
mixing::neighbor_fraction__Macrophage__to__Stromal cells,1,3,5,1,1.0,1.0,1.0,1.0,False,composition_mixing,bc_jackson2020,motif_macrophage_tumor_niche,spatial,lasso,2,1,407,1.0,1.0,1.0
mixing::neighbor_fraction__Macrophage__to__Stromal cells,1,3,5,1,1.0,1.0,1.0,1.0,False,composition_mixing,bc_jackson2020,motif_macrophage_tumor_niche,spatial,lasso,2,2,407,1.0,1.0,1.0
mixing::neighbor_fraction__Macrophage__to__Stromal cells,1,3,5,1,1.0,1.0,1.0,1.0,False,composition_mixing,bc_jackson2020,motif_macrophage_tumor_niche,spatial,lasso,2,3,407,1.0,1.0,1.0
mixing::neighbor_fraction__Macrophage__to__Stromal cells,1,3,5,1,1.0,1.0,1.0,1.0,False,composition_mixing,bc_jackson2020,motif_macrophage_tumor_niche,spatial,lasso,2,4,407,1.0,1.0,1.0
mixing::neighbor_fraction__Macrophage__to__Stromal cells,1,3,5,1,1.0,1.0,1.0,1.0,False,composition_mixing,bc_jackson2020,motif_macrophage_tumor_niche,spatial,shap,0,0,407,1.0,1.0,1.0
mixing::neighbor_fraction__Macrophage__to__Stromal cells,1,3,5,1,1.0,1.0,1.0,1.0,False,composition_mixing,bc_jackson2020,motif_macrophage_tumor_niche,spatial,shap,0,1,407,1.0,1.0,1.0
mixing::neighbor_fraction__Endothelial__to__Tumor (CK lo HR hi p53+),1,3,5,1,1.0,1.0,1.0,1.0,False,composition_mixing,bc_jackson2020,motif_macrophage_tumor_niche,spatial,shap,0,2,407,1.0,1.0,1.0
mixing::neighbor_fraction__Macrophage__to__Stromal cells,1,3,5,1,1.0,1.0,1.0,1.0,False,composition_mixing,bc_jackson2020,motif_macrophage_tumor_niche,spatial,shap,0,3,407,1.0,1.0,1.0
mixing::neighbor_fraction__Macrophage__to__Stromal cells,1,3,5,1,1.0,1.0,1.0,1.0,False,composition_mixing,bc_jackson2020,motif_macrophage_tumor_niche,spatial,shap,0,4,407,1.0,1.0,1.0
mixing::neighbor_fraction__Macrophage__to__Stromal cells,1,3,5,1,1.0,1.0,1.0,1.0,False,composition_mixing,bc_jackson2020,motif_macrophage_tumor_niche,spatial,shap,1,0,407,1.0,1.0,1.0
mixing::neighbor_fraction__Macrophage__to__Stromal cells,1,3,5,1,1.0,1.0,1.0,1.0,False,composition_mixing,bc_jackson2020,motif_macrophage_tumor_niche,spatial,shap,1,1,407,1.0,1.0,1.0
mixing::neighbor_fraction__Macrophage__to__Stromal cells,1,3,5,1,1.0,1.0,1.0,1.0,False,composition_mixing,bc_jackson2020,motif_macrophage_tumor_niche,spatial,shap,1,2,407,1.0,1.0,1.0
mixing::neighbor_fraction__Macrophage__to__Stromal cells,1,3,5,1,1.0,1.0,1.0,1.0,False,composition_mixing,bc_jackson2020,motif_macrophage_tumor_niche,spatial,shap,1,3,407,1.0,1.0,1.0
mixing::neighbor_fraction__Macrophage__to__Stromal cells,1,3,5,1,1.0,1.0,1.0,1.0,False,composition_mixing,bc_jackson2020,motif_macrophage_tumor_niche,spatial,shap,1,4,407,1.0,1.0,1.0
mixing::neighbor_fraction__Endothelial__to__Tumor (CK lo HR hi p53+),1,3,5,1,1.0,1.0,1.0,1.0,False,composition_mixing,bc_jackson2020,motif_macrophage_tumor_niche,spatial,shap,2,0,407,1.0,1.0,1.0
mixing::neighbor_fraction__Macrophage__to__Stromal cells,1,3,5,1,1.0,1.0,1.0,1.0,False,composition_mixing,bc_jackson2020,motif_macrophage_tumor_niche,spatial,shap,2,1,407,1.0,1.0,1.0
mixing::neighbor_fraction__Macrophage__to__Stromal cells,1,3,5,1,1.0,1.0,1.0,1.0,False,composition_mixing,bc_jackson2020,motif_macrophage_tumor_niche,spatial,shap,2,2,407,1.0,1.0,1.0
mixing::neighbor_fraction__Macrophage__to__Stromal cells,1,3,5,1,1.0,1.0,1.0,1.0,False,composition_mixing,bc_jackson2020,motif_macrophage_tumor_niche,spatial,shap,2,3,407,1.0,1.0,1.0
mixing::neighbor_fraction__Macrophage__to__Stromal cells,1,3,5,1,1.0,1.0,1.0,1.0,False,composition_mixing,bc_jackson2020,motif_macrophage_tumor_niche,spatial,shap,2,4,407,1.0,1.0,1.0
mixing::neighbor_fraction__T cell__to__T cell,1,3,5,1,1.0,1.0,1.0,1.0,False,composition_mixing,bc_jackson2020,motif_t_tumor_mixing,spatial,lasso,0,0,407,1.0,1.0,1.0
mixing::neighbor_fraction__T cell__to__T cell,1,3,5,1,1.0,1.0,1.0,1.0,False,composition_mixing,bc_jackson2020,motif_t_tumor_mixing,spatial,lasso,0,1,407,1.0,1.0,1.0
mixing::neighbor_fraction__T cell__to__T cell,1,3,5,1,1.0,1.0,1.0,1.0,False,composition_mixing,bc_jackson2020,motif_t_tumor_mixing,spatial,lasso,0,2,407,1.0,1.0,1.0
mixing::neighbor_fraction__T cell__to__T cell,1,3,5,1,1.0,1.0,1.0,1.0,False,composition_mixing,bc_jackson2020,motif_t_tumor_mixing,spatial,lasso,0,3,407,1.0,1.0,1.0
mixing::neighbor_fraction__T cell__to__T cell,1,3,5,1,1.0,1.0,1.0,1.0,False,composition_mixing,bc_jackson2020,motif_t_tumor_mixing,spatial,lasso,0,4,407,1.0,1.0,1.0
mixing::neighbor_fraction__T cell__to__T cell,1,3,5,1,1.0,1.0,1.0,1.0,False,composition_mixing,bc_jackson2020,motif_t_tumor_mixing,spatial,lasso,1,0,407,1.0,1.0,1.0
mixing::neighbor_fraction__T cell__to__T cell,1,3,5,1,1.0,1.0,1.0,1.0,False,composition_mixing,bc_jackson2020,motif_t_tumor_mixing,spatial,lasso,1,1,407,1.0,1.0,1.0
mixing::neighbor_fraction__T cell__to__T cell,1,3,5,1,1.0,1.0,1.0,1.0,False,composition_mixing,bc_jackson2020,motif_t_tumor_mixing,spatial,lasso,1,2,407,1.0,1.0,1.0
mixing::neighbor_fraction__T cell__to__T cell,1,3,5,1,1.0,1.0,1.0,1.0,False,composition_mixing,bc_jackson2020,motif_t_tumor_mixing,spatial,lasso,1,3,407,1.0,1.0,1.0
mixing::neighbor_fraction__T cell__to__T cell,1,3,5,1,1.0,1.0,1.0,1.0,False,composition_mixing,bc_jackson2020,motif_t_tumor_mixing,spatial,lasso,1,4,407,1.0,1.0,1.0
mixing::neighbor_fraction__T cell__to__T cell,1,3,5,1,1.0,1.0,1.0,1.0,False,composition_mixing,bc_jackson2020,motif_t_tumor_mixing,spatial,lasso,2,0,407,1.0,1.0,1.0
mixing::neighbor_fraction__T cell__to__T cell,1,3,5,1,1.0,1.0,1.0,1.0,False,composition_mixing,bc_jackson2020,motif_t_tumor_mixing,spatial,lasso,2,1,407,1.0,1.0,1.0
mixing::neighbor_fraction__T cell__to__T cell,1,3,5,1,1.0,1.0,1.0,1.0,False,composition_mixing,bc_jackson2020,motif_t_tumor_mixing,spatial,lasso,2,2,407,1.0,1.0,1.0
mixing::neighbor_fraction__T cell__to__T cell,1,3,5,1,1.0,1.0,1.0,1.0,False,composition_mixing,bc_jackson2020,motif_t_tumor_mixing,spatial,lasso,2,3,407,1.0,1.0,1.0
mixing::neighbor_fraction__T cell__to__T cell,1,3,5,1,1.0,1.0,1.0,1.0,False,composition_mixing,bc_jackson2020,motif_t_tumor_mixing,spatial,lasso,2,4,407,1.0,1.0,1.0
mixing::neighbor_fraction__T cell__to__T cell,1,3,5,1,1.0,1.0,1.0,1.0,False,composition_mixing,bc_jackson2020,motif_t_tumor_mixing,spatial,shap,0,0,407,1.0,1.0,1.0
mixing::neighbor_fraction__T cell__to__T cell,1,3,5,1,1.0,1.0,1.0,1.0,False,composition_mixing,bc_jackson2020,motif_t_tumor_mixing,spatial,shap,0,1,407,1.0,1.0,1.0
mixing::neighbor_fraction__T cell__to__T cell,1,3,5,1,1.0,1.0,1.0,1.0,False,composition_mixing,bc_jackson2020,motif_t_tumor_mixing,spatial,shap,0,2,407,1.0,1.0,1.0
mixing::shannon_entropy_global,1,3,5,1,1.0,1.0,1.0,1.0,False,composition_mixing,bc_jackson2020,motif_t_tumor_mixing,spatial,shap,0,3,407,1.0,1.0,1.0
mixing::neighbor_fraction__T cell__to__T cell,1,3,5,1,1.0,1.0,1.0,1.0,False,composition_mixing,bc_jackson2020,motif_t_tumor_mixing,spatial,shap,0,4,407,1.0,1.0,1.0
mixing::neighbor_fraction__T cell__to__T cell,1,3,5,1,1.0,1.0,1.0,1.0,False,composition_mixing,bc_jackson2020,motif_t_tumor_mixing,spatial,shap,1,0,407,1.0,1.0,1.0
mixing::neighbor_fraction__T cell__to__T cell,1,3,5,1,1.0,1.0,1.0,1.0,False,composition_mixing,bc_jackson2020,motif_t_tumor_mixing,spatial,shap,1,1,407,1.0,1.0,1.0
mixing::neighbor_fraction__T cell__to__T cell,1,3,5,1,1.0,1.0,1.0,1.0,False,composition_mixing,bc_jackson2020,motif_t_tumor_mixing,spatial,shap,1,2,407,1.0,1.0,1.0
mixing::neighbor_fraction__T cell__to__Stromal cells,1,3,5,1,1.0,1.0,1.0,1.0,False,composition_mixing,bc_jackson2020,motif_t_tumor_mixing,spatial,shap,1,3,407,1.0,1.0,1.0
mixing::neighbor_fraction__T cell__to__T cell,1,3,5,1,1.0,1.0,1.0,1.0,False,composition_mixing,bc_jackson2020,motif_t_tumor_mixing,spatial,shap,1,4,407,1.0,1.0,1.0
mixing::neighbor_fraction__T cell__to__T cell,1,3,5,1,1.0,1.0,1.0,1.0,False,composition_mixing,bc_jackson2020,motif_t_tumor_mixing,spatial,shap,2,0,407,1.0,1.0,1.0
mixing::neighbor_fraction__Endothelial__to__Tumor (CK lo HR hi p53+),1,3,5,1,1.0,1.0,1.0,1.0,False,composition_mixing,bc_jackson2020,motif_t_tumor_mixing,spatial,shap,2,1,407,1.0,1.0,1.0
mixing::neighbor_fraction__T cell__to__T cell,1,3,5,1,1.0,1.0,1.0,1.0,False,composition_mixing,bc_jackson2020,motif_t_tumor_mixing,spatial,shap,2,2,407,1.0,1.0,1.0
mixing::neighbor_fraction__T cell__to__T cell,1,3,5,1,1.0,1.0,1.0,1.0,False,composition_mixing,bc_jackson2020,motif_t_tumor_mixing,spatial,shap,2,3,407,1.0,1.0,1.0
mixing::neighbor_fraction__T cell__to__T cell,1,3,5,1,1.0,1.0,1.0,1.0,False,composition_mixing,bc_jackson2020,motif_t_tumor_mixing,spatial,shap,2,4,407,1.0,1.0,1.0
composition::Stromal cells,0,0,1,0,0.0,0.2,0.2,5.0,False,composition_mixing,bc_jackson2020,motif_tumor_high,control,lasso,0,0,14,0.0,0.0,0.2
composition::Stromal cells,0,0,1,0,0.0,0.2,0.2,5.0,False,composition_mixing,bc_jackson2020,motif_tumor_high,control,lasso,0,1,14,0.0,0.0,0.2
composition::Stromal cells,0,0,1,0,0.0,0.2,0.25,4.0,False,composition_mixing,bc_jackson2020,motif_tumor_high,control,lasso,0,2,14,0.0,0.0,0.2
composition::Stromal cells,0,0,0,0,0.0,0.0,0.14285714285714285,7.0,False,composition_mixing,bc_jackson2020,motif_tumor_high,control,lasso,0,3,14,0.0,0.0,0.0
composition::Stromal cells,0,0,1,0,0.0,0.2,0.2,5.0,False,composition_mixing,bc_jackson2020,motif_tumor_high,control,lasso,0,4,14,0.0,0.0,0.2
composition::Stromal cells,0,0,1,0,0.0,0.2,0.25,4.0,False,composition_mixing,bc_jackson2020,motif_tumor_high,control,lasso,1,0,14,0.0,0.0,0.2
composition::Stromal cells,0,0,0,0,0.0,0.0,0.14285714285714285,7.0,False,composition_mixing,bc_jackson2020,motif_tumor_high,control,lasso,1,1,14,0.0,0.0,0.0
composition::Stromal cells,0,0,1,0,0.0,0.2,0.2,5.0,False,composition_mixing,bc_jackson2020,motif_tumor_high,control,lasso,1,2,14,0.0,0.0,0.2
composition::Stromal cells,0,0,0,0,0.0,0.0,0.16666666666666666,6.0,False,composition_mixing,bc_jackson2020,motif_tumor_high,control,lasso,1,3,14,0.0,0.0,0.0
composition::Stromal cells,0,0,1,0,0.0,0.2,0.25,4.0,False,composition_mixing,bc_jackson2020,motif_tumor_high,control,lasso,1,4,14,0.0,0.0,0.2
composition::Stromal cells,0,0,0,0,0.0,0.0,0.14285714285714285,7.0,False,composition_mixing,bc_jackson2020,motif_tumor_high,control,lasso,2,0,14,0.0,0.0,0.0
composition::Stromal cells,0,0,0,0,0.0,0.0,0.14285714285714285,7.0,False,composition_mixing,bc_jackson2020,motif_tumor_high,control,lasso,2,1,14,0.0,0.0,0.0
composition::Stromal cells,0,0,1,0,0.0,0.2,0.25,4.0,False,composition_mixing,bc_jackson2020,motif_tumor_high,control,lasso,2,2,14,0.0,0.0,0.2
composition::Stromal cells,0,0,1,0,0.0,0.2,0.25,4.0,False,composition_mixing,bc_jackson2020,motif_tumor_high,control,lasso,2,3,14,0.0,0.0,0.2
composition::Stromal cells,0,1,1,0,0.3333333333333333,0.2,0.3333333333333333,3.0,False,composition_mixing,bc_jackson2020,motif_tumor_high,control,lasso,2,4,14,0.0,0.3333333333333333,0.2
composition::Stromal cells,0,0,0,0,0.0,0.0,0.16666666666666666,6.0,False,composition_mixing,bc_jackson2020,motif_tumor_high,control,shap,0,0,14,0.0,0.0,0.0
composition::Stromal cells,0,0,1,0,0.0,0.2,0.25,4.0,False,composition_mixing,bc_jackson2020,motif_tumor_high,control,shap,0,1,14,0.0,0.0,0.2
composition::Stromal cells,0,0,1,0,0.0,0.2,0.2,5.0,False,composition_mixing,bc_jackson2020,motif_tumor_high,control,shap,0,2,14,0.0,0.0,0.2
composition::Stromal cells,0,0,0,0,0.0,0.0,0.1,10.0,False,composition_mixing,bc_jackson2020,motif_tumor_high,control,shap,0,3,14,0.0,0.0,0.0
composition::Stromal cells,0,0,1,0,0.0,0.2,0.25,4.0,False,composition_mixing,bc_jackson2020,motif_tumor_high,control,shap,0,4,14,0.0,0.0,0.2
composition::Stromal cells,0,0,0,0,0.0,0.0,0.16666666666666666,6.0,False,composition_mixing,bc_jackson2020,motif_tumor_high,control,shap,1,0,14,0.0,0.0,0.0
composition::Stromal cells,0,0,0,0,0.0,0.0,0.14285714285714285,7.0,False,composition_mixing,bc_jackson2020,motif_tumor_high,control,shap,1,1,14,0.0,0.0,0.0
composition::Stromal cells,0,0,1,0,0.0,0.2,0.25,4.0,False,composition_mixing,bc_jackson2020,motif_tumor_high,control,shap,1,2,14,0.0,0.0,0.2
mixing::neighbor_fraction__Tumor (CK7+)__to__Tumor (p53+ EGFR+),0,0,0,0,0.0,0.0,0.16666666666666666,6.0,False,composition_mixing,bc_jackson2020,motif_tumor_high,control,shap,1,3,14,0.0,0.0,0.0
composition::Stromal cells,0,0,1,0,0.0,0.2,0.2,5.0,False,composition_mixing,bc_jackson2020,motif_tumor_high,control,shap,1,4,14,0.0,0.0,0.2
composition::Stromal cells,0,0,0,0,0.0,0.0,0.1111111111111111,9.0,False,composition_mixing,bc_jackson2020,motif_tumor_high,control,shap,2,0,14,0.0,0.0,0.0
composition::Stromal cells,0,0,0,0,0.0,0.0,0.16666666666666666,6.0,False,composition_mixing,bc_jackson2020,motif_tumor_high,control,shap,2,1,14,0.0,0.0,0.0
composition::Stromal cells,0,0,1,0,0.0,0.2,0.25,4.0,False,composition_mixing,bc_jackson2020,motif_tumor_high,control,shap,2,2,14,0.0,0.0,0.2
composition::Stromal cells,0,0,0,0,0.0,0.0,0.14285714285714285,7.0,False,composition_mixing,bc_jackson2020,motif_tumor_high,control,shap,2,3,14,0.0,0.0,0.0
composition::Stromal cells,0,0,1,0,0.0,0.2,0.25,4.0,False,composition_mixing,bc_jackson2020,motif_tumor_high,control,shap,2,4,14,0.0,0.0,0.2
mixing::neighbor_fraction__HR+ CK7- Slug+__to__HRlow CKlow,0,0,0,0,0.0,0.0,0.0,,False,composition_mixing,bc_metabric_ali2020,motif_interface_immune,spatial,lasso,0,0,0,0.0,0.0,0.0
mixing::neighbor_fraction__HR- CK7-__to__Macrophages Vim+ Slug+,0,0,0,0,0.0,0.0,0.0,,False,composition_mixing,bc_metabric_ali2020,motif_interface_immune,spatial,lasso,0,1,0,0.0,0.0,0.0
mixing::neighbor_fraction__B cells__to__Fibroblasts,0,0,0,0,0.0,0.0,0.0,,False,composition_mixing,bc_metabric_ali2020,motif_interface_immune,spatial,lasso,0,2,0,0.0,0.0,0.0
mixing::neighbor_fraction__HR- CK7-__to__Macrophages Vim+ Slug+,0,0,0,0,0.0,0.0,0.0,,False,composition_mixing,bc_metabric_ali2020,motif_interface_immune,spatial,lasso,0,3,0,0.0,0.0,0.0
mixing::neighbor_fraction__Vascular SMA+__to__T cells,0,0,0,0,0.0,0.0,0.0,,False,composition_mixing,bc_metabric_ali2020,motif_interface_immune,spatial,lasso,0,4,0,0.0,0.0,0.0
mixing::neighbor_fraction__HER2+__to__HRlow CKlow,0,0,0,0,0.0,0.0,0.0,,False,composition_mixing,bc_metabric_ali2020,motif_interface_immune,spatial,lasso,1,0,0,0.0,0.0,0.0
mixing::neighbor_fraction__HR+ CK7- Slug+__to__HRlow CKlow,0,0,0,0,0.0,0.0,0.0,,False,composition_mixing,bc_metabric_ali2020,motif_interface_immune,spatial,lasso,1,1,0,0.0,0.0,0.0
mixing::neighbor_fraction__HR- CK7-__to__Macrophages Vim+ Slug+,0,0,0,0,0.0,0.0,0.0,,False,composition_mixing,bc_metabric_ali2020,motif_interface_immune,spatial,lasso,1,2,0,0.0,0.0,0.0
mixing::neighbor_fraction__Basal CKlow__to__Myofibroblasts,0,0,0,0,0.0,0.0,0.0,,False,composition_mixing,bc_metabric_ali2020,motif_interface_immune,spatial,lasso,1,3,0,0.0,0.0,0.0
mixing::neighbor_fraction__HR- CK7-__to__Macrophages Vim+ Slug+,0,0,0,0,0.0,0.0,0.0,,False,composition_mixing,bc_metabric_ali2020,motif_interface_immune,spatial,lasso,1,4,0,0.0,0.0,0.0
mixing::neighbor_fraction__HR- CK7-__to__Macrophages Vim+ Slug+,0,0,0,0,0.0,0.0,0.0,,False,composition_mixing,bc_metabric_ali2020,motif_interface_immune,spatial,lasso,2,0,0,0.0,0.0,0.0
mixing::neighbor_fraction__Vascular SMA+__to__T cells,0,0,0,0,0.0,0.0,0.0,,False,composition_mixing,bc_metabric_ali2020,motif_interface_immune,spatial,lasso,2,1,0,0.0,0.0,0.0
mixing::neighbor_fraction__Vascular SMA+__to__T cells,0,0,0,0,0.0,0.0,0.0,,False,composition_mixing,bc_metabric_ali2020,motif_interface_immune,spatial,lasso,2,2,0,0.0,0.0,0.0
mixing::neighbor_fraction__Macrophages Vim+ Slug+__to__HR- CK7-,0,0,0,0,0.0,0.0,0.0,,False,composition_mixing,bc_metabric_ali2020,motif_interface_immune,spatial,lasso,2,3,0,0.0,0.0,0.0
mixing::neighbor_fraction__HR+ CK7-__to__HRlow CKlow,0,0,0,0,0.0,0.0,0.0,,False,composition_mixing,bc_metabric_ali2020,motif_interface_immune,spatial,lasso,2,4,0,0.0,0.0,0.0
mixing::neighbor_fraction__HR+ CK7-__to__HRlow CKlow,0,0,0,0,0.0,0.0,0.0,,False,composition_mixing,bc_metabric_ali2020,motif_interface_immune,spatial,shap,0,0,0,0.0,0.0,0.0
mixing::neighbor_fraction__HR- CK7+__to__Macrophages Vim+ Slug+,0,0,0,0,0.0,0.0,0.0,,False,composition_mixing,bc_metabric_ali2020,motif_interface_immune,spatial,shap,0,1,0,0.0,0.0,0.0
mixing::neighbor_fraction__Vascular SMA+__to__Hypoxia,0,0,0,0,0.0,0.0,0.0,,False,composition_mixing,bc_metabric_ali2020,motif_interface_immune,spatial,shap,0,2,0,0.0,0.0,0.0
mixing::neighbor_fraction__B cells__to__Hypoxia,0,0,0,0,0.0,0.0,0.0,,False,composition_mixing,bc_metabric_ali2020,motif_interface_immune,spatial,shap,0,3,0,0.0,0.0,0.0
mixing::neighbor_fraction__Hypoxia__to__B cells,0,0,0,0,0.0,0.0,0.0,,False,composition_mixing,bc_metabric_ali2020,motif_interface_immune,spatial,shap,0,4,0,0.0,0.0,0.0
mixing::neighbor_fraction__HRlow CKlow__to__HR+ CK7-,0,0,0,0,0.0,0.0,0.0,,False,composition_mixing,bc_metabric_ali2020,motif_interface_immune,spatial,shap,1,0,0,0.0,0.0,0.0
mixing::neighbor_fraction__Hypoxia__to__B cells,0,0,0,0,0.0,0.0,0.0,,False,composition_mixing,bc_metabric_ali2020,motif_interface_immune,spatial,shap,1,1,0,0.0,0.0,0.0
mixing::neighbor_fraction__Myoepithelial__to__HR+ CK7- Ki67+,0,0,0,0,0.0,0.0,0.0,,False,composition_mixing,bc_metabric_ali2020,motif_interface_immune,spatial,shap,1,2,0,0.0,0.0,0.0
mixing::neighbor_fraction__B cells__to__Hypoxia,0,0,0,0,0.0,0.0,0.0,,False,composition_mixing,bc_metabric_ali2020,motif_interface_immune,spatial,shap,1,3,0,0.0,0.0,0.0
mixing::neighbor_fraction__HR- CK7-__to__Macrophages Vim+ Slug+,0,0,0,0,0.0,0.0,0.0,,False,composition_mixing,bc_metabric_ali2020,motif_interface_immune,spatial,shap,1,4,0,0.0,0.0,0.0
mixing::neighbor_fraction__HR- Ki67+__to__Basal CKlow,0,0,0,0,0.0,0.0,0.0,,False,composition_mixing,bc_metabric_ali2020,motif_interface_immune,spatial,shap,2,0,0,0.0,0.0,0.0
mixing::neighbor_fraction__HR+ CK7- Slug+__to__Hypoxia,0,0,0,0,0.0,0.0,0.0,,False,composition_mixing,bc_metabric_ali2020,motif_interface_immune,spatial,shap,2,1,0,0.0,0.0,0.0
mixing::neighbor_fraction__Hypoxia__to__B cells,0,0,0,0,0.0,0.0,0.0,,False,composition_mixing,bc_metabric_ali2020,motif_interface_immune,spatial,shap,2,2,0,0.0,0.0,0.0
mixing::neighbor_fraction__HR+ CK7- Ki67+__to__Macrophages Vim+ Slug+,0,0,0,0,0.0,0.0,0.0,,False,composition_mixing,bc_metabric_ali2020,motif_interface_immune,spatial,shap,2,3,0,0.0,0.0,0.0
mixing::neighbor_fraction__B cells__to__Hypoxia,0,0,0,0,0.0,0.0,0.0,,False,composition_mixing,bc_metabric_ali2020,motif_interface_immune,spatial,shap,2,4,0,0.0,0.0,0.0
mixing::shannon_entropy_normalized,1,3,5,1,1.0,1.0,1.0,1.0,False,composition_mixing,bc_metabric_ali2020,motif_tumor_stroma_mixing,spatial,lasso,0,0,491,1.0,1.0,1.0
mixing::shannon_entropy_normalized,1,3,5,1,1.0,1.0,1.0,1.0,False,composition_mixing,bc_metabric_ali2020,motif_tumor_stroma_mixing,spatial,lasso,0,1,491,1.0,1.0,1.0
mixing::shannon_entropy_normalized,1,3,5,1,1.0,1.0,1.0,1.0,False,composition_mixing,bc_metabric_ali2020,motif_tumor_stroma_mixing,spatial,lasso,0,2,491,1.0,1.0,1.0
mixing::shannon_entropy_global,1,3,5,1,1.0,1.0,1.0,1.0,False,composition_mixing,bc_metabric_ali2020,motif_tumor_stroma_mixing,spatial,lasso,0,3,491,1.0,1.0,1.0
mixing::shannon_entropy_normalized,1,3,5,1,1.0,1.0,1.0,1.0,False,composition_mixing,bc_metabric_ali2020,motif_tumor_stroma_mixing,spatial,lasso,0,4,491,1.0,1.0,1.0
mixing::shannon_entropy_normalized,1,3,5,1,1.0,1.0,1.0,1.0,False,composition_mixing,bc_metabric_ali2020,motif_tumor_stroma_mixing,spatial,lasso,1,0,491,1.0,1.0,1.0
mixing::shannon_entropy_normalized,1,3,5,1,1.0,1.0,1.0,1.0,False,composition_mixing,bc_metabric_ali2020,motif_tumor_stroma_mixing,spatial,lasso,1,1,491,1.0,1.0,1.0
mixing::shannon_entropy_normalized,1,3,5,1,1.0,1.0,1.0,1.0,False,composition_mixing,bc_metabric_ali2020,motif_tumor_stroma_mixing,spatial,lasso,1,2,491,1.0,1.0,1.0
mixing::shannon_entropy_normalized,1,3,5,1,1.0,1.0,1.0,1.0,False,composition_mixing,bc_metabric_ali2020,motif_tumor_stroma_mixing,spatial,lasso,1,3,491,1.0,1.0,1.0
mixing::shannon_entropy_normalized,1,3,5,1,1.0,1.0,1.0,1.0,False,composition_mixing,bc_metabric_ali2020,motif_tumor_stroma_mixing,spatial,lasso,1,4,491,1.0,1.0,1.0
mixing::shannon_entropy_normalized,1,3,5,1,1.0,1.0,1.0,1.0,False,composition_mixing,bc_metabric_ali2020,motif_tumor_stroma_mixing,spatial,lasso,2,0,491,1.0,1.0,1.0
mixing::shannon_entropy_global,1,3,5,1,1.0,1.0,1.0,1.0,False,composition_mixing,bc_metabric_ali2020,motif_tumor_stroma_mixing,spatial,lasso,2,1,491,1.0,1.0,1.0
mixing::shannon_entropy_normalized,1,3,5,1,1.0,1.0,1.0,1.0,False,composition_mixing,bc_metabric_ali2020,motif_tumor_stroma_mixing,spatial,lasso,2,2,491,1.0,1.0,1.0
mixing::shannon_entropy_normalized,1,3,5,1,1.0,1.0,1.0,1.0,False,composition_mixing,bc_metabric_ali2020,motif_tumor_stroma_mixing,spatial,lasso,2,3,491,1.0,1.0,1.0
mixing::shannon_entropy_normalized,1,3,5,1,1.0,1.0,1.0,1.0,False,composition_mixing,bc_metabric_ali2020,motif_tumor_stroma_mixing,spatial,lasso,2,4,491,1.0,1.0,1.0
mixing::shannon_entropy_global,1,3,5,1,1.0,1.0,1.0,1.0,False,composition_mixing,bc_metabric_ali2020,motif_tumor_stroma_mixing,spatial,shap,0,0,491,1.0,1.0,1.0
mixing::neighbor_fraction__B cells__to__HR+ CK7- Slug+,1,3,5,1,1.0,1.0,1.0,1.0,False,composition_mixing,bc_metabric_ali2020,motif_tumor_stroma_mixing,spatial,shap,0,1,491,1.0,1.0,1.0
mixing::shannon_entropy_normalized,1,3,5,1,1.0,1.0,1.0,1.0,False,composition_mixing,bc_metabric_ali2020,motif_tumor_stroma_mixing,spatial,shap,0,2,491,1.0,1.0,1.0
mixing::neighbor_fraction__HR+ CK7- Slug+__to__B cells,1,3,5,1,1.0,1.0,1.0,1.0,False,composition_mixing,bc_metabric_ali2020,motif_tumor_stroma_mixing,spatial,shap,0,3,491,1.0,1.0,1.0
mixing::neighbor_fraction__Hypoxia__to__B cells,1,3,5,1,1.0,1.0,1.0,1.0,False,composition_mixing,bc_metabric_ali2020,motif_tumor_stroma_mixing,spatial,shap,0,4,491,1.0,1.0,1.0
mixing::shannon_entropy_global,1,3,5,1,1.0,1.0,1.0,1.0,False,composition_mixing,bc_metabric_ali2020,motif_tumor_stroma_mixing,spatial,shap,1,0,491,1.0,1.0,1.0
mixing::neighbor_fraction__B cells__to__HR+ CK7- Slug+,1,3,5,1,1.0,1.0,1.0,1.0,False,composition_mixing,bc_metabric_ali2020,motif_tumor_stroma_mixing,spatial,shap,1,1,491,1.0,1.0,1.0
mixing::shannon_entropy_normalized,1,3,5,1,1.0,1.0,1.0,1.0,False,composition_mixing,bc_metabric_ali2020,motif_tumor_stroma_mixing,spatial,shap,1,2,491,1.0,1.0,1.0
mixing::neighbor_fraction__HR+ CK7-__to__Hypoxia,1,3,5,1,1.0,1.0,1.0,1.0,False,composition_mixing,bc_metabric_ali2020,motif_tumor_stroma_mixing,spatial,shap,1,3,491,1.0,1.0,1.0
mixing::shannon_entropy_normalized,1,3,5,1,1.0,1.0,1.0,1.0,False,composition_mixing,bc_metabric_ali2020,motif_tumor_stroma_mixing,spatial,shap,1,4,491,1.0,1.0,1.0
mixing::shannon_entropy_global,1,3,4,1,1.0,0.8,1.0,1.0,False,composition_mixing,bc_metabric_ali2020,motif_tumor_stroma_mixing,spatial,shap,2,0,491,1.0,1.0,0.8
mixing::shannon_entropy_global,1,3,5,1,1.0,1.0,1.0,1.0,False,composition_mixing,bc_metabric_ali2020,motif_tumor_stroma_mixing,spatial,shap,2,1,491,1.0,1.0,1.0
mixing::shannon_entropy_normalized,1,3,5,1,1.0,1.0,1.0,1.0,False,composition_mixing,bc_metabric_ali2020,motif_tumor_stroma_mixing,spatial,shap,2,2,491,1.0,1.0,1.0
mixing::shannon_entropy_normalized,1,3,5,1,1.0,1.0,1.0,1.0,False,composition_mixing,bc_metabric_ali2020,motif_tumor_stroma_mixing,spatial,shap,2,3,491,1.0,1.0,1.0
mixing::shannon_entropy_normalized,1,3,5,1,1.0,1.0,1.0,1.0,False,composition_mixing,bc_metabric_ali2020,motif_tumor_stroma_mixing,spatial,shap,2,4,491,1.0,1.0,1.0
mixing::neighbor_fraction__CD8 T cell__to__CD8 T cell,1,1,1,1,0.3333333333333333,0.2,1.0,1.0,False,composition_mixing,hnc_wu2022,motif_cd8_clustering,spatial,lasso,0,0,9,1.0,0.3333333333333333,0.2
mixing::neighbor_fraction__CD8 T cell__to__CD8 T cell,1,1,2,1,0.3333333333333333,0.4,1.0,1.0,False,composition_mixing,hnc_wu2022,motif_cd8_clustering,spatial,lasso,0,1,9,1.0,0.3333333333333333,0.4
mixing::neighbor_fraction__CD8 T cell__to__CD8 T cell,1,1,2,1,0.3333333333333333,0.4,1.0,1.0,False,composition_mixing,hnc_wu2022,motif_cd8_clustering,spatial,lasso,0,2,9,1.0,0.3333333333333333,0.4
mixing::neighbor_fraction__CD8 T cell__to__CD8 T cell,1,1,2,1,0.3333333333333333,0.4,1.0,1.0,False,composition_mixing,hnc_wu2022,motif_cd8_clustering,spatial,lasso,0,3,9,1.0,0.3333333333333333,0.4
mixing::neighbor_fraction__CD8 T cell__to__CD8 T cell,1,1,1,1,0.3333333333333333,0.2,1.0,1.0,False,composition_mixing,hnc_wu2022,motif_cd8_clustering,spatial,lasso,0,4,9,1.0,0.3333333333333333,0.2
mixing::neighbor_fraction__CD8 T cell__to__CD8 T cell,1,2,2,1,0.6666666666666666,0.4,1.0,1.0,False,composition_mixing,hnc_wu2022,motif_cd8_clustering,spatial,lasso,1,0,9,1.0,0.6666666666666666,0.4
mixing::neighbor_fraction__CD8 T cell__to__CD8 T cell,1,2,2,1,0.6666666666666666,0.4,1.0,1.0,False,composition_mixing,hnc_wu2022,motif_cd8_clustering,spatial,lasso,1,1,9,1.0,0.6666666666666666,0.4
mixing::neighbor_fraction__CD8 T cell__to__CD8 T cell,1,1,2,1,0.3333333333333333,0.4,1.0,1.0,False,composition_mixing,hnc_wu2022,motif_cd8_clustering,spatial,lasso,1,2,9,1.0,0.3333333333333333,0.4
mixing::neighbor_fraction__CD8 T cell__to__CD8 T cell,1,1,1,1,0.3333333333333333,0.2,1.0,1.0,False,composition_mixing,hnc_wu2022,motif_cd8_clustering,spatial,lasso,1,3,9,1.0,0.3333333333333333,0.2
mixing::neighbor_fraction__CD8 T cell__to__CD8 T cell,1,1,1,1,0.3333333333333333,0.2,1.0,1.0,False,composition_mixing,hnc_wu2022,motif_cd8_clustering,spatial,lasso,1,4,9,1.0,0.3333333333333333,0.2
mixing::neighbor_fraction__CD8 T cell__to__CD8 T cell,1,1,1,1,0.3333333333333333,0.2,1.0,1.0,False,composition_mixing,hnc_wu2022,motif_cd8_clustering,spatial,lasso,2,0,9,1.0,0.3333333333333333,0.2
mixing::neighbor_fraction__CD8 T cell__to__CD8 T cell,1,1,2,1,0.3333333333333333,0.4,1.0,1.0,False,composition_mixing,hnc_wu2022,motif_cd8_clustering,spatial,lasso,2,1,9,1.0,0.3333333333333333,0.4
mixing::neighbor_fraction__CD8 T cell__to__CD8 T cell,1,1,1,1,0.3333333333333333,0.2,1.0,1.0,False,composition_mixing,hnc_wu2022,motif_cd8_clustering,spatial,lasso,2,2,9,1.0,0.3333333333333333,0.2
mixing::neighbor_fraction__CD8 T cell__to__CD8 T cell,1,2,2,1,0.6666666666666666,0.4,1.0,1.0,False,composition_mixing,hnc_wu2022,motif_cd8_clustering,spatial,lasso,2,3,9,1.0,0.6666666666666666,0.4
mixing::neighbor_fraction__CD8 T cell__to__CD8 T cell,1,1,1,1,0.3333333333333333,0.2,1.0,1.0,False,composition_mixing,hnc_wu2022,motif_cd8_clustering,spatial,lasso,2,4,9,1.0,0.3333333333333333,0.2
mixing::neighbor_fraction__CD8 T cell__to__CD8 T cell,1,1,1,1,0.3333333333333333,0.2,1.0,1.0,False,composition_mixing,hnc_wu2022,motif_cd8_clustering,spatial,shap,0,0,9,1.0,0.3333333333333333,0.2
mixing::neighbor_fraction__CD8 T cell__to__CD8 T cell,1,1,2,1,0.3333333333333333,0.4,1.0,1.0,False,composition_mixing,hnc_wu2022,motif_cd8_clustering,spatial,shap,0,1,9,1.0,0.3333333333333333,0.4
mixing::neighbor_fraction__CD8 T cell__to__CD8 T cell,1,1,1,1,0.3333333333333333,0.2,1.0,1.0,False,composition_mixing,hnc_wu2022,motif_cd8_clustering,spatial,shap,0,2,9,1.0,0.3333333333333333,0.2
mixing::neighbor_fraction__CD8 T cell__to__CD8 T cell,1,1,1,1,0.3333333333333333,0.2,1.0,1.0,False,composition_mixing,hnc_wu2022,motif_cd8_clustering,spatial,shap,0,3,9,1.0,0.3333333333333333,0.2
mixing::neighbor_fraction__CD8 T cell__to__CD8 T cell,1,1,1,1,0.3333333333333333,0.2,1.0,1.0,False,composition_mixing,hnc_wu2022,motif_cd8_clustering,spatial,shap,0,4,9,1.0,0.3333333333333333,0.2
mixing::neighbor_fraction__CD8 T cell__to__CD8 T cell,1,1,2,1,0.3333333333333333,0.4,1.0,1.0,False,composition_mixing,hnc_wu2022,motif_cd8_clustering,spatial,shap,1,0,9,1.0,0.3333333333333333,0.4
mixing::neighbor_fraction__CD8 T cell__to__CD8 T cell,1,1,2,1,0.3333333333333333,0.4,1.0,1.0,False,composition_mixing,hnc_wu2022,motif_cd8_clustering,spatial,shap,1,1,9,1.0,0.3333333333333333,0.4
mixing::neighbor_fraction__CD8 T cell__to__CD8 T cell,1,1,1,1,0.3333333333333333,0.2,1.0,1.0,False,composition_mixing,hnc_wu2022,motif_cd8_clustering,spatial,shap,1,2,9,1.0,0.3333333333333333,0.2
mixing::neighbor_fraction__CD8 T cell__to__CD8 T cell,1,1,1,1,0.3333333333333333,0.2,1.0,1.0,False,composition_mixing,hnc_wu2022,motif_cd8_clustering,spatial,shap,1,3,9,1.0,0.3333333333333333,0.2
mixing::neighbor_fraction__CD8 T cell__to__CD8 T cell,1,1,1,1,0.3333333333333333,0.2,1.0,1.0,False,composition_mixing,hnc_wu2022,motif_cd8_clustering,spatial,shap,1,4,9,1.0,0.3333333333333333,0.2
mixing::neighbor_fraction__CD8 T cell__to__CD8 T cell,1,1,1,1,0.3333333333333333,0.2,1.0,1.0,False,composition_mixing,hnc_wu2022,motif_cd8_clustering,spatial,shap,2,0,9,1.0,0.3333333333333333,0.2
mixing::neighbor_fraction__CD8 T cell__to__CD8 T cell,1,1,1,1,0.3333333333333333,0.2,1.0,1.0,False,composition_mixing,hnc_wu2022,motif_cd8_clustering,spatial,shap,2,1,9,1.0,0.3333333333333333,0.2
mixing::neighbor_fraction__CD8 T cell__to__CD8 T cell,1,1,1,1,0.3333333333333333,0.2,1.0,1.0,False,composition_mixing,hnc_wu2022,motif_cd8_clustering,spatial,shap,2,2,9,1.0,0.3333333333333333,0.2
mixing::neighbor_fraction__CD8 T cell__to__CD8 T cell,1,2,2,1,0.6666666666666666,0.4,1.0,1.0,False,composition_mixing,hnc_wu2022,motif_cd8_clustering,spatial,shap,2,3,9,1.0,0.6666666666666666,0.4
mixing::neighbor_fraction__CD8 T cell__to__CD8 T cell,1,1,1,1,0.3333333333333333,0.2,1.0,1.0,False,composition_mixing,hnc_wu2022,motif_cd8_clustering,spatial,shap,2,4,9,1.0,0.3333333333333333,0.2
mixing::neighbor_fraction__CD8 T cell__to__Other,0,0,0,0,0.0,0.0,0.0,,False,composition_mixing,hnc_wu2022,motif_immune_exclusion,spatial,lasso,0,0,0,0.0,0.0,0.0
mixing::neighbor_fraction__CD8 T cell__to__Tumor,0,0,0,0,0.0,0.0,0.0,,False,composition_mixing,hnc_wu2022,motif_immune_exclusion,spatial,lasso,0,1,0,0.0,0.0,0.0
mixing::neighbor_fraction__CD8 T cell__to__Tumor,0,0,0,0,0.0,0.0,0.0,,False,composition_mixing,hnc_wu2022,motif_immune_exclusion,spatial,lasso,0,2,0,0.0,0.0,0.0
mixing::neighbor_fraction__CD4 T cell__to__Tumor,0,0,0,0,0.0,0.0,0.0,,False,composition_mixing,hnc_wu2022,motif_immune_exclusion,spatial,lasso,0,3,0,0.0,0.0,0.0
mixing::neighbor_fraction__CD8 T cell__to__Tumor,0,0,0,0,0.0,0.0,0.0,,False,composition_mixing,hnc_wu2022,motif_immune_exclusion,spatial,lasso,0,4,0,0.0,0.0,0.0
mixing::neighbor_fraction__CD8 T cell__to__Tumor,0,0,0,0,0.0,0.0,0.0,,False,composition_mixing,hnc_wu2022,motif_immune_exclusion,spatial,lasso,1,0,0,0.0,0.0,0.0
mixing::neighbor_fraction__CD8 T cell__to__Other,0,0,0,0,0.0,0.0,0.0,,False,composition_mixing,hnc_wu2022,motif_immune_exclusion,spatial,lasso,1,1,0,0.0,0.0,0.0
mixing::neighbor_fraction__CD8 T cell__to__Tumor,0,0,0,0,0.0,0.0,0.0,,False,composition_mixing,hnc_wu2022,motif_immune_exclusion,spatial,lasso,1,2,0,0.0,0.0,0.0
mixing::neighbor_fraction__CD8 T cell__to__Tumor,0,0,0,0,0.0,0.0,0.0,,False,composition_mixing,hnc_wu2022,motif_immune_exclusion,spatial,lasso,1,3,0,0.0,0.0,0.0
mixing::neighbor_fraction__CD8 T cell__to__Tumor,0,0,0,0,0.0,0.0,0.0,,False,composition_mixing,hnc_wu2022,motif_immune_exclusion,spatial,lasso,1,4,0,0.0,0.0,0.0
mixing::neighbor_fraction__CD4 T cell__to__Tumor (Proliferating),0,0,0,0,0.0,0.0,0.0,,False,composition_mixing,hnc_wu2022,motif_immune_exclusion,spatial,lasso,2,0,0,0.0,0.0,0.0
mixing::neighbor_fraction__Stroma__to__Macrophage,0,0,0,0,0.0,0.0,0.0,,False,composition_mixing,hnc_wu2022,motif_immune_exclusion,spatial,lasso,2,1,0,0.0,0.0,0.0
mixing::neighbor_fraction__CD8 T cell__to__Tumor,0,0,0,0,0.0,0.0,0.0,,False,composition_mixing,hnc_wu2022,motif_immune_exclusion,spatial,lasso,2,2,0,0.0,0.0,0.0
mixing::neighbor_fraction__CD8 T cell__to__Other,0,0,0,0,0.0,0.0,0.0,,False,composition_mixing,hnc_wu2022,motif_immune_exclusion,spatial,lasso,2,3,0,0.0,0.0,0.0
mixing::neighbor_fraction__CD8 T cell__to__Tumor,0,0,0,0,0.0,0.0,0.0,,False,composition_mixing,hnc_wu2022,motif_immune_exclusion,spatial,lasso,2,4,0,0.0,0.0,0.0
mixing::neighbor_fraction__CD8 T cell__to__Other,0,0,0,0,0.0,0.0,0.0,,False,composition_mixing,hnc_wu2022,motif_immune_exclusion,spatial,shap,0,0,0,0.0,0.0,0.0
mixing::neighbor_fraction__Granulocyte__to__Naive immune cell,0,0,0,0,0.0,0.0,0.0,,False,composition_mixing,hnc_wu2022,motif_immune_exclusion,spatial,shap,0,1,0,0.0,0.0,0.0
mixing::neighbor_fraction__CD8 T cell__to__Tumor,0,0,0,0,0.0,0.0,0.0,,False,composition_mixing,hnc_wu2022,motif_immune_exclusion,spatial,shap,0,2,0,0.0,0.0,0.0
mixing::neighbor_fraction__Naive immune cell__to__APC/Dendritic cell,0,0,0,0,0.0,0.0,0.0,,False,composition_mixing,hnc_wu2022,motif_immune_exclusion,spatial,shap,0,3,0,0.0,0.0,0.0
mixing::neighbor_fraction__CD8 T cell__to__Tumor,0,0,0,0,0.0,0.0,0.0,,False,composition_mixing,hnc_wu2022,motif_immune_exclusion,spatial,shap,0,4,0,0.0,0.0,0.0
mixing::neighbor_fraction__CD8 T cell__to__Tumor,0,0,0,0,0.0,0.0,0.0,,False,composition_mixing,hnc_wu2022,motif_immune_exclusion,spatial,shap,1,0,0,0.0,0.0,0.0
mixing::neighbor_fraction__Stroma__to__CD8 T cell,0,0,0,0,0.0,0.0,0.0,,False,composition_mixing,hnc_wu2022,motif_immune_exclusion,spatial,shap,1,1,0,0.0,0.0,0.0
mixing::neighbor_fraction__Granulocyte__to__Naive immune cell,0,0,0,0,0.0,0.0,0.0,,False,composition_mixing,hnc_wu2022,motif_immune_exclusion,spatial,shap,1,2,0,0.0,0.0,0.0
mixing::neighbor_fraction__Macrophage__to__Tumor,0,0,0,0,0.0,0.0,0.0,,False,composition_mixing,hnc_wu2022,motif_immune_exclusion,spatial,shap,1,3,0,0.0,0.0,0.0
mixing::neighbor_fraction__CD8 T cell__to__Tumor,0,0,0,0,0.0,0.0,0.0,,False,composition_mixing,hnc_wu2022,motif_immune_exclusion,spatial,shap,1,4,0,0.0,0.0,0.0
mixing::neighbor_fraction__CD4 T cell__to__Tumor (Proliferating),0,0,0,0,0.0,0.0,0.0,,False,composition_mixing,hnc_wu2022,motif_immune_exclusion,spatial,shap,2,0,0,0.0,0.0,0.0
mixing::neighbor_fraction__CD8 T cell__to__Other,0,0,0,0,0.0,0.0,0.0,,False,composition_mixing,hnc_wu2022,motif_immune_exclusion,spatial,shap,2,1,0,0.0,0.0,0.0
mixing::neighbor_fraction__CD8 T cell__to__Stroma,0,0,0,0,0.0,0.0,0.0,,False,composition_mixing,hnc_wu2022,motif_immune_exclusion,spatial,shap,2,2,0,0.0,0.0,0.0
mixing::neighbor_fraction__Vessel__to__B cell,0,0,0,0,0.0,0.0,0.0,,False,composition_mixing,hnc_wu2022,motif_immune_exclusion,spatial,shap,2,3,0,0.0,0.0,0.0
mixing::neighbor_fraction__CD8 T cell__to__Tumor,0,0,0,0,0.0,0.0,0.0,,False,composition_mixing,hnc_wu2022,motif_immune_exclusion,spatial,shap,2,4,0,0.0,0.0,0.0
mixing::local_mixing_max,0,0,0,0,0.0,0.0,0.0,,False,composition_mixing,tnbc_wang2023,motif_cd8_high,control,lasso,0,0,4,0.0,0.0,0.0
mixing::local_mixing_max,0,0,0,0,0.0,0.0,0.05,20.0,False,composition_mixing,tnbc_wang2023,motif_cd8_high,control,lasso,0,1,4,0.0,0.0,0.0
mixing::shannon_entropy_normalized,0,0,0,0,0.0,0.0,0.09090909090909091,11.0,False,composition_mixing,tnbc_wang2023,motif_cd8_high,control,lasso,0,2,4,0.0,0.0,0.0
mixing::shannon_entropy_normalized,0,0,0,0,0.0,0.0,0.14285714285714285,7.0,False,composition_mixing,tnbc_wang2023,motif_cd8_high,control,lasso,0,3,4,0.0,0.0,0.0
mixing::neighbor_fraction__CD56^+NK__to__DCs,0,0,0,0,0.0,0.0,0.05263157894736842,19.0,False,composition_mixing,tnbc_wang2023,motif_cd8_high,control,lasso,0,4,4,0.0,0.0,0.0
mixing::neighbor_fraction__M2 Mac__to__CD8^+T,0,0,0,0,0.0,0.0,0.05,20.0,False,composition_mixing,tnbc_wang2023,motif_cd8_high,control,lasso,1,0,4,0.0,0.0,0.0
mixing::shannon_entropy_normalized,0,0,0,0,0.0,0.0,0.0625,16.0,False,composition_mixing,tnbc_wang2023,motif_cd8_high,control,lasso,1,1,4,0.0,0.0,0.0
mixing::neighbor_fraction__pH2AX^{+}DSB__to__CD8^+T,0,0,0,0,0.0,0.0,0.058823529411764705,17.0,False,composition_mixing,tnbc_wang2023,motif_cd8_high,control,lasso,1,2,4,0.0,0.0,0.0
mixing::local_mixing_max,0,0,0,0,0.0,0.0,0.0,,False,composition_mixing,tnbc_wang2023,motif_cd8_high,control,lasso,1,3,4,0.0,0.0,0.0
mixing::shannon_entropy_global,0,0,0,0,0.0,0.0,0.0625,16.0,False,composition_mixing,tnbc_wang2023,motif_cd8_high,control,lasso,1,4,4,0.0,0.0,0.0
mixing::shannon_entropy_global,0,0,0,0,0.0,0.0,0.05,20.0,False,composition_mixing,tnbc_wang2023,motif_cd8_high,control,lasso,2,0,4,0.0,0.0,0.0
mixing::shannon_entropy_global,0,0,0,0,0.0,0.0,0.125,8.0,False,composition_mixing,tnbc_wang2023,motif_cd8_high,control,lasso,2,1,4,0.0,0.0,0.0
mixing::neighbor_fraction__M2 Mac__to__Treg,0,0,0,0,0.0,0.0,0.125,8.0,False,composition_mixing,tnbc_wang2023,motif_cd8_high,control,lasso,2,2,4,0.0,0.0,0.0
mixing::neighbor_fraction__pH2AX^{+}DSB__to__CD8^+T,0,0,0,0,0.0,0.0,0.06666666666666667,15.0,False,composition_mixing,tnbc_wang2023,motif_cd8_high,control,lasso,2,3,4,0.0,0.0,0.0
mixing::shannon_entropy_normalized,0,0,0,0,0.0,0.0,0.0,,False,composition_mixing,tnbc_wang2023,motif_cd8_high,control,lasso,2,4,4,0.0,0.0,0.0
mixing::neighbor_fraction__M2 Mac__to__CD8^+T,0,1,1,0,0.3333333333333333,0.2,0.3333333333333333,3.0,False,composition_mixing,tnbc_wang2023,motif_cd8_high,control,shap,0,0,4,0.0,0.3333333333333333,0.25
mixing::neighbor_fraction__pH2AX^{+}DSB__to__CD8^+T,0,0,0,0,0.0,0.0,0.1,10.0,False,composition_mixing,tnbc_wang2023,motif_cd8_high,control,shap,0,1,4,0.0,0.0,0.0
mixing::shannon_entropy_normalized,0,0,0,0,0.0,0.0,0.09090909090909091,11.0,False,composition_mixing,tnbc_wang2023,motif_cd8_high,control,shap,0,2,4,0.0,0.0,0.0
composition::CD8^+GZMB^+T,1,1,2,1,0.3333333333333333,0.4,1.0,1.0,False,composition_mixing,tnbc_wang2023,motif_cd8_high,control,shap,0,3,4,1.0,0.3333333333333333,0.5
mixing::neighbor_fraction__CD56^+NK__to__DCs,0,0,0,0,0.0,0.0,0.1111111111111111,9.0,False,composition_mixing,tnbc_wang2023,motif_cd8_high,control,shap,0,4,4,0.0,0.0,0.0
mixing::neighbor_fraction__M2 Mac__to__CD8^+T,0,0,0,0,0.0,0.0,0.1111111111111111,9.0,False,composition_mixing,tnbc_wang2023,motif_cd8_high,control,shap,1,0,4,0.0,0.0,0.0
mixing::neighbor_fraction__M2 Mac__to__Treg,0,0,0,0,0.0,0.0,0.1,10.0,False,composition_mixing,tnbc_wang2023,motif_cd8_high,control,shap,1,1,4,0.0,0.0,0.0
mixing::shannon_entropy_normalized,0,0,0,0,0.0,0.0,0.1111111111111111,9.0,False,composition_mixing,tnbc_wang2023,motif_cd8_high,control,shap,1,2,4,0.0,0.0,0.0
mixing::neighbor_fraction__Fibroblasts__to__CD8^+GZMB^+T,0,1,1,0,0.3333333333333333,0.2,0.3333333333333333,3.0,False,composition_mixing,tnbc_wang2023,motif_cd8_high,control,shap,1,3,4,0.0,0.3333333333333333,0.25
mixing::shannon_entropy_global,0,1,1,0,0.3333333333333333,0.2,0.3333333333333333,3.0,False,composition_mixing,tnbc_wang2023,motif_cd8_high,control,shap,1,4,4,0.0,0.3333333333333333,0.25
mixing::shannon_entropy_global,0,0,1,0,0.0,0.2,0.25,4.0,False,composition_mixing,tnbc_wang2023,motif_cd8_high,control,shap,2,0,4,0.0,0.0,0.25
mixing::shannon_entropy_normalized,0,0,1,0,0.0,0.2,0.2,5.0,False,composition_mixing,tnbc_wang2023,motif_cd8_high,control,shap,2,1,4,0.0,0.0,0.25
composition::CD8^+T,1,1,2,1,0.3333333333333333,0.4,1.0,1.0,False,composition_mixing,tnbc_wang2023,motif_cd8_high,control,shap,2,2,4,1.0,0.3333333333333333,0.5
mixing::neighbor_fraction__pH2AX^{+}DSB__to__CD8^+T,0,0,0,0,0.0,0.0,0.14285714285714285,7.0,False,composition_mixing,tnbc_wang2023,motif_cd8_high,control,shap,2,3,4,0.0,0.0,0.0
mixing::shannon_entropy_normalized,0,0,0,0,0.0,0.0,0.0,,False,composition_mixing,tnbc_wang2023,motif_cd8_high,control,shap,2,4,4,0.0,0.0,0.0
mixing::neighbor_fraction__Macrophage__to__T cell,1,3,5,1,1.0,1.0,1.0,1.0,False,density_mixing,bc_jackson2020,motif_apc_t_contact,spatial,lasso,0,0,407,1.0,1.0,1.0
mixing::neighbor_fraction__Macrophage__to__T cell,1,3,5,1,1.0,1.0,1.0,1.0,False,density_mixing,bc_jackson2020,motif_apc_t_contact,spatial,lasso,0,1,407,1.0,1.0,1.0
mixing::neighbor_fraction__Macrophage__to__T cell,1,3,4,1,1.0,0.8,1.0,1.0,False,density_mixing,bc_jackson2020,motif_apc_t_contact,spatial,lasso,0,2,407,1.0,1.0,0.8
mixing::neighbor_fraction__Macrophage__to__T cell,1,3,5,1,1.0,1.0,1.0,1.0,False,density_mixing,bc_jackson2020,motif_apc_t_contact,spatial,lasso,0,3,407,1.0,1.0,1.0
mixing::neighbor_fraction__Macrophage__to__T cell,1,3,5,1,1.0,1.0,1.0,1.0,False,density_mixing,bc_jackson2020,motif_apc_t_contact,spatial,lasso,0,4,407,1.0,1.0,1.0
mixing::neighbor_fraction__Macrophage__to__T cell,1,3,5,1,1.0,1.0,1.0,1.0,False,density_mixing,bc_jackson2020,motif_apc_t_contact,spatial,lasso,1,0,407,1.0,1.0,1.0
mixing::neighbor_fraction__Macrophage__to__T cell,1,3,5,1,1.0,1.0,1.0,1.0,False,density_mixing,bc_jackson2020,motif_apc_t_contact,spatial,lasso,1,1,407,1.0,1.0,1.0
mixing::neighbor_fraction__Macrophage__to__T cell,1,2,4,1,0.6666666666666666,0.8,1.0,1.0,False,density_mixing,bc_jackson2020,motif_apc_t_contact,spatial,lasso,1,2,407,1.0,0.6666666666666666,0.8
mixing::neighbor_fraction__Macrophage__to__T cell,1,3,5,1,1.0,1.0,1.0,1.0,False,density_mixing,bc_jackson2020,motif_apc_t_contact,spatial,lasso,1,3,407,1.0,1.0,1.0
mixing::neighbor_fraction__Macrophage__to__T cell,1,3,4,1,1.0,0.8,1.0,1.0,False,density_mixing,bc_jackson2020,motif_apc_t_contact,spatial,lasso,1,4,407,1.0,1.0,0.8
mixing::neighbor_fraction__Macrophage__to__T cell,1,3,5,1,1.0,1.0,1.0,1.0,False,density_mixing,bc_jackson2020,motif_apc_t_contact,spatial,lasso,2,0,407,1.0,1.0,1.0
mixing::neighbor_fraction__T cell__to__Macrophage,1,3,5,1,1.0,1.0,1.0,1.0,False,density_mixing,bc_jackson2020,motif_apc_t_contact,spatial,lasso,2,1,407,1.0,1.0,1.0
mixing::neighbor_fraction__Macrophage__to__T cell,1,3,5,1,1.0,1.0,1.0,1.0,False,density_mixing,bc_jackson2020,motif_apc_t_contact,spatial,lasso,2,2,407,1.0,1.0,1.0
mixing::neighbor_fraction__Macrophage__to__T cell,1,3,5,1,1.0,1.0,1.0,1.0,False,density_mixing,bc_jackson2020,motif_apc_t_contact,spatial,lasso,2,3,407,1.0,1.0,1.0
mixing::neighbor_fraction__Macrophage__to__T cell,1,3,4,1,1.0,0.8,1.0,1.0,False,density_mixing,bc_jackson2020,motif_apc_t_contact,spatial,lasso,2,4,407,1.0,1.0,0.8
mixing::neighbor_fraction__Macrophage__to__T cell,1,3,4,1,1.0,0.8,1.0,1.0,False,density_mixing,bc_jackson2020,motif_apc_t_contact,spatial,shap,0,0,407,1.0,1.0,0.8
mixing::neighbor_fraction__Macrophage__to__T cell,1,3,4,1,1.0,0.8,1.0,1.0,False,density_mixing,bc_jackson2020,motif_apc_t_contact,spatial,shap,0,1,407,1.0,1.0,0.8
mixing::neighbor_fraction__Macrophage__to__T cell,1,3,5,1,1.0,1.0,1.0,1.0,False,density_mixing,bc_jackson2020,motif_apc_t_contact,spatial,shap,0,2,407,1.0,1.0,1.0
mixing::neighbor_fraction__Macrophage__to__T cell,1,3,5,1,1.0,1.0,1.0,1.0,False,density_mixing,bc_jackson2020,motif_apc_t_contact,spatial,shap,0,3,407,1.0,1.0,1.0
mixing::neighbor_fraction__Macrophage__to__T cell,1,3,5,1,1.0,1.0,1.0,1.0,False,density_mixing,bc_jackson2020,motif_apc_t_contact,spatial,shap,0,4,407,1.0,1.0,1.0
mixing::neighbor_fraction__Macrophage__to__T cell,1,3,5,1,1.0,1.0,1.0,1.0,False,density_mixing,bc_jackson2020,motif_apc_t_contact,spatial,shap,1,0,407,1.0,1.0,1.0
mixing::neighbor_fraction__Macrophage__to__T cell,1,3,5,1,1.0,1.0,1.0,1.0,False,density_mixing,bc_jackson2020,motif_apc_t_contact,spatial,shap,1,1,407,1.0,1.0,1.0
mixing::neighbor_fraction__Tumor (Hypoxic)__to__Tumor (CK lo HR hi p53+),1,3,4,1,1.0,0.8,1.0,1.0,False,density_mixing,bc_jackson2020,motif_apc_t_contact,spatial,shap,1,2,407,1.0,1.0,0.8
mixing::neighbor_fraction__Macrophage__to__T cell,1,3,5,1,1.0,1.0,1.0,1.0,False,density_mixing,bc_jackson2020,motif_apc_t_contact,spatial,shap,1,3,407,1.0,1.0,1.0
mixing::neighbor_fraction__Macrophage__to__T cell,1,3,5,1,1.0,1.0,1.0,1.0,False,density_mixing,bc_jackson2020,motif_apc_t_contact,spatial,shap,1,4,407,1.0,1.0,1.0
mixing::neighbor_fraction__Macrophage__to__T cell,1,3,5,1,1.0,1.0,1.0,1.0,False,density_mixing,bc_jackson2020,motif_apc_t_contact,spatial,shap,2,0,407,1.0,1.0,1.0
mixing::neighbor_fraction__T cell__to__Macrophage,1,3,4,1,1.0,0.8,1.0,1.0,False,density_mixing,bc_jackson2020,motif_apc_t_contact,spatial,shap,2,1,407,1.0,1.0,0.8
mixing::neighbor_fraction__Tumor (Hypoxic)__to__Tumor (CK lo HR hi p53+),1,3,4,1,1.0,0.8,1.0,1.0,False,density_mixing,bc_jackson2020,motif_apc_t_contact,spatial,shap,2,2,407,1.0,1.0,0.8
mixing::neighbor_fraction__Macrophage__to__T cell,1,3,5,1,1.0,1.0,1.0,1.0,False,density_mixing,bc_jackson2020,motif_apc_t_contact,spatial,shap,2,3,407,1.0,1.0,1.0
mixing::neighbor_fraction__Macrophage__to__T cell,1,3,5,1,1.0,1.0,1.0,1.0,False,density_mixing,bc_jackson2020,motif_apc_t_contact,spatial,shap,2,4,407,1.0,1.0,1.0
mixing::neighbor_fraction__T cell__to__T cell,1,3,5,1,1.0,1.0,1.0,1.0,False,density_mixing,bc_jackson2020,motif_cd8_tumor_contact,spatial,lasso,0,0,408,1.0,1.0,1.0
mixing::neighbor_fraction__T cell__to__T cell,1,3,5,1,1.0,1.0,1.0,1.0,False,density_mixing,bc_jackson2020,motif_cd8_tumor_contact,spatial,lasso,0,1,408,1.0,1.0,1.0
mixing::neighbor_fraction__T cell__to__T cell,1,3,5,1,1.0,1.0,1.0,1.0,False,density_mixing,bc_jackson2020,motif_cd8_tumor_contact,spatial,lasso,0,2,408,1.0,1.0,1.0
mixing::neighbor_fraction__T cell__to__T cell,1,3,5,1,1.0,1.0,1.0,1.0,False,density_mixing,bc_jackson2020,motif_cd8_tumor_contact,spatial,lasso,0,3,408,1.0,1.0,1.0
mixing::neighbor_fraction__T cell__to__T cell,1,3,5,1,1.0,1.0,1.0,1.0,False,density_mixing,bc_jackson2020,motif_cd8_tumor_contact,spatial,lasso,0,4,408,1.0,1.0,1.0
mixing::neighbor_fraction__T cell__to__T cell,1,3,5,1,1.0,1.0,1.0,1.0,False,density_mixing,bc_jackson2020,motif_cd8_tumor_contact,spatial,lasso,1,0,408,1.0,1.0,1.0
mixing::neighbor_fraction__T cell__to__T cell,1,3,5,1,1.0,1.0,1.0,1.0,False,density_mixing,bc_jackson2020,motif_cd8_tumor_contact,spatial,lasso,1,1,408,1.0,1.0,1.0
mixing::neighbor_fraction__T cell__to__T cell,1,3,5,1,1.0,1.0,1.0,1.0,False,density_mixing,bc_jackson2020,motif_cd8_tumor_contact,spatial,lasso,1,2,408,1.0,1.0,1.0
mixing::neighbor_fraction__T cell__to__T cell,1,3,5,1,1.0,1.0,1.0,1.0,False,density_mixing,bc_jackson2020,motif_cd8_tumor_contact,spatial,lasso,1,3,408,1.0,1.0,1.0
mixing::neighbor_fraction__T cell__to__T cell,1,3,5,1,1.0,1.0,1.0,1.0,False,density_mixing,bc_jackson2020,motif_cd8_tumor_contact,spatial,lasso,1,4,408,1.0,1.0,1.0
mixing::neighbor_fraction__T cell__to__T cell,1,3,5,1,1.0,1.0,1.0,1.0,False,density_mixing,bc_jackson2020,motif_cd8_tumor_contact,spatial,lasso,2,0,408,1.0,1.0,1.0
mixing::neighbor_fraction__T cell__to__T cell,1,3,5,1,1.0,1.0,1.0,1.0,False,density_mixing,bc_jackson2020,motif_cd8_tumor_contact,spatial,lasso,2,1,408,1.0,1.0,1.0
mixing::neighbor_fraction__T cell__to__T cell,1,3,5,1,1.0,1.0,1.0,1.0,False,density_mixing,bc_jackson2020,motif_cd8_tumor_contact,spatial,lasso,2,2,408,1.0,1.0,1.0
mixing::neighbor_fraction__T cell__to__T cell,1,3,5,1,1.0,1.0,1.0,1.0,False,density_mixing,bc_jackson2020,motif_cd8_tumor_contact,spatial,lasso,2,3,408,1.0,1.0,1.0
mixing::neighbor_fraction__T cell__to__T cell,1,3,5,1,1.0,1.0,1.0,1.0,False,density_mixing,bc_jackson2020,motif_cd8_tumor_contact,spatial,lasso,2,4,408,1.0,1.0,1.0
mixing::neighbor_fraction__T & B cells__to__Tumor (CK lo HR hi p53+),1,3,5,1,1.0,1.0,1.0,1.0,False,density_mixing,bc_jackson2020,motif_cd8_tumor_contact,spatial,shap,0,0,408,1.0,1.0,1.0
mixing::neighbor_fraction__T cell__to__T cell,1,3,5,1,1.0,1.0,1.0,1.0,False,density_mixing,bc_jackson2020,motif_cd8_tumor_contact,spatial,shap,0,1,408,1.0,1.0,1.0
mixing::neighbor_fraction__T cell__to__T cell,1,3,5,1,1.0,1.0,1.0,1.0,False,density_mixing,bc_jackson2020,motif_cd8_tumor_contact,spatial,shap,0,2,408,1.0,1.0,1.0
mixing::neighbor_fraction__T cell__to__Stromal cells,1,3,5,1,1.0,1.0,1.0,1.0,False,density_mixing,bc_jackson2020,motif_cd8_tumor_contact,spatial,shap,0,3,408,1.0,1.0,1.0
mixing::neighbor_fraction__T cell__to__T cell,1,3,5,1,1.0,1.0,1.0,1.0,False,density_mixing,bc_jackson2020,motif_cd8_tumor_contact,spatial,shap,0,4,408,1.0,1.0,1.0
mixing::neighbor_fraction__T cell__to__T cell,1,3,5,1,1.0,1.0,1.0,1.0,False,density_mixing,bc_jackson2020,motif_cd8_tumor_contact,spatial,shap,1,0,408,1.0,1.0,1.0
mixing::neighbor_fraction__T cell__to__T cell,1,3,4,1,1.0,0.8,1.0,1.0,False,density_mixing,bc_jackson2020,motif_cd8_tumor_contact,spatial,shap,1,1,408,1.0,1.0,0.8
mixing::neighbor_fraction__T cell__to__T cell,1,3,5,1,1.0,1.0,1.0,1.0,False,density_mixing,bc_jackson2020,motif_cd8_tumor_contact,spatial,shap,1,2,408,1.0,1.0,1.0
mixing::local_mixing_std,1,3,5,1,1.0,1.0,1.0,1.0,False,density_mixing,bc_jackson2020,motif_cd8_tumor_contact,spatial,shap,1,3,408,1.0,1.0,1.0
mixing::neighbor_fraction__T cell__to__T cell,1,3,5,1,1.0,1.0,1.0,1.0,False,density_mixing,bc_jackson2020,motif_cd8_tumor_contact,spatial,shap,1,4,408,1.0,1.0,1.0
mixing::neighbor_fraction__T cell__to__T cell,1,3,5,1,1.0,1.0,1.0,1.0,False,density_mixing,bc_jackson2020,motif_cd8_tumor_contact,spatial,shap,2,0,408,1.0,1.0,1.0
mixing::neighbor_fraction__T cell__to__T cell,1,3,5,1,1.0,1.0,1.0,1.0,False,density_mixing,bc_jackson2020,motif_cd8_tumor_contact,spatial,shap,2,1,408,1.0,1.0,1.0
mixing::neighbor_fraction__T cell__to__T cell,1,3,5,1,1.0,1.0,1.0,1.0,False,density_mixing,bc_jackson2020,motif_cd8_tumor_contact,spatial,shap,2,2,408,1.0,1.0,1.0
mixing::neighbor_fraction__T cell__to__T cell,1,3,5,1,1.0,1.0,1.0,1.0,False,density_mixing,bc_jackson2020,motif_cd8_tumor_contact,spatial,shap,2,3,408,1.0,1.0,1.0
mixing::neighbor_fraction__T cell__to__T cell,1,3,5,1,1.0,1.0,1.0,1.0,False,density_mixing,bc_jackson2020,motif_cd8_tumor_contact,spatial,shap,2,4,408,1.0,1.0,1.0
mixing::neighbor_fraction__Macrophage__to__Stromal cells,1,3,5,1,1.0,1.0,1.0,1.0,False,density_mixing,bc_jackson2020,motif_macrophage_tumor_niche,spatial,lasso,0,0,407,1.0,1.0,1.0
mixing::neighbor_fraction__Macrophage__to__Stromal cells,1,3,5,1,1.0,1.0,1.0,1.0,False,density_mixing,bc_jackson2020,motif_macrophage_tumor_niche,spatial,lasso,0,1,407,1.0,1.0,1.0
mixing::neighbor_fraction__Macrophage__to__Stromal cells,1,3,5,1,1.0,1.0,1.0,1.0,False,density_mixing,bc_jackson2020,motif_macrophage_tumor_niche,spatial,lasso,0,2,407,1.0,1.0,1.0
mixing::neighbor_fraction__Macrophage__to__Stromal cells,1,3,4,1,1.0,0.8,1.0,1.0,False,density_mixing,bc_jackson2020,motif_macrophage_tumor_niche,spatial,lasso,0,3,407,1.0,1.0,0.8
mixing::neighbor_fraction__Macrophage__to__Stromal cells,1,3,5,1,1.0,1.0,1.0,1.0,False,density_mixing,bc_jackson2020,motif_macrophage_tumor_niche,spatial,lasso,0,4,407,1.0,1.0,1.0
mixing::neighbor_fraction__Macrophage__to__Stromal cells,1,3,5,1,1.0,1.0,1.0,1.0,False,density_mixing,bc_jackson2020,motif_macrophage_tumor_niche,spatial,lasso,1,0,407,1.0,1.0,1.0
mixing::neighbor_fraction__Macrophage__to__Stromal cells,1,3,5,1,1.0,1.0,1.0,1.0,False,density_mixing,bc_jackson2020,motif_macrophage_tumor_niche,spatial,lasso,1,1,407,1.0,1.0,1.0
mixing::neighbor_fraction__Macrophage__to__Stromal cells,1,3,5,1,1.0,1.0,1.0,1.0,False,density_mixing,bc_jackson2020,motif_macrophage_tumor_niche,spatial,lasso,1,2,407,1.0,1.0,1.0
mixing::neighbor_fraction__Macrophage__to__Stromal cells,1,2,4,1,0.6666666666666666,0.8,1.0,1.0,False,density_mixing,bc_jackson2020,motif_macrophage_tumor_niche,spatial,lasso,1,3,407,1.0,0.6666666666666666,0.8
mixing::neighbor_fraction__Macrophage__to__Stromal cells,1,3,5,1,1.0,1.0,1.0,1.0,False,density_mixing,bc_jackson2020,motif_macrophage_tumor_niche,spatial,lasso,1,4,407,1.0,1.0,1.0
mixing::neighbor_fraction__Macrophage__to__Stromal cells,1,3,5,1,1.0,1.0,1.0,1.0,False,density_mixing,bc_jackson2020,motif_macrophage_tumor_niche,spatial,lasso,2,0,407,1.0,1.0,1.0
mixing::neighbor_fraction__Macrophage__to__Stromal cells,1,3,5,1,1.0,1.0,1.0,1.0,False,density_mixing,bc_jackson2020,motif_macrophage_tumor_niche,spatial,lasso,2,1,407,1.0,1.0,1.0
mixing::neighbor_fraction__Macrophage__to__Stromal cells,1,3,5,1,1.0,1.0,1.0,1.0,False,density_mixing,bc_jackson2020,motif_macrophage_tumor_niche,spatial,lasso,2,2,407,1.0,1.0,1.0
mixing::neighbor_fraction__Macrophage__to__Stromal cells,1,2,4,1,0.6666666666666666,0.8,1.0,1.0,False,density_mixing,bc_jackson2020,motif_macrophage_tumor_niche,spatial,lasso,2,3,407,1.0,0.6666666666666666,0.8
mixing::neighbor_fraction__Macrophage__to__Stromal cells,1,3,5,1,1.0,1.0,1.0,1.0,False,density_mixing,bc_jackson2020,motif_macrophage_tumor_niche,spatial,lasso,2,4,407,1.0,1.0,1.0
mixing::neighbor_fraction__Macrophage__to__Stromal cells,1,3,5,1,1.0,1.0,1.0,1.0,False,density_mixing,bc_jackson2020,motif_macrophage_tumor_niche,spatial,shap,0,0,407,1.0,1.0,1.0
mixing::neighbor_fraction__Macrophage__to__Stromal cells,1,3,5,1,1.0,1.0,1.0,1.0,False,density_mixing,bc_jackson2020,motif_macrophage_tumor_niche,spatial,shap,0,1,407,1.0,1.0,1.0
mixing::neighbor_fraction__Endothelial__to__Tumor (CK lo HR hi p53+),1,3,5,1,1.0,1.0,1.0,1.0,False,density_mixing,bc_jackson2020,motif_macrophage_tumor_niche,spatial,shap,0,2,407,1.0,1.0,1.0
mixing::neighbor_fraction__Macrophage__to__Stromal cells,1,2,4,1,0.6666666666666666,0.8,1.0,1.0,False,density_mixing,bc_jackson2020,motif_macrophage_tumor_niche,spatial,shap,0,3,407,1.0,0.6666666666666666,0.8
mixing::neighbor_fraction__Macrophage__to__Stromal cells,1,3,5,1,1.0,1.0,1.0,1.0,False,density_mixing,bc_jackson2020,motif_macrophage_tumor_niche,spatial,shap,0,4,407,1.0,1.0,1.0
mixing::neighbor_fraction__Macrophage__to__Stromal cells,1,3,5,1,1.0,1.0,1.0,1.0,False,density_mixing,bc_jackson2020,motif_macrophage_tumor_niche,spatial,shap,1,0,407,1.0,1.0,1.0
mixing::neighbor_fraction__Macrophage__to__Stromal cells,1,3,5,1,1.0,1.0,1.0,1.0,False,density_mixing,bc_jackson2020,motif_macrophage_tumor_niche,spatial,shap,1,1,407,1.0,1.0,1.0
mixing::neighbor_fraction__Macrophage__to__Stromal cells,1,3,5,1,1.0,1.0,1.0,1.0,False,density_mixing,bc_jackson2020,motif_macrophage_tumor_niche,spatial,shap,1,2,407,1.0,1.0,1.0
mixing::neighbor_fraction__Macrophage__to__Stromal cells,1,3,4,1,1.0,0.8,1.0,1.0,False,density_mixing,bc_jackson2020,motif_macrophage_tumor_niche,spatial,shap,1,3,407,1.0,1.0,0.8
mixing::neighbor_fraction__Macrophage__to__T cell,1,3,5,1,1.0,1.0,1.0,1.0,False,density_mixing,bc_jackson2020,motif_macrophage_tumor_niche,spatial,shap,1,4,407,1.0,1.0,1.0
mixing::neighbor_fraction__Endothelial__to__Tumor (CK lo HR hi p53+),1,3,5,1,1.0,1.0,1.0,1.0,False,density_mixing,bc_jackson2020,motif_macrophage_tumor_niche,spatial,shap,2,0,407,1.0,1.0,1.0
mixing::neighbor_fraction__Macrophage__to__Stromal cells,1,3,5,1,1.0,1.0,1.0,1.0,False,density_mixing,bc_jackson2020,motif_macrophage_tumor_niche,spatial,shap,2,1,407,1.0,1.0,1.0
mixing::neighbor_fraction__Macrophage__to__Stromal cells,1,2,4,1,0.6666666666666666,0.8,1.0,1.0,False,density_mixing,bc_jackson2020,motif_macrophage_tumor_niche,spatial,shap,2,2,407,1.0,0.6666666666666666,0.8
mixing::neighbor_fraction__Macrophage__to__Stromal cells,1,3,5,1,1.0,1.0,1.0,1.0,False,density_mixing,bc_jackson2020,motif_macrophage_tumor_niche,spatial,shap,2,3,407,1.0,1.0,1.0
mixing::neighbor_fraction__Macrophage__to__Stromal cells,1,3,5,1,1.0,1.0,1.0,1.0,False,density_mixing,bc_jackson2020,motif_macrophage_tumor_niche,spatial,shap,2,4,407,1.0,1.0,1.0
mixing::neighbor_fraction__T cell__to__T cell,1,3,5,1,1.0,1.0,1.0,1.0,False,density_mixing,bc_jackson2020,motif_t_tumor_mixing,spatial,lasso,0,0,407,1.0,1.0,1.0
mixing::neighbor_fraction__T cell__to__T cell,1,3,5,1,1.0,1.0,1.0,1.0,False,density_mixing,bc_jackson2020,motif_t_tumor_mixing,spatial,lasso,0,1,407,1.0,1.0,1.0
mixing::neighbor_fraction__T cell__to__T cell,1,3,5,1,1.0,1.0,1.0,1.0,False,density_mixing,bc_jackson2020,motif_t_tumor_mixing,spatial,lasso,0,2,407,1.0,1.0,1.0
mixing::neighbor_fraction__T cell__to__T cell,1,3,5,1,1.0,1.0,1.0,1.0,False,density_mixing,bc_jackson2020,motif_t_tumor_mixing,spatial,lasso,0,3,407,1.0,1.0,1.0
mixing::neighbor_fraction__T cell__to__T cell,1,3,5,1,1.0,1.0,1.0,1.0,False,density_mixing,bc_jackson2020,motif_t_tumor_mixing,spatial,lasso,0,4,407,1.0,1.0,1.0
mixing::neighbor_fraction__T cell__to__T cell,1,3,5,1,1.0,1.0,1.0,1.0,False,density_mixing,bc_jackson2020,motif_t_tumor_mixing,spatial,lasso,1,0,407,1.0,1.0,1.0
mixing::neighbor_fraction__T cell__to__T cell,1,3,5,1,1.0,1.0,1.0,1.0,False,density_mixing,bc_jackson2020,motif_t_tumor_mixing,spatial,lasso,1,1,407,1.0,1.0,1.0
mixing::neighbor_fraction__T cell__to__T cell,1,3,5,1,1.0,1.0,1.0,1.0,False,density_mixing,bc_jackson2020,motif_t_tumor_mixing,spatial,lasso,1,2,407,1.0,1.0,1.0
mixing::neighbor_fraction__T cell__to__T cell,1,3,5,1,1.0,1.0,1.0,1.0,False,density_mixing,bc_jackson2020,motif_t_tumor_mixing,spatial,lasso,1,3,407,1.0,1.0,1.0
mixing::neighbor_fraction__T cell__to__T cell,1,3,5,1,1.0,1.0,1.0,1.0,False,density_mixing,bc_jackson2020,motif_t_tumor_mixing,spatial,lasso,1,4,407,1.0,1.0,1.0
mixing::neighbor_fraction__T cell__to__T cell,1,3,5,1,1.0,1.0,1.0,1.0,False,density_mixing,bc_jackson2020,motif_t_tumor_mixing,spatial,lasso,2,0,407,1.0,1.0,1.0
mixing::neighbor_fraction__T cell__to__T cell,1,3,5,1,1.0,1.0,1.0,1.0,False,density_mixing,bc_jackson2020,motif_t_tumor_mixing,spatial,lasso,2,1,407,1.0,1.0,1.0
mixing::neighbor_fraction__T cell__to__T cell,1,3,5,1,1.0,1.0,1.0,1.0,False,density_mixing,bc_jackson2020,motif_t_tumor_mixing,spatial,lasso,2,2,407,1.0,1.0,1.0
mixing::neighbor_fraction__T cell__to__T cell,1,3,5,1,1.0,1.0,1.0,1.0,False,density_mixing,bc_jackson2020,motif_t_tumor_mixing,spatial,lasso,2,3,407,1.0,1.0,1.0
mixing::neighbor_fraction__T cell__to__T cell,1,3,5,1,1.0,1.0,1.0,1.0,False,density_mixing,bc_jackson2020,motif_t_tumor_mixing,spatial,lasso,2,4,407,1.0,1.0,1.0
mixing::neighbor_fraction__T cell__to__T cell,1,3,5,1,1.0,1.0,1.0,1.0,False,density_mixing,bc_jackson2020,motif_t_tumor_mixing,spatial,shap,0,0,407,1.0,1.0,1.0
mixing::neighbor_fraction__T cell__to__T cell,1,3,4,1,1.0,0.8,1.0,1.0,False,density_mixing,bc_jackson2020,motif_t_tumor_mixing,spatial,shap,0,1,407,1.0,1.0,0.8
mixing::neighbor_fraction__T cell__to__T cell,1,3,5,1,1.0,1.0,1.0,1.0,False,density_mixing,bc_jackson2020,motif_t_tumor_mixing,spatial,shap,0,2,407,1.0,1.0,1.0
mixing::shannon_entropy_global,1,3,5,1,1.0,1.0,1.0,1.0,False,density_mixing,bc_jackson2020,motif_t_tumor_mixing,spatial,shap,0,3,407,1.0,1.0,1.0
mixing::neighbor_fraction__T cell__to__T cell,1,3,5,1,1.0,1.0,1.0,1.0,False,density_mixing,bc_jackson2020,motif_t_tumor_mixing,spatial,shap,0,4,407,1.0,1.0,1.0
mixing::neighbor_fraction__T cell__to__T cell,1,3,5,1,1.0,1.0,1.0,1.0,False,density_mixing,bc_jackson2020,motif_t_tumor_mixing,spatial,shap,1,0,407,1.0,1.0,1.0
mixing::neighbor_fraction__T cell__to__T cell,1,3,5,1,1.0,1.0,1.0,1.0,False,density_mixing,bc_jackson2020,motif_t_tumor_mixing,spatial,shap,1,1,407,1.0,1.0,1.0
mixing::neighbor_fraction__T cell__to__T cell,1,3,5,1,1.0,1.0,1.0,1.0,False,density_mixing,bc_jackson2020,motif_t_tumor_mixing,spatial,shap,1,2,407,1.0,1.0,1.0
mixing::neighbor_fraction__T cell__to__Stromal cells,1,3,5,1,1.0,1.0,1.0,1.0,False,density_mixing,bc_jackson2020,motif_t_tumor_mixing,spatial,shap,1,3,407,1.0,1.0,1.0
mixing::neighbor_fraction__T cell__to__T cell,1,3,5,1,1.0,1.0,1.0,1.0,False,density_mixing,bc_jackson2020,motif_t_tumor_mixing,spatial,shap,1,4,407,1.0,1.0,1.0
mixing::neighbor_fraction__T cell__to__T cell,1,3,5,1,1.0,1.0,1.0,1.0,False,density_mixing,bc_jackson2020,motif_t_tumor_mixing,spatial,shap,2,0,407,1.0,1.0,1.0
mixing::neighbor_fraction__Endothelial__to__Tumor (CK lo HR hi p53+),1,3,5,1,1.0,1.0,1.0,1.0,False,density_mixing,bc_jackson2020,motif_t_tumor_mixing,spatial,shap,2,1,407,1.0,1.0,1.0
mixing::neighbor_fraction__T cell__to__T cell,1,3,5,1,1.0,1.0,1.0,1.0,False,density_mixing,bc_jackson2020,motif_t_tumor_mixing,spatial,shap,2,2,407,1.0,1.0,1.0
mixing::neighbor_fraction__T cell__to__T cell,1,3,5,1,1.0,1.0,1.0,1.0,False,density_mixing,bc_jackson2020,motif_t_tumor_mixing,spatial,shap,2,3,407,1.0,1.0,1.0
mixing::neighbor_fraction__T cell__to__T cell,1,3,5,1,1.0,1.0,1.0,1.0,False,density_mixing,bc_jackson2020,motif_t_tumor_mixing,spatial,shap,2,4,407,1.0,1.0,1.0
density::tumor_area_ratio,1,1,1,1,0.3333333333333333,0.2,1.0,1.0,False,density_mixing,bc_jackson2020,motif_tumor_high,control,lasso,0,0,15,1.0,0.3333333333333333,0.2
density::tumor_area_ratio,1,1,1,1,0.3333333333333333,0.2,1.0,1.0,False,density_mixing,bc_jackson2020,motif_tumor_high,control,lasso,0,1,15,1.0,0.3333333333333333,0.2
density::tumor_area_ratio,1,1,1,1,0.3333333333333333,0.2,1.0,1.0,False,density_mixing,bc_jackson2020,motif_tumor_high,control,lasso,0,2,15,1.0,0.3333333333333333,0.2
density::tumor_area_ratio,1,1,1,1,0.3333333333333333,0.2,1.0,1.0,False,density_mixing,bc_jackson2020,motif_tumor_high,control,lasso,0,3,15,1.0,0.3333333333333333,0.2
density::tumor_area_ratio,1,1,1,1,0.3333333333333333,0.2,1.0,1.0,False,density_mixing,bc_jackson2020,motif_tumor_high,control,lasso,0,4,15,1.0,0.3333333333333333,0.2
density::tumor_area_ratio,1,1,1,1,0.3333333333333333,0.2,1.0,1.0,False,density_mixing,bc_jackson2020,motif_tumor_high,control,lasso,1,0,15,1.0,0.3333333333333333,0.2
density::tumor_area_ratio,1,1,1,1,0.3333333333333333,0.2,1.0,1.0,False,density_mixing,bc_jackson2020,motif_tumor_high,control,lasso,1,1,15,1.0,0.3333333333333333,0.2
density::tumor_area_ratio,1,1,1,1,0.3333333333333333,0.2,1.0,1.0,False,density_mixing,bc_jackson2020,motif_tumor_high,control,lasso,1,2,15,1.0,0.3333333333333333,0.2
density::tumor_area_ratio,1,1,1,1,0.3333333333333333,0.2,1.0,1.0,False,density_mixing,bc_jackson2020,motif_tumor_high,control,lasso,1,3,15,1.0,0.3333333333333333,0.2
density::tumor_area_ratio,1,1,1,1,0.3333333333333333,0.2,1.0,1.0,False,density_mixing,bc_jackson2020,motif_tumor_high,control,lasso,1,4,15,1.0,0.3333333333333333,0.2
density::tumor_area_ratio,1,1,1,1,0.3333333333333333,0.2,1.0,1.0,False,density_mixing,bc_jackson2020,motif_tumor_high,control,lasso,2,0,15,1.0,0.3333333333333333,0.2
density::tumor_area_ratio,1,1,1,1,0.3333333333333333,0.2,1.0,1.0,False,density_mixing,bc_jackson2020,motif_tumor_high,control,lasso,2,1,15,1.0,0.3333333333333333,0.2
density::tumor_area_ratio,1,1,2,1,0.3333333333333333,0.4,1.0,1.0,False,density_mixing,bc_jackson2020,motif_tumor_high,control,lasso,2,2,15,1.0,0.3333333333333333,0.4
density::tumor_area_ratio,1,1,1,1,0.3333333333333333,0.2,1.0,1.0,False,density_mixing,bc_jackson2020,motif_tumor_high,control,lasso,2,3,15,1.0,0.3333333333333333,0.2
density::tumor_area_ratio,1,1,1,1,0.3333333333333333,0.2,1.0,1.0,False,density_mixing,bc_jackson2020,motif_tumor_high,control,lasso,2,4,15,1.0,0.3333333333333333,0.2
density::tumor_area_ratio,1,1,1,1,0.3333333333333333,0.2,1.0,1.0,False,density_mixing,bc_jackson2020,motif_tumor_high,control,shap,0,0,15,1.0,0.3333333333333333,0.2
density::tumor_area_ratio,1,1,1,1,0.3333333333333333,0.2,1.0,1.0,False,density_mixing,bc_jackson2020,motif_tumor_high,control,shap,0,1,15,1.0,0.3333333333333333,0.2
density::tumor_area_ratio,1,1,1,1,0.3333333333333333,0.2,1.0,1.0,False,density_mixing,bc_jackson2020,motif_tumor_high,control,shap,0,2,15,1.0,0.3333333333333333,0.2
density::tumor_area_ratio,1,1,1,1,0.3333333333333333,0.2,1.0,1.0,False,density_mixing,bc_jackson2020,motif_tumor_high,control,shap,0,3,15,1.0,0.3333333333333333,0.2
density::tumor_area_ratio,1,1,1,1,0.3333333333333333,0.2,1.0,1.0,False,density_mixing,bc_jackson2020,motif_tumor_high,control,shap,0,4,15,1.0,0.3333333333333333,0.2
density::tumor_area_ratio,1,1,1,1,0.3333333333333333,0.2,1.0,1.0,False,density_mixing,bc_jackson2020,motif_tumor_high,control,shap,1,0,15,1.0,0.3333333333333333,0.2
density::tumor_area_ratio,1,1,1,1,0.3333333333333333,0.2,1.0,1.0,False,density_mixing,bc_jackson2020,motif_tumor_high,control,shap,1,1,15,1.0,0.3333333333333333,0.2
density::tumor_area_ratio,1,1,1,1,0.3333333333333333,0.2,1.0,1.0,False,density_mixing,bc_jackson2020,motif_tumor_high,control,shap,1,2,15,1.0,0.3333333333333333,0.2
mixing::neighbor_fraction__Tumor (CK7+)__to__Tumor (p53+ EGFR+),0,1,1,0,0.3333333333333333,0.2,0.5,2.0,False,density_mixing,bc_jackson2020,motif_tumor_high,control,shap,1,3,15,0.0,0.3333333333333333,0.2
density::tumor_area_ratio,1,1,1,1,0.3333333333333333,0.2,1.0,1.0,False,density_mixing,bc_jackson2020,motif_tumor_high,control,shap,1,4,15,1.0,0.3333333333333333,0.2
density::tumor_area_ratio,1,1,1,1,0.3333333333333333,0.2,1.0,1.0,False,density_mixing,bc_jackson2020,motif_tumor_high,control,shap,2,0,15,1.0,0.3333333333333333,0.2
density::tumor_area_ratio,1,1,1,1,0.3333333333333333,0.2,1.0,1.0,False,density_mixing,bc_jackson2020,motif_tumor_high,control,shap,2,1,15,1.0,0.3333333333333333,0.2
density::tumor_area_ratio,1,1,1,1,0.3333333333333333,0.2,1.0,1.0,False,density_mixing,bc_jackson2020,motif_tumor_high,control,shap,2,2,15,1.0,0.3333333333333333,0.2
density::tumor_area_ratio,1,1,1,1,0.3333333333333333,0.2,1.0,1.0,False,density_mixing,bc_jackson2020,motif_tumor_high,control,shap,2,3,15,1.0,0.3333333333333333,0.2
density::tumor_area_ratio,1,1,1,1,0.3333333333333333,0.2,1.0,1.0,False,density_mixing,bc_jackson2020,motif_tumor_high,control,shap,2,4,15,1.0,0.3333333333333333,0.2
mixing::neighbor_fraction__HR+ CK7- Slug+__to__HRlow CKlow,0,0,0,0,0.0,0.0,0.0,,False,density_mixing,bc_metabric_ali2020,motif_interface_immune,spatial,lasso,0,0,4,0.0,0.0,0.0
mixing::neighbor_fraction__B cells__to__Basal CKlow,0,0,0,0,0.0,0.0,0.0,,False,density_mixing,bc_metabric_ali2020,motif_interface_immune,spatial,lasso,0,1,4,0.0,0.0,0.0
mixing::neighbor_fraction__B cells__to__Fibroblasts,0,0,0,0,0.0,0.0,0.0,,False,density_mixing,bc_metabric_ali2020,motif_interface_immune,spatial,lasso,0,2,4,0.0,0.0,0.0
mixing::neighbor_fraction__Vascular SMA+__to__T cells,0,0,0,0,0.0,0.0,0.0,,False,density_mixing,bc_metabric_ali2020,motif_interface_immune,spatial,lasso,0,3,4,0.0,0.0,0.0
mixing::neighbor_fraction__Vascular SMA+__to__T cells,0,0,0,0,0.0,0.0,0.0,,False,density_mixing,bc_metabric_ali2020,motif_interface_immune,spatial,lasso,0,4,4,0.0,0.0,0.0
mixing::neighbor_fraction__HER2+__to__HRlow CKlow,0,0,0,0,0.0,0.0,0.0,,False,density_mixing,bc_metabric_ali2020,motif_interface_immune,spatial,lasso,1,0,4,0.0,0.0,0.0
mixing::neighbor_fraction__HR+ CK7- Slug+__to__HRlow CKlow,0,0,0,0,0.0,0.0,0.0,,False,density_mixing,bc_metabric_ali2020,motif_interface_immune,spatial,lasso,1,1,4,0.0,0.0,0.0
mixing::neighbor_fraction__HR- CK7-__to__Macrophages Vim+ Slug+,0,0,0,0,0.0,0.0,0.0,,False,density_mixing,bc_metabric_ali2020,motif_interface_immune,spatial,lasso,1,2,4,0.0,0.0,0.0
mixing::neighbor_fraction__Basal CKlow__to__Myofibroblasts,0,0,0,0,0.0,0.0,0.0,,False,density_mixing,bc_metabric_ali2020,motif_interface_immune,spatial,lasso,1,3,4,0.0,0.0,0.0
mixing::neighbor_fraction__B cells__to__Basal CKlow,0,0,0,0,0.0,0.0,0.0,,False,density_mixing,bc_metabric_ali2020,motif_interface_immune,spatial,lasso,1,4,4,0.0,0.0,0.0
mixing::neighbor_fraction__Vascular SMA+__to__T cells,0,0,0,0,0.0,0.0,0.0,,False,density_mixing,bc_metabric_ali2020,motif_interface_immune,spatial,lasso,2,0,4,0.0,0.0,0.0
mixing::neighbor_fraction__Vascular SMA+__to__T cells,0,0,0,0,0.0,0.0,0.0,,False,density_mixing,bc_metabric_ali2020,motif_interface_immune,spatial,lasso,2,1,4,0.0,0.0,0.0
mixing::neighbor_fraction__HR- CK7-__to__Macrophages Vim+ Slug+,0,0,0,0,0.0,0.0,0.0,,False,density_mixing,bc_metabric_ali2020,motif_interface_immune,spatial,lasso,2,2,4,0.0,0.0,0.0
mixing::neighbor_fraction__Macrophages Vim+ Slug+__to__HR- CK7-,0,0,0,0,0.0,0.0,0.0,,False,density_mixing,bc_metabric_ali2020,motif_interface_immune,spatial,lasso,2,3,4,0.0,0.0,0.0
mixing::neighbor_fraction__HR+ CK7-__to__HRlow CKlow,0,0,0,0,0.0,0.0,0.0,,False,density_mixing,bc_metabric_ali2020,motif_interface_immune,spatial,lasso,2,4,4,0.0,0.0,0.0
mixing::neighbor_fraction__HR+ CK7-__to__HRlow CKlow,0,0,0,0,0.0,0.0,0.0,,False,density_mixing,bc_metabric_ali2020,motif_interface_immune,spatial,shap,0,0,4,0.0,0.0,0.0
mixing::neighbor_fraction__HR- CK7+__to__Macrophages Vim+ Slug+,0,0,0,0,0.0,0.0,0.0,,False,density_mixing,bc_metabric_ali2020,motif_interface_immune,spatial,shap,0,1,4,0.0,0.0,0.0
mixing::neighbor_fraction__Vascular SMA+__to__Hypoxia,0,0,0,0,0.0,0.0,0.0,,False,density_mixing,bc_metabric_ali2020,motif_interface_immune,spatial,shap,0,2,4,0.0,0.0,0.0
mixing::neighbor_fraction__B cells__to__Hypoxia,0,0,0,0,0.0,0.0,0.0,,False,density_mixing,bc_metabric_ali2020,motif_interface_immune,spatial,shap,0,3,4,0.0,0.0,0.0
mixing::neighbor_fraction__Hypoxia__to__B cells,0,0,0,0,0.0,0.0,0.0,,False,density_mixing,bc_metabric_ali2020,motif_interface_immune,spatial,shap,0,4,4,0.0,0.0,0.0
mixing::neighbor_fraction__HRlow CKlow__to__HR+ CK7-,0,0,0,0,0.0,0.0,0.0,,False,density_mixing,bc_metabric_ali2020,motif_interface_immune,spatial,shap,1,0,4,0.0,0.0,0.0
mixing::neighbor_fraction__Hypoxia__to__B cells,0,0,0,0,0.0,0.0,0.0,,False,density_mixing,bc_metabric_ali2020,motif_interface_immune,spatial,shap,1,1,4,0.0,0.0,0.0
mixing::neighbor_fraction__Myoepithelial__to__HR+ CK7- Ki67+,0,0,0,0,0.0,0.0,0.0,,False,density_mixing,bc_metabric_ali2020,motif_interface_immune,spatial,shap,1,2,4,0.0,0.0,0.0
mixing::neighbor_fraction__B cells__to__Hypoxia,0,0,0,0,0.0,0.0,0.0,,False,density_mixing,bc_metabric_ali2020,motif_interface_immune,spatial,shap,1,3,4,0.0,0.0,0.0
mixing::neighbor_fraction__HR- CK7-__to__Macrophages Vim+ Slug+,0,0,0,0,0.0,0.0,0.0,,False,density_mixing,bc_metabric_ali2020,motif_interface_immune,spatial,shap,1,4,4,0.0,0.0,0.0
mixing::neighbor_fraction__HR- Ki67+__to__Basal CKlow,0,0,0,0,0.0,0.0,0.0,,False,density_mixing,bc_metabric_ali2020,motif_interface_immune,spatial,shap,2,0,4,0.0,0.0,0.0
mixing::neighbor_fraction__HR+ CK7- Slug+__to__Hypoxia,0,0,0,0,0.0,0.0,0.0,,False,density_mixing,bc_metabric_ali2020,motif_interface_immune,spatial,shap,2,1,4,0.0,0.0,0.0
mixing::neighbor_fraction__Hypoxia__to__B cells,0,0,0,0,0.0,0.0,0.0,,False,density_mixing,bc_metabric_ali2020,motif_interface_immune,spatial,shap,2,2,4,0.0,0.0,0.0
mixing::neighbor_fraction__HR+ CK7- Ki67+__to__Macrophages Vim+ Slug+,0,0,0,0,0.0,0.0,0.0,,False,density_mixing,bc_metabric_ali2020,motif_interface_immune,spatial,shap,2,3,4,0.0,0.0,0.0
mixing::neighbor_fraction__B cells__to__Hypoxia,0,0,0,0,0.0,0.0,0.0,,False,density_mixing,bc_metabric_ali2020,motif_interface_immune,spatial,shap,2,4,4,0.0,0.0,0.0
mixing::shannon_entropy_global,1,3,5,1,1.0,1.0,1.0,1.0,False,density_mixing,bc_metabric_ali2020,motif_tumor_stroma_mixing,spatial,lasso,0,0,491,1.0,1.0,1.0
mixing::shannon_entropy_normalized,1,3,5,1,1.0,1.0,1.0,1.0,False,density_mixing,bc_metabric_ali2020,motif_tumor_stroma_mixing,spatial,lasso,0,1,491,1.0,1.0,1.0
mixing::shannon_entropy_normalized,1,3,5,1,1.0,1.0,1.0,1.0,False,density_mixing,bc_metabric_ali2020,motif_tumor_stroma_mixing,spatial,lasso,0,2,491,1.0,1.0,1.0
mixing::shannon_entropy_global,1,3,5,1,1.0,1.0,1.0,1.0,False,density_mixing,bc_metabric_ali2020,motif_tumor_stroma_mixing,spatial,lasso,0,3,491,1.0,1.0,1.0
mixing::shannon_entropy_normalized,1,3,5,1,1.0,1.0,1.0,1.0,False,density_mixing,bc_metabric_ali2020,motif_tumor_stroma_mixing,spatial,lasso,0,4,491,1.0,1.0,1.0
mixing::shannon_entropy_normalized,1,3,5,1,1.0,1.0,1.0,1.0,False,density_mixing,bc_metabric_ali2020,motif_tumor_stroma_mixing,spatial,lasso,1,0,491,1.0,1.0,1.0
mixing::shannon_entropy_normalized,1,3,5,1,1.0,1.0,1.0,1.0,False,density_mixing,bc_metabric_ali2020,motif_tumor_stroma_mixing,spatial,lasso,1,1,491,1.0,1.0,1.0
mixing::shannon_entropy_normalized,1,3,4,1,1.0,0.8,1.0,1.0,False,density_mixing,bc_metabric_ali2020,motif_tumor_stroma_mixing,spatial,lasso,1,2,491,1.0,1.0,0.8
mixing::shannon_entropy_global,1,3,4,1,1.0,0.8,1.0,1.0,False,density_mixing,bc_metabric_ali2020,motif_tumor_stroma_mixing,spatial,lasso,1,3,491,1.0,1.0,0.8
mixing::shannon_entropy_global,1,3,5,1,1.0,1.0,1.0,1.0,False,density_mixing,bc_metabric_ali2020,motif_tumor_stroma_mixing,spatial,lasso,1,4,491,1.0,1.0,1.0
mixing::shannon_entropy_global,1,3,4,1,1.0,0.8,1.0,1.0,False,density_mixing,bc_metabric_ali2020,motif_tumor_stroma_mixing,spatial,lasso,2,0,491,1.0,1.0,0.8
mixing::shannon_entropy_global,1,3,5,1,1.0,1.0,1.0,1.0,False,density_mixing,bc_metabric_ali2020,motif_tumor_stroma_mixing,spatial,lasso,2,1,491,1.0,1.0,1.0
mixing::shannon_entropy_normalized,1,3,5,1,1.0,1.0,1.0,1.0,False,density_mixing,bc_metabric_ali2020,motif_tumor_stroma_mixing,spatial,lasso,2,2,491,1.0,1.0,1.0
mixing::shannon_entropy_normalized,1,3,5,1,1.0,1.0,1.0,1.0,False,density_mixing,bc_metabric_ali2020,motif_tumor_stroma_mixing,spatial,lasso,2,3,491,1.0,1.0,1.0
mixing::shannon_entropy_normalized,1,3,5,1,1.0,1.0,1.0,1.0,False,density_mixing,bc_metabric_ali2020,motif_tumor_stroma_mixing,spatial,lasso,2,4,491,1.0,1.0,1.0
mixing::shannon_entropy_global,1,3,4,1,1.0,0.8,1.0,1.0,False,density_mixing,bc_metabric_ali2020,motif_tumor_stroma_mixing,spatial,shap,0,0,491,1.0,1.0,0.8
mixing::neighbor_fraction__B cells__to__HR+ CK7- Slug+,1,3,5,1,1.0,1.0,1.0,1.0,False,density_mixing,bc_metabric_ali2020,motif_tumor_stroma_mixing,spatial,shap,0,1,491,1.0,1.0,1.0
mixing::shannon_entropy_normalized,1,3,5,1,1.0,1.0,1.0,1.0,False,density_mixing,bc_metabric_ali2020,motif_tumor_stroma_mixing,spatial,shap,0,2,491,1.0,1.0,1.0
mixing::neighbor_fraction__HR+ CK7- Slug+__to__B cells,1,3,5,1,1.0,1.0,1.0,1.0,False,density_mixing,bc_metabric_ali2020,motif_tumor_stroma_mixing,spatial,shap,0,3,491,1.0,1.0,1.0
mixing::neighbor_fraction__Hypoxia__to__B cells,1,3,5,1,1.0,1.0,1.0,1.0,False,density_mixing,bc_metabric_ali2020,motif_tumor_stroma_mixing,spatial,shap,0,4,491,1.0,1.0,1.0
mixing::shannon_entropy_global,1,3,5,1,1.0,1.0,1.0,1.0,False,density_mixing,bc_metabric_ali2020,motif_tumor_stroma_mixing,spatial,shap,1,0,491,1.0,1.0,1.0
mixing::neighbor_fraction__B cells__to__HR+ CK7- Slug+,1,3,5,1,1.0,1.0,1.0,1.0,False,density_mixing,bc_metabric_ali2020,motif_tumor_stroma_mixing,spatial,shap,1,1,491,1.0,1.0,1.0
mixing::shannon_entropy_global,1,2,3,1,0.6666666666666666,0.6,1.0,1.0,False,density_mixing,bc_metabric_ali2020,motif_tumor_stroma_mixing,spatial,shap,1,2,491,1.0,0.6666666666666666,0.6
mixing::neighbor_fraction__HR+ CK7-__to__Hypoxia,1,3,5,1,1.0,1.0,1.0,1.0,False,density_mixing,bc_metabric_ali2020,motif_tumor_stroma_mixing,spatial,shap,1,3,491,1.0,1.0,1.0
mixing::shannon_entropy_normalized,1,3,5,1,1.0,1.0,1.0,1.0,False,density_mixing,bc_metabric_ali2020,motif_tumor_stroma_mixing,spatial,shap,1,4,491,1.0,1.0,1.0
mixing::shannon_entropy_global,1,3,4,1,1.0,0.8,1.0,1.0,False,density_mixing,bc_metabric_ali2020,motif_tumor_stroma_mixing,spatial,shap,2,0,491,1.0,1.0,0.8
mixing::shannon_entropy_global,1,3,5,1,1.0,1.0,1.0,1.0,False,density_mixing,bc_metabric_ali2020,motif_tumor_stroma_mixing,spatial,shap,2,1,491,1.0,1.0,1.0
mixing::shannon_entropy_global,1,3,5,1,1.0,1.0,1.0,1.0,False,density_mixing,bc_metabric_ali2020,motif_tumor_stroma_mixing,spatial,shap,2,2,491,1.0,1.0,1.0
mixing::shannon_entropy_normalized,1,3,5,1,1.0,1.0,1.0,1.0,False,density_mixing,bc_metabric_ali2020,motif_tumor_stroma_mixing,spatial,shap,2,3,491,1.0,1.0,1.0
mixing::shannon_entropy_global,1,3,5,1,1.0,1.0,1.0,1.0,False,density_mixing,bc_metabric_ali2020,motif_tumor_stroma_mixing,spatial,shap,2,4,491,1.0,1.0,1.0
mixing::neighbor_fraction__CD8 T cell__to__CD8 T cell,1,1,2,1,0.3333333333333333,0.4,1.0,1.0,False,density_mixing,hnc_wu2022,motif_cd8_clustering,spatial,lasso,0,0,9,1.0,0.3333333333333333,0.4
mixing::neighbor_fraction__CD8 T cell__to__CD8 T cell,1,2,2,1,0.6666666666666666,0.4,1.0,1.0,False,density_mixing,hnc_wu2022,motif_cd8_clustering,spatial,lasso,0,1,9,1.0,0.6666666666666666,0.4
mixing::neighbor_fraction__CD8 T cell__to__CD8 T cell,1,2,2,1,0.6666666666666666,0.4,1.0,1.0,False,density_mixing,hnc_wu2022,motif_cd8_clustering,spatial,lasso,0,2,9,1.0,0.6666666666666666,0.4
mixing::neighbor_fraction__CD8 T cell__to__CD8 T cell,1,2,2,1,0.6666666666666666,0.4,1.0,1.0,False,density_mixing,hnc_wu2022,motif_cd8_clustering,spatial,lasso,0,3,9,1.0,0.6666666666666666,0.4
mixing::neighbor_fraction__CD8 T cell__to__CD8 T cell,1,2,2,1,0.6666666666666666,0.4,1.0,1.0,False,density_mixing,hnc_wu2022,motif_cd8_clustering,spatial,lasso,0,4,9,1.0,0.6666666666666666,0.4
mixing::neighbor_fraction__CD8 T cell__to__CD8 T cell,1,2,2,1,0.6666666666666666,0.4,1.0,1.0,False,density_mixing,hnc_wu2022,motif_cd8_clustering,spatial,lasso,1,0,9,1.0,0.6666666666666666,0.4
mixing::neighbor_fraction__CD8 T cell__to__CD8 T cell,1,2,2,1,0.6666666666666666,0.4,1.0,1.0,False,density_mixing,hnc_wu2022,motif_cd8_clustering,spatial,lasso,1,1,9,1.0,0.6666666666666666,0.4
mixing::neighbor_fraction__CD8 T cell__to__CD8 T cell,1,1,2,1,0.3333333333333333,0.4,1.0,1.0,False,density_mixing,hnc_wu2022,motif_cd8_clustering,spatial,lasso,1,2,9,1.0,0.3333333333333333,0.4
mixing::neighbor_fraction__CD8 T cell__to__CD8 T cell,1,1,2,1,0.3333333333333333,0.4,1.0,1.0,False,density_mixing,hnc_wu2022,motif_cd8_clustering,spatial,lasso,1,3,9,1.0,0.3333333333333333,0.4
mixing::neighbor_fraction__CD8 T cell__to__CD8 T cell,1,1,2,1,0.3333333333333333,0.4,1.0,1.0,False,density_mixing,hnc_wu2022,motif_cd8_clustering,spatial,lasso,1,4,9,1.0,0.3333333333333333,0.4
mixing::neighbor_fraction__CD8 T cell__to__CD8 T cell,1,1,2,1,0.3333333333333333,0.4,1.0,1.0,False,density_mixing,hnc_wu2022,motif_cd8_clustering,spatial,lasso,2,0,9,1.0,0.3333333333333333,0.4
mixing::neighbor_fraction__CD8 T cell__to__CD8 T cell,1,1,2,1,0.3333333333333333,0.4,1.0,1.0,False,density_mixing,hnc_wu2022,motif_cd8_clustering,spatial,lasso,2,1,9,1.0,0.3333333333333333,0.4
mixing::neighbor_fraction__CD8 T cell__to__CD8 T cell,1,1,2,1,0.3333333333333333,0.4,1.0,1.0,False,density_mixing,hnc_wu2022,motif_cd8_clustering,spatial,lasso,2,2,9,1.0,0.3333333333333333,0.4
mixing::neighbor_fraction__CD8 T cell__to__CD8 T cell,1,2,2,1,0.6666666666666666,0.4,1.0,1.0,False,density_mixing,hnc_wu2022,motif_cd8_clustering,spatial,lasso,2,3,9,1.0,0.6666666666666666,0.4
mixing::neighbor_fraction__CD8 T cell__to__CD8 T cell,1,2,2,1,0.6666666666666666,0.4,1.0,1.0,False,density_mixing,hnc_wu2022,motif_cd8_clustering,spatial,lasso,2,4,9,1.0,0.6666666666666666,0.4
mixing::neighbor_fraction__CD8 T cell__to__CD8 T cell,1,1,2,1,0.3333333333333333,0.4,1.0,1.0,False,density_mixing,hnc_wu2022,motif_cd8_clustering,spatial,shap,0,0,9,1.0,0.3333333333333333,0.4
mixing::neighbor_fraction__CD8 T cell__to__CD8 T cell,1,1,2,1,0.3333333333333333,0.4,1.0,1.0,False,density_mixing,hnc_wu2022,motif_cd8_clustering,spatial,shap,0,1,9,1.0,0.3333333333333333,0.4
mixing::neighbor_fraction__CD8 T cell__to__CD8 T cell,1,1,2,1,0.3333333333333333,0.4,1.0,1.0,False,density_mixing,hnc_wu2022,motif_cd8_clustering,spatial,shap,0,2,9,1.0,0.3333333333333333,0.4
mixing::neighbor_fraction__CD8 T cell__to__CD8 T cell,1,1,1,1,0.3333333333333333,0.2,1.0,1.0,False,density_mixing,hnc_wu2022,motif_cd8_clustering,spatial,shap,0,3,9,1.0,0.3333333333333333,0.2
mixing::neighbor_fraction__CD8 T cell__to__CD8 T cell,1,2,2,1,0.6666666666666666,0.4,1.0,1.0,False,density_mixing,hnc_wu2022,motif_cd8_clustering,spatial,shap,0,4,9,1.0,0.6666666666666666,0.4
mixing::neighbor_fraction__CD8 T cell__to__CD8 T cell,1,2,2,1,0.6666666666666666,0.4,1.0,1.0,False,density_mixing,hnc_wu2022,motif_cd8_clustering,spatial,shap,1,0,9,1.0,0.6666666666666666,0.4
mixing::neighbor_fraction__CD8 T cell__to__CD8 T cell,1,2,2,1,0.6666666666666666,0.4,1.0,1.0,False,density_mixing,hnc_wu2022,motif_cd8_clustering,spatial,shap,1,1,9,1.0,0.6666666666666666,0.4
mixing::neighbor_fraction__CD8 T cell__to__CD8 T cell,1,1,2,1,0.3333333333333333,0.4,1.0,1.0,False,density_mixing,hnc_wu2022,motif_cd8_clustering,spatial,shap,1,2,9,1.0,0.3333333333333333,0.4
mixing::neighbor_fraction__CD8 T cell__to__CD8 T cell,1,1,2,1,0.3333333333333333,0.4,1.0,1.0,False,density_mixing,hnc_wu2022,motif_cd8_clustering,spatial,shap,1,3,9,1.0,0.3333333333333333,0.4
mixing::neighbor_fraction__CD8 T cell__to__CD8 T cell,1,2,2,1,0.6666666666666666,0.4,1.0,1.0,False,density_mixing,hnc_wu2022,motif_cd8_clustering,spatial,shap,1,4,9,1.0,0.6666666666666666,0.4
mixing::neighbor_fraction__CD8 T cell__to__CD8 T cell,1,1,2,1,0.3333333333333333,0.4,1.0,1.0,False,density_mixing,hnc_wu2022,motif_cd8_clustering,spatial,shap,2,0,9,1.0,0.3333333333333333,0.4
mixing::neighbor_fraction__CD8 T cell__to__CD8 T cell,1,1,2,1,0.3333333333333333,0.4,1.0,1.0,False,density_mixing,hnc_wu2022,motif_cd8_clustering,spatial,shap,2,1,9,1.0,0.3333333333333333,0.4
mixing::neighbor_fraction__CD8 T cell__to__CD8 T cell,1,1,2,1,0.3333333333333333,0.4,1.0,1.0,False,density_mixing,hnc_wu2022,motif_cd8_clustering,spatial,shap,2,2,9,1.0,0.3333333333333333,0.4
mixing::neighbor_fraction__CD8 T cell__to__CD8 T cell,1,2,2,1,0.6666666666666666,0.4,1.0,1.0,False,density_mixing,hnc_wu2022,motif_cd8_clustering,spatial,shap,2,3,9,1.0,0.6666666666666666,0.4
mixing::neighbor_fraction__CD8 T cell__to__CD8 T cell,1,1,2,1,0.3333333333333333,0.4,1.0,1.0,False,density_mixing,hnc_wu2022,motif_cd8_clustering,spatial,shap,2,4,9,1.0,0.3333333333333333,0.4
density::tumor_area_ratio,0,0,0,0,0.0,0.0,0.0,,False,density_mixing,hnc_wu2022,motif_immune_exclusion,spatial,lasso,0,0,2,0.0,0.0,0.0
density::tumor_area_ratio,0,0,0,0,0.0,0.0,0.0,,False,density_mixing,hnc_wu2022,motif_immune_exclusion,spatial,lasso,0,1,2,0.0,0.0,0.0
density::tumor_area_ratio,0,0,0,0,0.0,0.0,0.0,,False,density_mixing,hnc_wu2022,motif_immune_exclusion,spatial,lasso,0,2,2,0.0,0.0,0.0
density::tumor_area_ratio,0,0,0,0,0.0,0.0,0.0,,False,density_mixing,hnc_wu2022,motif_immune_exclusion,spatial,lasso,0,3,2,0.0,0.0,0.0
density::tumor_area_ratio,0,0,0,0,0.0,0.0,0.0,,False,density_mixing,hnc_wu2022,motif_immune_exclusion,spatial,lasso,0,4,2,0.0,0.0,0.0
density::tumor_area_ratio,0,0,0,0,0.0,0.0,0.0,,False,density_mixing,hnc_wu2022,motif_immune_exclusion,spatial,lasso,1,0,2,0.0,0.0,0.0
density::tumor_area_ratio,0,0,0,0,0.0,0.0,0.0,,False,density_mixing,hnc_wu2022,motif_immune_exclusion,spatial,lasso,1,1,2,0.0,0.0,0.0
density::tumor_area_ratio,0,0,0,0,0.0,0.0,0.0,,False,density_mixing,hnc_wu2022,motif_immune_exclusion,spatial,lasso,1,2,2,0.0,0.0,0.0
density::tumor_area_ratio,0,0,0,0,0.0,0.0,0.0,,False,density_mixing,hnc_wu2022,motif_immune_exclusion,spatial,lasso,1,3,2,0.0,0.0,0.0
density::tumor_area_ratio,0,0,0,0,0.0,0.0,0.0,,False,density_mixing,hnc_wu2022,motif_immune_exclusion,spatial,lasso,1,4,2,0.0,0.0,0.0
density::tumor_area_ratio,0,0,0,0,0.0,0.0,0.0,,False,density_mixing,hnc_wu2022,motif_immune_exclusion,spatial,lasso,2,0,2,0.0,0.0,0.0
density::tumor_area_ratio,0,0,0,0,0.0,0.0,0.0,,False,density_mixing,hnc_wu2022,motif_immune_exclusion,spatial,lasso,2,1,2,0.0,0.0,0.0
density::tumor_area_ratio,0,0,0,0,0.0,0.0,0.0,,False,density_mixing,hnc_wu2022,motif_immune_exclusion,spatial,lasso,2,2,2,0.0,0.0,0.0
density::tumor_area_ratio,0,0,0,0,0.0,0.0,0.0,,False,density_mixing,hnc_wu2022,motif_immune_exclusion,spatial,lasso,2,3,2,0.0,0.0,0.0
density::tumor_area_ratio,0,0,0,0,0.0,0.0,0.0,,False,density_mixing,hnc_wu2022,motif_immune_exclusion,spatial,lasso,2,4,2,0.0,0.0,0.0
density::tumor_area_ratio,0,0,0,0,0.0,0.0,0.0,,False,density_mixing,hnc_wu2022,motif_immune_exclusion,spatial,shap,0,0,2,0.0,0.0,0.0
density::tumor_area_ratio,0,0,0,0,0.0,0.0,0.0,,False,density_mixing,hnc_wu2022,motif_immune_exclusion,spatial,shap,0,1,2,0.0,0.0,0.0
density::tumor_area_ratio,0,0,0,0,0.0,0.0,0.0,,False,density_mixing,hnc_wu2022,motif_immune_exclusion,spatial,shap,0,2,2,0.0,0.0,0.0
density::tumor_area_ratio,0,0,0,0,0.0,0.0,0.0,,False,density_mixing,hnc_wu2022,motif_immune_exclusion,spatial,shap,0,3,2,0.0,0.0,0.0
density::tumor_area_ratio,0,0,0,0,0.0,0.0,0.0,,False,density_mixing,hnc_wu2022,motif_immune_exclusion,spatial,shap,0,4,2,0.0,0.0,0.0
density::tumor_area_ratio,0,0,0,0,0.0,0.0,0.0,,False,density_mixing,hnc_wu2022,motif_immune_exclusion,spatial,shap,1,0,2,0.0,0.0,0.0
density::tumor_area_ratio,0,0,0,0,0.0,0.0,0.0,,False,density_mixing,hnc_wu2022,motif_immune_exclusion,spatial,shap,1,1,2,0.0,0.0,0.0
density::tumor_area_ratio,0,0,0,0,0.0,0.0,0.0,,False,density_mixing,hnc_wu2022,motif_immune_exclusion,spatial,shap,1,2,2,0.0,0.0,0.0
density::tumor_area_ratio,0,0,0,0,0.0,0.0,0.0,,False,density_mixing,hnc_wu2022,motif_immune_exclusion,spatial,shap,1,3,2,0.0,0.0,0.0
density::tumor_area_ratio,0,0,0,0,0.0,0.0,0.0,,False,density_mixing,hnc_wu2022,motif_immune_exclusion,spatial,shap,1,4,2,0.0,0.0,0.0
density::tumor_area_ratio,0,0,0,0,0.0,0.0,0.0,,False,density_mixing,hnc_wu2022,motif_immune_exclusion,spatial,shap,2,0,2,0.0,0.0,0.0
density::tumor_area_ratio,0,0,0,0,0.0,0.0,0.0,,False,density_mixing,hnc_wu2022,motif_immune_exclusion,spatial,shap,2,1,2,0.0,0.0,0.0
density::tumor_area_ratio,0,0,0,0,0.0,0.0,0.0,,False,density_mixing,hnc_wu2022,motif_immune_exclusion,spatial,shap,2,2,2,0.0,0.0,0.0
density::tumor_area_ratio,0,0,0,0,0.0,0.0,0.0,,False,density_mixing,hnc_wu2022,motif_immune_exclusion,spatial,shap,2,3,2,0.0,0.0,0.0
density::tumor_area_ratio,0,0,0,0,0.0,0.0,0.0,,False,density_mixing,hnc_wu2022,motif_immune_exclusion,spatial,shap,2,4,2,0.0,0.0,0.0
mixing::local_mixing_max,0,0,0,0,0.0,0.0,0.0,,False,density_mixing,tnbc_wang2023,motif_cd8_high,control,lasso,0,0,4,0.0,0.0,0.0
mixing::local_mixing_max,0,0,0,0,0.0,0.0,0.0,,False,density_mixing,tnbc_wang2023,motif_cd8_high,control,lasso,0,1,4,0.0,0.0,0.0
mixing::shannon_entropy_normalized,0,0,0,0,0.0,0.0,0.0,,False,density_mixing,tnbc_wang2023,motif_cd8_high,control,lasso,0,2,4,0.0,0.0,0.0
mixing::shannon_entropy_normalized,0,0,0,0,0.0,0.0,0.0,,False,density_mixing,tnbc_wang2023,motif_cd8_high,control,lasso,0,3,4,0.0,0.0,0.0
mixing::neighbor_fraction__CD56^+NK__to__DCs,0,0,0,0,0.0,0.0,0.0,,False,density_mixing,tnbc_wang2023,motif_cd8_high,control,lasso,0,4,4,0.0,0.0,0.0
mixing::neighbor_fraction__M2 Mac__to__CD8^+T,0,0,0,0,0.0,0.0,0.0,,False,density_mixing,tnbc_wang2023,motif_cd8_high,control,lasso,1,0,4,0.0,0.0,0.0
mixing::shannon_entropy_normalized,0,0,0,0,0.0,0.0,0.0,,False,density_mixing,tnbc_wang2023,motif_cd8_high,control,lasso,1,1,4,0.0,0.0,0.0
mixing::neighbor_fraction__pH2AX^{+}DSB__to__CD8^+T,0,0,0,0,0.0,0.0,0.0,,False,density_mixing,tnbc_wang2023,motif_cd8_high,control,lasso,1,2,4,0.0,0.0,0.0
mixing::shannon_entropy_normalized,0,0,0,0,0.0,0.0,0.0,,False,density_mixing,tnbc_wang2023,motif_cd8_high,control,lasso,1,3,4,0.0,0.0,0.0
mixing::shannon_entropy_global,0,0,0,0,0.0,0.0,0.0,,False,density_mixing,tnbc_wang2023,motif_cd8_high,control,lasso,1,4,4,0.0,0.0,0.0
mixing::shannon_entropy_global,0,0,0,0,0.0,0.0,0.0,,False,density_mixing,tnbc_wang2023,motif_cd8_high,control,lasso,2,0,4,0.0,0.0,0.0
mixing::shannon_entropy_normalized,0,0,0,0,0.0,0.0,0.0,,False,density_mixing,tnbc_wang2023,motif_cd8_high,control,lasso,2,1,4,0.0,0.0,0.0
mixing::neighbor_fraction__M2 Mac__to__Treg,0,0,0,0,0.0,0.0,0.0,,False,density_mixing,tnbc_wang2023,motif_cd8_high,control,lasso,2,2,4,0.0,0.0,0.0
mixing::neighbor_fraction__pH2AX^{+}DSB__to__CD8^+T,0,0,0,0,0.0,0.0,0.0,,False,density_mixing,tnbc_wang2023,motif_cd8_high,control,lasso,2,3,4,0.0,0.0,0.0
mixing::shannon_entropy_normalized,0,0,0,0,0.0,0.0,0.0,,False,density_mixing,tnbc_wang2023,motif_cd8_high,control,lasso,2,4,4,0.0,0.0,0.0
mixing::neighbor_fraction__M2 Mac__to__CD8^+T,0,0,0,0,0.0,0.0,0.0,,False,density_mixing,tnbc_wang2023,motif_cd8_high,control,shap,0,0,4,0.0,0.0,0.0
mixing::neighbor_fraction__pH2AX^{+}DSB__to__CD8^+T,0,0,0,0,0.0,0.0,0.0,,False,density_mixing,tnbc_wang2023,motif_cd8_high,control,shap,0,1,4,0.0,0.0,0.0
mixing::shannon_entropy_normalized,0,0,0,0,0.0,0.0,0.0,,False,density_mixing,tnbc_wang2023,motif_cd8_high,control,shap,0,2,4,0.0,0.0,0.0
mixing::neighbor_fraction__Fibroblasts__to__CD8^+GZMB^+T,0,0,0,0,0.0,0.0,0.16666666666666666,6.0,False,density_mixing,tnbc_wang2023,motif_cd8_high,control,shap,0,3,4,0.0,0.0,0.0
mixing::neighbor_fraction__CD56^+NK__to__DCs,0,0,0,0,0.0,0.0,0.0,,False,density_mixing,tnbc_wang2023,motif_cd8_high,control,shap,0,4,4,0.0,0.0,0.0
mixing::neighbor_fraction__M2 Mac__to__CD8^+T,0,0,0,0,0.0,0.0,0.0,,False,density_mixing,tnbc_wang2023,motif_cd8_high,control,shap,1,0,4,0.0,0.0,0.0
mixing::neighbor_fraction__CK^{hi}GATA3^{+}__to__Neutrophils,0,0,0,0,0.0,0.0,0.0,,False,density_mixing,tnbc_wang2023,motif_cd8_high,control,shap,1,1,4,0.0,0.0,0.0
mixing::shannon_entropy_normalized,0,0,0,0,0.0,0.0,0.0,,False,density_mixing,tnbc_wang2023,motif_cd8_high,control,shap,1,2,4,0.0,0.0,0.0
mixing::neighbor_fraction__Fibroblasts__to__CD8^+GZMB^+T,0,0,0,0,0.0,0.0,0.0,,False,density_mixing,tnbc_wang2023,motif_cd8_high,control,shap,1,3,4,0.0,0.0,0.0
mixing::shannon_entropy_global,0,0,0,0,0.0,0.0,0.0,,False,density_mixing,tnbc_wang2023,motif_cd8_high,control,shap,1,4,4,0.0,0.0,0.0
mixing::shannon_entropy_global,0,0,0,0,0.0,0.0,0.0,,False,density_mixing,tnbc_wang2023,motif_cd8_high,control,shap,2,0,4,0.0,0.0,0.0
mixing::shannon_entropy_normalized,0,0,0,0,0.0,0.0,0.0,,False,density_mixing,tnbc_wang2023,motif_cd8_high,control,shap,2,1,4,0.0,0.0,0.0
mixing::neighbor_fraction__M2 Mac__to__Treg,0,0,0,0,0.0,0.0,0.1,10.0,False,density_mixing,tnbc_wang2023,motif_cd8_high,control,shap,2,2,4,0.0,0.0,0.0
mixing::neighbor_fraction__pH2AX^{+}DSB__to__CD8^+T,0,0,0,0,0.0,0.0,0.0,,False,density_mixing,tnbc_wang2023,motif_cd8_high,control,shap,2,3,4,0.0,0.0,0.0
mixing::shannon_entropy_normalized,0,0,0,0,0.0,0.0,0.0,,False,density_mixing,tnbc_wang2023,motif_cd8_high,control,shap,2,4,4,0.0,0.0,0.0
point-pattern::T cell_L_r10,1,2,2,1,0.6666666666666666,0.4,1.0,1.0,False,composition_point_pattern,bc_jackson2020,motif_apc_t_contact,spatial,lasso,0,0,20,1.0,0.6666666666666666,0.4
composition::Tumor (Proliferative),0,1,1,0,0.3333333333333333,0.2,0.5,2.0,False,composition_point_pattern,bc_jackson2020,motif_apc_t_contact,spatial,lasso,0,1,20,0.0,0.3333333333333333,0.2
point-pattern::T cell_L_r10,1,2,2,1,0.6666666666666666,0.4,1.0,1.0,False,composition_point_pattern,bc_jackson2020,motif_apc_t_contact,spatial,lasso,0,2,20,1.0,0.6666666666666666,0.4
point-pattern::T cell_L_r10,1,2,4,1,0.6666666666666666,0.8,1.0,1.0,False,composition_point_pattern,bc_jackson2020,motif_apc_t_contact,spatial,lasso,0,3,20,1.0,0.6666666666666666,0.8
point-pattern::T cell_L_r10,1,2,2,1,0.6666666666666666,0.4,1.0,1.0,False,composition_point_pattern,bc_jackson2020,motif_apc_t_contact,spatial,lasso,0,4,20,1.0,0.6666666666666666,0.4
point-pattern::T cell_L_r10,1,2,2,1,0.6666666666666666,0.4,1.0,1.0,False,composition_point_pattern,bc_jackson2020,motif_apc_t_contact,spatial,lasso,1,0,20,1.0,0.6666666666666666,0.4
point-pattern::T cell_L_r10,1,1,2,1,0.3333333333333333,0.4,1.0,1.0,False,composition_point_pattern,bc_jackson2020,motif_apc_t_contact,spatial,lasso,1,1,20,1.0,0.3333333333333333,0.4
point-pattern::T cell_L_r10,1,2,2,1,0.6666666666666666,0.4,1.0,1.0,False,composition_point_pattern,bc_jackson2020,motif_apc_t_contact,spatial,lasso,1,2,20,1.0,0.6666666666666666,0.4
point-pattern::T cell_L_r10,1,1,3,1,0.3333333333333333,0.6,1.0,1.0,False,composition_point_pattern,bc_jackson2020,motif_apc_t_contact,spatial,lasso,1,3,20,1.0,0.3333333333333333,0.6
point-pattern::T cell_L_r10,1,1,2,1,0.3333333333333333,0.4,1.0,1.0,False,composition_point_pattern,bc_jackson2020,motif_apc_t_contact,spatial,lasso,1,4,20,1.0,0.3333333333333333,0.4
point-pattern::T cell_L_r10,1,1,2,1,0.3333333333333333,0.4,1.0,1.0,False,composition_point_pattern,bc_jackson2020,motif_apc_t_contact,spatial,lasso,2,0,20,1.0,0.3333333333333333,0.4
point-pattern::T cell_L_r10,1,2,4,1,0.6666666666666666,0.8,1.0,1.0,False,composition_point_pattern,bc_jackson2020,motif_apc_t_contact,spatial,lasso,2,1,20,1.0,0.6666666666666666,0.8
point-pattern::T cell_L_r10,1,2,3,1,0.6666666666666666,0.6,1.0,1.0,False,composition_point_pattern,bc_jackson2020,motif_apc_t_contact,spatial,lasso,2,2,20,1.0,0.6666666666666666,0.6
point-pattern::T cell_L_r10,1,1,1,1,0.3333333333333333,0.2,1.0,1.0,False,composition_point_pattern,bc_jackson2020,motif_apc_t_contact,spatial,lasso,2,3,20,1.0,0.3333333333333333,0.2
composition::T cell,0,1,3,0,0.3333333333333333,0.6,0.3333333333333333,3.0,True,composition_point_pattern,bc_jackson2020,motif_apc_t_contact,spatial,lasso,2,4,20,0.0,0.3333333333333333,0.6
point-pattern::T cell_L_r10,1,2,2,1,0.6666666666666666,0.4,1.0,1.0,False,composition_point_pattern,bc_jackson2020,motif_apc_t_contact,spatial,shap,0,0,20,1.0,0.6666666666666666,0.4
point-pattern::T cell_L_r10,1,1,2,1,0.3333333333333333,0.4,1.0,1.0,False,composition_point_pattern,bc_jackson2020,motif_apc_t_contact,spatial,shap,0,1,20,1.0,0.3333333333333333,0.4
point-pattern::T cell_L_r10,1,3,3,1,1.0,0.6,1.0,1.0,False,composition_point_pattern,bc_jackson2020,motif_apc_t_contact,spatial,shap,0,2,20,1.0,1.0,0.6
point-pattern::T cell_L_r10,1,1,1,1,0.3333333333333333,0.2,1.0,1.0,False,composition_point_pattern,bc_jackson2020,motif_apc_t_contact,spatial,shap,0,3,20,1.0,0.3333333333333333,0.2
composition::T cell,0,1,2,0,0.3333333333333333,0.4,0.5,2.0,True,composition_point_pattern,bc_jackson2020,motif_apc_t_contact,spatial,shap,0,4,20,0.0,0.3333333333333333,0.4
point-pattern::T cell_L_r10,1,1,2,1,0.3333333333333333,0.4,1.0,1.0,False,composition_point_pattern,bc_jackson2020,motif_apc_t_contact,spatial,shap,1,0,20,1.0,0.3333333333333333,0.4
point-pattern::T cell_L_r10,1,3,3,1,1.0,0.6,1.0,1.0,False,composition_point_pattern,bc_jackson2020,motif_apc_t_contact,spatial,shap,1,1,20,1.0,1.0,0.6
point-pattern::T cell_L_r10,1,3,3,1,1.0,0.6,1.0,1.0,False,composition_point_pattern,bc_jackson2020,motif_apc_t_contact,spatial,shap,1,2,20,1.0,1.0,0.6
point-pattern::Tumor (CK+ HR+)_L_r10,0,1,2,0,0.3333333333333333,0.4,0.3333333333333333,3.0,False,composition_point_pattern,bc_jackson2020,motif_apc_t_contact,spatial,shap,1,3,20,0.0,0.3333333333333333,0.4
point-pattern::Tumor (CK7+)_K_r50,0,0,1,0,0.0,0.2,0.2,5.0,False,composition_point_pattern,bc_jackson2020,motif_apc_t_contact,spatial,shap,1,4,20,0.0,0.0,0.2
point-pattern::T cell_L_r10,1,1,1,1,0.3333333333333333,0.2,1.0,1.0,False,composition_point_pattern,bc_jackson2020,motif_apc_t_contact,spatial,shap,2,0,20,1.0,0.3333333333333333,0.2
point-pattern::T cell_L_r10,1,2,4,1,0.6666666666666666,0.8,1.0,1.0,False,composition_point_pattern,bc_jackson2020,motif_apc_t_contact,spatial,shap,2,1,20,1.0,0.6666666666666666,0.8
point-pattern::T cell_L_r10,1,1,2,1,0.3333333333333333,0.4,1.0,1.0,False,composition_point_pattern,bc_jackson2020,motif_apc_t_contact,spatial,shap,2,2,20,1.0,0.3333333333333333,0.4
point-pattern::T cell_L_r10,1,2,2,1,0.6666666666666666,0.4,1.0,1.0,False,composition_point_pattern,bc_jackson2020,motif_apc_t_contact,spatial,shap,2,3,20,1.0,0.6666666666666666,0.4
point-pattern::Tumor (CK+ HR+)_K_r50,0,2,3,0,0.6666666666666666,0.6,0.5,2.0,False,composition_point_pattern,bc_jackson2020,motif_apc_t_contact,spatial,shap,2,4,20,0.0,0.6666666666666666,0.6
point-pattern::T cell_L_r10,1,1,1,1,0.3333333333333333,0.2,1.0,1.0,False,composition_point_pattern,bc_jackson2020,motif_cd8_tumor_contact,spatial,lasso,0,0,10,1.0,0.3333333333333333,0.2
composition::T cell,0,0,0,0,0.0,0.0,0.0,,True,composition_point_pattern,bc_jackson2020,motif_cd8_tumor_contact,spatial,lasso,0,1,10,0.0,0.0,0.0
point-pattern::T cell_L_r50,1,2,3,1,0.6666666666666666,0.6,1.0,1.0,False,composition_point_pattern,bc_jackson2020,motif_cd8_tumor_contact,spatial,lasso,0,2,10,1.0,0.6666666666666666,0.6
point-pattern::Tumor (CK+ HR lo)_L_r50,0,1,2,0,0.3333333333333333,0.4,0.3333333333333333,3.0,False,composition_point_pattern,bc_jackson2020,motif_cd8_tumor_contact,spatial,lasso,0,3,10,0.0,0.3333333333333333,0.4
point-pattern::T cell_L_r10,1,1,2,1,0.3333333333333333,0.4,1.0,1.0,False,composition_point_pattern,bc_jackson2020,motif_cd8_tumor_contact,spatial,lasso,0,4,10,1.0,0.3333333333333333,0.4
point-pattern::T cell_L_r10,1,1,1,1,0.3333333333333333,0.2,1.0,1.0,False,composition_point_pattern,bc_jackson2020,motif_cd8_tumor_contact,spatial,lasso,1,0,10,1.0,0.3333333333333333,0.2
point-pattern::Tumor (CK+ HR lo)_K_r20,0,1,1,0,0.3333333333333333,0.2,0.5,2.0,False,composition_point_pattern,bc_jackson2020,motif_cd8_tumor_contact,spatial,lasso,1,1,10,0.0,0.3333333333333333,0.2
point-pattern::T cell_L_r10,1,1,1,1,0.3333333333333333,0.2,1.0,1.0,False,composition_point_pattern,bc_jackson2020,motif_cd8_tumor_contact,spatial,lasso,1,2,10,1.0,0.3333333333333333,0.2
point-pattern::T cell_L_r10,1,1,1,1,0.3333333333333333,0.2,1.0,1.0,False,composition_point_pattern,bc_jackson2020,motif_cd8_tumor_contact,spatial,lasso,1,3,10,1.0,0.3333333333333333,0.2
composition::T cell,0,1,2,0,0.3333333333333333,0.4,0.5,2.0,True,composition_point_pattern,bc_jackson2020,motif_cd8_tumor_contact,spatial,lasso,1,4,10,0.0,0.3333333333333333,0.4
point-pattern::Endothelial_K_r50,0,0,0,0,0.0,0.0,0.125,8.0,False,composition_point_pattern,bc_jackson2020,motif_cd8_tumor_contact,spatial,lasso,2,0,10,0.0,0.0,0.0
point-pattern::T cell_L_r10,1,2,2,1,0.6666666666666666,0.4,1.0,1.0,False,composition_point_pattern,bc_jackson2020,motif_cd8_tumor_contact,spatial,lasso,2,1,10,1.0,0.6666666666666666,0.4
composition::Endothelial,0,0,1,0,0.0,0.2,0.25,4.0,False,composition_point_pattern,bc_jackson2020,motif_cd8_tumor_contact,spatial,lasso,2,2,10,0.0,0.0,0.2
point-pattern::T cell_L_r10,1,1,1,1,0.3333333333333333,0.2,1.0,1.0,False,composition_point_pattern,bc_jackson2020,motif_cd8_tumor_contact,spatial,lasso,2,3,10,1.0,0.3333333333333333,0.2
composition::Endothelial,0,1,1,0,0.3333333333333333,0.2,0.5,2.0,False,composition_point_pattern,bc_jackson2020,motif_cd8_tumor_contact,spatial,lasso,2,4,10,0.0,0.3333333333333333,0.2
point-pattern::T cell_L_r10,1,1,1,1,0.3333333333333333,0.2,1.0,1.0,False,composition_point_pattern,bc_jackson2020,motif_cd8_tumor_contact,spatial,shap,0,0,10,1.0,0.3333333333333333,0.2
point-pattern::Tumor (CK lo HR lo)_L_r50,0,0,0,0,0.0,0.0,0.0,,False,composition_point_pattern,bc_jackson2020,motif_cd8_tumor_contact,spatial,shap,0,1,10,0.0,0.0,0.0
point-pattern::T cell_L_r50,1,2,3,1,0.6666666666666666,0.6,1.0,1.0,False,composition_point_pattern,bc_jackson2020,motif_cd8_tumor_contact,spatial,shap,0,2,10,1.0,0.6666666666666666,0.6
point-pattern::Tumor (CK+ HR hi)_L_r10,0,1,2,0,0.3333333333333333,0.4,0.5,2.0,False,composition_point_pattern,bc_jackson2020,motif_cd8_tumor_contact,spatial,shap,0,3,10,0.0,0.3333333333333333,0.4
point-pattern::T cell_L_r10,1,1,1,1,0.3333333333333333,0.2,1.0,1.0,False,composition_point_pattern,bc_jackson2020,motif_cd8_tumor_contact,spatial,shap,0,4,10,1.0,0.3333333333333333,0.2
point-pattern::Tumor (CK lo HR lo)_L_r50,0,1,2,0,0.3333333333333333,0.4,0.5,2.0,False,composition_point_pattern,bc_jackson2020,motif_cd8_tumor_contact,spatial,shap,1,0,10,0.0,0.3333333333333333,0.4
point-pattern::B cell_L_r20,0,0,1,0,0.0,0.2,0.2,5.0,False,composition_point_pattern,bc_jackson2020,motif_cd8_tumor_contact,spatial,shap,1,1,10,0.0,0.0,0.2
point-pattern::Tumor (Epithelial low)_K_r10,0,1,1,0,0.3333333333333333,0.2,0.5,2.0,False,composition_point_pattern,bc_jackson2020,motif_cd8_tumor_contact,spatial,shap,1,2,10,0.0,0.3333333333333333,0.2
point-pattern::T cell_L_r10,1,1,1,1,0.3333333333333333,0.2,1.0,1.0,False,composition_point_pattern,bc_jackson2020,motif_cd8_tumor_contact,spatial,shap,1,3,10,1.0,0.3333333333333333,0.2
point-pattern::T cell_L_r10,1,2,2,1,0.6666666666666666,0.4,1.0,1.0,False,composition_point_pattern,bc_jackson2020,motif_cd8_tumor_contact,spatial,shap,1,4,10,1.0,0.6666666666666666,0.4
point-pattern::Tumor (CK lo HR lo)_L_r50,0,1,1,0,0.3333333333333333,0.2,0.3333333333333333,3.0,False,composition_point_pattern,bc_jackson2020,motif_cd8_tumor_contact,spatial,shap,2,0,10,0.0,0.3333333333333333,0.2
point-pattern::Tumor (CK+ HR lo)_L_r50,0,2,2,0,0.6666666666666666,0.4,0.5,2.0,False,composition_point_pattern,bc_jackson2020,motif_cd8_tumor_contact,spatial,shap,2,1,10,0.0,0.6666666666666666,0.4
point-pattern::T cell_L_r10,1,1,1,1,0.3333333333333333,0.2,1.0,1.0,False,composition_point_pattern,bc_jackson2020,motif_cd8_tumor_contact,spatial,shap,2,2,10,1.0,0.3333333333333333,0.2
point-pattern::Tumor (CK+ HR+)_K_r50,0,1,1,0,0.3333333333333333,0.2,0.3333333333333333,3.0,False,composition_point_pattern,bc_jackson2020,motif_cd8_tumor_contact,spatial,shap,2,3,10,0.0,0.3333333333333333,0.2
composition::T cell,0,0,1,0,0.0,0.2,0.25,4.0,True,composition_point_pattern,bc_jackson2020,motif_cd8_tumor_contact,spatial,shap,2,4,10,0.0,0.0,0.2
point-pattern::Tumor (CK+ HR lo)_L_r50,1,3,4,1,1.0,0.8,1.0,1.0,False,composition_point_pattern,bc_jackson2020,motif_macrophage_tumor_niche,spatial,lasso,0,0,150,1.0,1.0,0.8
point-pattern::Macrophage_L_r100,1,1,3,1,0.3333333333333333,0.6,1.0,1.0,False,composition_point_pattern,bc_jackson2020,motif_macrophage_tumor_niche,spatial,lasso,0,1,150,1.0,0.3333333333333333,0.6
point-pattern::Tumor (CK7+)_L_r100,1,2,3,1,0.6666666666666666,0.6,1.0,1.0,False,composition_point_pattern,bc_jackson2020,motif_macrophage_tumor_niche,spatial,lasso,0,2,150,1.0,0.6666666666666666,0.6
point-pattern::Tumor (CK+ HR lo)_K_r10,1,3,5,1,1.0,1.0,1.0,1.0,False,composition_point_pattern,bc_jackson2020,motif_macrophage_tumor_niche,spatial,lasso,0,3,150,1.0,1.0,1.0
point-pattern::Tumor (CK+ HR+)_K_r50,1,3,4,1,1.0,0.8,1.0,1.0,False,composition_point_pattern,bc_jackson2020,motif_macrophage_tumor_niche,spatial,lasso,0,4,150,1.0,1.0,0.8
composition::Tumor (CK lo HR hi p53+),0,2,4,0,0.6666666666666666,0.8,0.5,2.0,True,composition_point_pattern,bc_jackson2020,motif_macrophage_tumor_niche,spatial,lasso,1,0,150,0.0,0.6666666666666666,0.8
point-pattern::Tumor (CK7+)_L_r100,1,3,5,1,1.0,1.0,1.0,1.0,False,composition_point_pattern,bc_jackson2020,motif_macrophage_tumor_niche,spatial,lasso,1,1,150,1.0,1.0,1.0
point-pattern::Tumor (CK7+)_K_r50,1,2,3,1,0.6666666666666666,0.6,1.0,1.0,False,composition_point_pattern,bc_jackson2020,motif_macrophage_tumor_niche,spatial,lasso,1,2,150,1.0,0.6666666666666666,0.6
point-pattern::Tumor (CK7+)_L_r100,1,2,4,1,0.6666666666666666,0.8,1.0,1.0,False,composition_point_pattern,bc_jackson2020,motif_macrophage_tumor_niche,spatial,lasso,1,3,150,1.0,0.6666666666666666,0.8
point-pattern::Macrophage_L_r100,1,3,5,1,1.0,1.0,1.0,1.0,False,composition_point_pattern,bc_jackson2020,motif_macrophage_tumor_niche,spatial,lasso,1,4,150,1.0,1.0,1.0
point-pattern::Tumor (CK7+)_L_r100,1,2,3,1,0.6666666666666666,0.6,1.0,1.0,False,composition_point_pattern,bc_jackson2020,motif_macrophage_tumor_niche,spatial,lasso,2,0,150,1.0,0.6666666666666666,0.6
point-pattern::Tumor (CK+ HR+)_K_r50,1,3,4,1,1.0,0.8,1.0,1.0,False,composition_point_pattern,bc_jackson2020,motif_macrophage_tumor_niche,spatial,lasso,2,1,150,1.0,1.0,0.8
point-pattern::Macrophage_L_r100,1,2,4,1,0.6666666666666666,0.8,1.0,1.0,False,composition_point_pattern,bc_jackson2020,motif_macrophage_tumor_niche,spatial,lasso,2,2,150,1.0,0.6666666666666666,0.8
point-pattern::Tumor (CK+ HR lo)_L_r50,1,2,4,1,0.6666666666666666,0.8,1.0,1.0,False,composition_point_pattern,bc_jackson2020,motif_macrophage_tumor_niche,spatial,lasso,2,3,150,1.0,0.6666666666666666,0.8
point-pattern::Tumor (CK7+)_K_r50,1,3,5,1,1.0,1.0,1.0,1.0,False,composition_point_pattern,bc_jackson2020,motif_macrophage_tumor_niche,spatial,lasso,2,4,150,1.0,1.0,1.0
point-pattern::Tumor (CK lo HR lo)_L_r50,1,3,5,1,1.0,1.0,1.0,1.0,False,composition_point_pattern,bc_jackson2020,motif_macrophage_tumor_niche,spatial,shap,0,0,150,1.0,1.0,1.0
point-pattern::Macrophage_L_r100,1,3,5,1,1.0,1.0,1.0,1.0,False,composition_point_pattern,bc_jackson2020,motif_macrophage_tumor_niche,spatial,shap,0,1,150,1.0,1.0,1.0
point-pattern::Tumor (CK+ HR lo)_L_r50,1,3,5,1,1.0,1.0,1.0,1.0,False,composition_point_pattern,bc_jackson2020,motif_macrophage_tumor_niche,spatial,shap,0,2,150,1.0,1.0,1.0
point-pattern::T & B cells_K_r20,0,1,3,0,0.3333333333333333,0.6,0.5,2.0,False,composition_point_pattern,bc_jackson2020,motif_macrophage_tumor_niche,spatial,shap,0,3,150,0.0,0.3333333333333333,0.6
point-pattern::Tumor (CK+ HR+)_K_r50,1,3,4,1,1.0,0.8,1.0,1.0,False,composition_point_pattern,bc_jackson2020,motif_macrophage_tumor_niche,spatial,shap,0,4,150,1.0,1.0,0.8
composition::T & B cells,0,1,3,0,0.3333333333333333,0.6,0.5,2.0,False,composition_point_pattern,bc_jackson2020,motif_macrophage_tumor_niche,spatial,shap,1,0,150,0.0,0.3333333333333333,0.6
point-pattern::T & B cells_L_r10,0,2,4,0,0.6666666666666666,0.8,0.5,2.0,False,composition_point_pattern,bc_jackson2020,motif_macrophage_tumor_niche,spatial,shap,1,1,150,0.0,0.6666666666666666,0.8
point-pattern::Tumor (CK+ HR+)_K_r20,1,2,4,1,0.6666666666666666,0.8,1.0,1.0,False,composition_point_pattern,bc_jackson2020,motif_macrophage_tumor_niche,spatial,shap,1,2,150,1.0,0.6666666666666666,0.8
point-pattern::Tumor (CK+ HR lo)_L_r50,1,3,4,1,1.0,0.8,1.0,1.0,False,composition_point_pattern,bc_jackson2020,motif_macrophage_tumor_niche,spatial,shap,1,3,150,1.0,1.0,0.8
point-pattern::Macrophage_L_r100,1,3,3,1,1.0,0.6,1.0,1.0,False,composition_point_pattern,bc_jackson2020,motif_macrophage_tumor_niche,spatial,shap,1,4,150,1.0,1.0,0.6
point-pattern::T cell_L_r100,0,2,4,0,0.6666666666666666,0.8,0.5,2.0,False,composition_point_pattern,bc_jackson2020,motif_macrophage_tumor_niche,spatial,shap,2,0,150,0.0,0.6666666666666666,0.8
point-pattern::Macrophage_L_r100,1,3,5,1,1.0,1.0,1.0,1.0,False,composition_point_pattern,bc_jackson2020,motif_macrophage_tumor_niche,spatial,shap,2,1,150,1.0,1.0,1.0
point-pattern::T cell_L_r100,0,2,4,0,0.6666666666666666,0.8,0.5,2.0,False,composition_point_pattern,bc_jackson2020,motif_macrophage_tumor_niche,spatial,shap,2,2,150,0.0,0.6666666666666666,0.8
point-pattern::Tumor (CK+ HR lo)_L_r50,1,2,3,1,0.6666666666666666,0.6,1.0,1.0,False,composition_point_pattern,bc_jackson2020,motif_macrophage_tumor_niche,spatial,shap,2,3,150,1.0,0.6666666666666666,0.6
point-pattern::Tumor (CK+ HR lo)_L_r50,1,3,5,1,1.0,1.0,1.0,1.0,False,composition_point_pattern,bc_jackson2020,motif_macrophage_tumor_niche,spatial,shap,2,4,150,1.0,1.0,1.0
point-pattern::T cell_L_r10,1,3,4,1,1.0,0.8,1.0,1.0,False,composition_point_pattern,bc_jackson2020,motif_t_tumor_mixing,spatial,lasso,0,0,150,1.0,1.0,0.8
composition::T cell,0,0,2,0,0.0,0.4,0.25,4.0,True,composition_point_pattern,bc_jackson2020,motif_t_tumor_mixing,spatial,lasso,0,1,150,0.0,0.0,0.4
point-pattern::T cell_L_r10,1,3,3,1,1.0,0.6,1.0,1.0,False,composition_point_pattern,bc_jackson2020,motif_t_tumor_mixing,spatial,lasso,0,2,150,1.0,1.0,0.6
point-pattern::Endothelial_K_r50,0,2,2,0,0.6666666666666666,0.4,0.5,2.0,False,composition_point_pattern,bc_jackson2020,motif_t_tumor_mixing,spatial,lasso,0,3,150,0.0,0.6666666666666666,0.4
point-pattern::T cell_L_r10,1,1,2,1,0.3333333333333333,0.4,1.0,1.0,False,composition_point_pattern,bc_jackson2020,motif_t_tumor_mixing,spatial,lasso,0,4,150,1.0,0.3333333333333333,0.4
point-pattern::Tumor (Apoptotic)_L_r20,1,3,3,1,1.0,0.6,1.0,1.0,False,composition_point_pattern,bc_jackson2020,motif_t_tumor_mixing,spatial,lasso,1,0,150,1.0,1.0,0.6
point-pattern::Tumor (CK+ HR lo)_L_r50,1,2,2,1,0.6666666666666666,0.4,1.0,1.0,False,composition_point_pattern,bc_jackson2020,motif_t_tumor_mixing,spatial,lasso,1,1,150,1.0,0.6666666666666666,0.4
point-pattern::T cell_L_r10,1,2,2,1,0.6666666666666666,0.4,1.0,1.0,False,composition_point_pattern,bc_jackson2020,motif_t_tumor_mixing,spatial,lasso,1,2,150,1.0,0.6666666666666666,0.4
point-pattern::Tumor (CK+ HR lo)_L_r50,1,2,3,1,0.6666666666666666,0.6,1.0,1.0,False,composition_point_pattern,bc_jackson2020,motif_t_tumor_mixing,spatial,lasso,1,3,150,1.0,0.6666666666666666,0.6
point-pattern::Endothelial_K_r50,0,2,3,0,0.6666666666666666,0.6,0.5,2.0,False,composition_point_pattern,bc_jackson2020,motif_t_tumor_mixing,spatial,lasso,1,4,150,0.0,0.6666666666666666,0.6
composition::Endothelial,0,0,0,0,0.0,0.0,0.16666666666666666,6.0,False,composition_point_pattern,bc_jackson2020,motif_t_tumor_mixing,spatial,lasso,2,0,150,0.0,0.0,0.0
point-pattern::Endothelial_K_r50,0,1,2,0,0.3333333333333333,0.4,0.3333333333333333,3.0,False,composition_point_pattern,bc_jackson2020,motif_t_tumor_mixing,spatial,lasso,2,1,150,0.0,0.3333333333333333,0.4
point-pattern::T cell_L_r10,1,2,2,1,0.6666666666666666,0.4,1.0,1.0,False,composition_point_pattern,bc_jackson2020,motif_t_tumor_mixing,spatial,lasso,2,2,150,1.0,0.6666666666666666,0.4
point-pattern::T cell_L_r10,1,3,5,1,1.0,1.0,1.0,1.0,False,composition_point_pattern,bc_jackson2020,motif_t_tumor_mixing,spatial,lasso,2,3,150,1.0,1.0,1.0
point-pattern::T cell_L_r10,1,1,1,1,0.3333333333333333,0.2,1.0,1.0,False,composition_point_pattern,bc_jackson2020,motif_t_tumor_mixing,spatial,lasso,2,4,150,1.0,0.3333333333333333,0.2
point-pattern::T cell_L_r10,1,2,4,1,0.6666666666666666,0.8,1.0,1.0,False,composition_point_pattern,bc_jackson2020,motif_t_tumor_mixing,spatial,shap,0,0,150,1.0,0.6666666666666666,0.8
composition::Tumor (p53+ EGFR+),0,1,3,0,0.3333333333333333,0.6,0.3333333333333333,3.0,True,composition_point_pattern,bc_jackson2020,motif_t_tumor_mixing,spatial,shap,0,1,150,0.0,0.3333333333333333,0.6
point-pattern::Endothelial_L_r100,0,2,3,0,0.6666666666666666,0.6,0.5,2.0,False,composition_point_pattern,bc_jackson2020,motif_t_tumor_mixing,spatial,shap,0,2,150,0.0,0.6666666666666666,0.6
point-pattern::T cell_L_r10,1,2,3,1,0.6666666666666666,0.6,1.0,1.0,False,composition_point_pattern,bc_jackson2020,motif_t_tumor_mixing,spatial,shap,0,3,150,1.0,0.6666666666666666,0.6
point-pattern::T cell_L_r10,1,2,3,1,0.6666666666666666,0.6,1.0,1.0,False,composition_point_pattern,bc_jackson2020,motif_t_tumor_mixing,spatial,shap,0,4,150,1.0,0.6666666666666666,0.6
point-pattern::Tumor (CK lo HR lo)_L_r50,1,3,4,1,1.0,0.8,1.0,1.0,False,composition_point_pattern,bc_jackson2020,motif_t_tumor_mixing,spatial,shap,1,0,150,1.0,1.0,0.8
point-pattern::Tumor (CK+ HR lo)_L_r50,1,2,3,1,0.6666666666666666,0.6,1.0,1.0,False,composition_point_pattern,bc_jackson2020,motif_t_tumor_mixing,spatial,shap,1,1,150,1.0,0.6666666666666666,0.6
point-pattern::Tumor (CK lo HR lo)_K_r10,1,3,4,1,1.0,0.8,1.0,1.0,False,composition_point_pattern,bc_jackson2020,motif_t_tumor_mixing,spatial,shap,1,2,150,1.0,1.0,0.8
point-pattern::Tumor (CK+ HR lo)_L_r50,1,3,4,1,1.0,0.8,1.0,1.0,False,composition_point_pattern,bc_jackson2020,motif_t_tumor_mixing,spatial,shap,1,3,150,1.0,1.0,0.8
point-pattern::T cell_L_r10,1,2,3,1,0.6666666666666666,0.6,1.0,1.0,False,composition_point_pattern,bc_jackson2020,motif_t_tumor_mixing,spatial,shap,1,4,150,1.0,0.6666666666666666,0.6
point-pattern::Endothelial_K_r50,0,0,1,0,0.0,0.2,0.2,5.0,False,composition_point_pattern,bc_jackson2020,motif_t_tumor_mixing,spatial,shap,2,0,150,0.0,0.0,0.2
point-pattern::Tumor (Apoptotic)_L_r20,1,2,3,1,0.6666666666666666,0.6,1.0,1.0,False,composition_point_pattern,bc_jackson2020,motif_t_tumor_mixing,spatial,shap,2,1,150,1.0,0.6666666666666666,0.6
point-pattern::T cell_L_r10,1,2,4,1,0.6666666666666666,0.8,1.0,1.0,False,composition_point_pattern,bc_jackson2020,motif_t_tumor_mixing,spatial,shap,2,2,150,1.0,0.6666666666666666,0.8
point-pattern::T cell_L_r10,1,3,5,1,1.0,1.0,1.0,1.0,False,composition_point_pattern,bc_jackson2020,motif_t_tumor_mixing,spatial,shap,2,3,150,1.0,1.0,1.0
point-pattern::T cell_L_r10,1,2,4,1,0.6666666666666666,0.8,1.0,1.0,False,composition_point_pattern,bc_jackson2020,motif_t_tumor_mixing,spatial,shap,2,4,150,1.0,0.6666666666666666,0.8
composition::Stromal cells,0,1,2,0,0.3333333333333333,0.4,0.5,2.0,False,composition_point_pattern,bc_jackson2020,motif_tumor_high,control,lasso,0,0,14,0.0,0.3333333333333333,0.4
composition::Stromal cells,0,1,2,0,0.3333333333333333,0.4,0.5,2.0,False,composition_point_pattern,bc_jackson2020,motif_tumor_high,control,lasso,0,1,14,0.0,0.3333333333333333,0.4
composition::Stromal cells,0,1,2,0,0.3333333333333333,0.4,0.5,2.0,False,composition_point_pattern,bc_jackson2020,motif_tumor_high,control,lasso,0,2,14,0.0,0.3333333333333333,0.4
composition::Stromal cells,0,1,2,0,0.3333333333333333,0.4,0.3333333333333333,3.0,False,composition_point_pattern,bc_jackson2020,motif_tumor_high,control,lasso,0,3,14,0.0,0.3333333333333333,0.4
composition::Stromal cells,0,1,2,0,0.3333333333333333,0.4,0.3333333333333333,3.0,False,composition_point_pattern,bc_jackson2020,motif_tumor_high,control,lasso,0,4,14,0.0,0.3333333333333333,0.4
composition::Stromal cells,0,0,2,0,0.0,0.4,0.25,4.0,False,composition_point_pattern,bc_jackson2020,motif_tumor_high,control,lasso,1,0,14,0.0,0.0,0.4
composition::Stromal cells,0,0,2,0,0.0,0.4,0.25,4.0,False,composition_point_pattern,bc_jackson2020,motif_tumor_high,control,lasso,1,1,14,0.0,0.0,0.4
composition::Stromal cells,0,1,2,0,0.3333333333333333,0.4,0.3333333333333333,3.0,False,composition_point_pattern,bc_jackson2020,motif_tumor_high,control,lasso,1,2,14,0.0,0.3333333333333333,0.4
composition::Stromal cells,0,1,2,0,0.3333333333333333,0.4,0.5,2.0,False,composition_point_pattern,bc_jackson2020,motif_tumor_high,control,lasso,1,3,14,0.0,0.3333333333333333,0.4
composition::Stromal cells,0,1,2,0,0.3333333333333333,0.4,0.3333333333333333,3.0,False,composition_point_pattern,bc_jackson2020,motif_tumor_high,control,lasso,1,4,14,0.0,0.3333333333333333,0.4
composition::Stromal cells,0,1,2,0,0.3333333333333333,0.4,0.3333333333333333,3.0,False,composition_point_pattern,bc_jackson2020,motif_tumor_high,control,lasso,2,0,14,0.0,0.3333333333333333,0.4
composition::Stromal cells,0,1,2,0,0.3333333333333333,0.4,0.3333333333333333,3.0,False,composition_point_pattern,bc_jackson2020,motif_tumor_high,control,lasso,2,1,14,0.0,0.3333333333333333,0.4
composition::Stromal cells,0,0,2,0,0.0,0.4,0.25,4.0,False,composition_point_pattern,bc_jackson2020,motif_tumor_high,control,lasso,2,2,14,0.0,0.0,0.4
composition::Stromal cells,0,1,2,0,0.3333333333333333,0.4,0.5,2.0,False,composition_point_pattern,bc_jackson2020,motif_tumor_high,control,lasso,2,3,14,0.0,0.3333333333333333,0.4
composition::Stromal cells,0,1,2,0,0.3333333333333333,0.4,0.3333333333333333,3.0,False,composition_point_pattern,bc_jackson2020,motif_tumor_high,control,lasso,2,4,14,0.0,0.3333333333333333,0.4
composition::Stromal cells,0,1,2,0,0.3333333333333333,0.4,0.3333333333333333,3.0,False,composition_point_pattern,bc_jackson2020,motif_tumor_high,control,shap,0,0,14,0.0,0.3333333333333333,0.4
composition::Stromal cells,0,1,2,0,0.3333333333333333,0.4,0.5,2.0,False,composition_point_pattern,bc_jackson2020,motif_tumor_high,control,shap,0,1,14,0.0,0.3333333333333333,0.4
composition::Stromal cells,0,1,2,0,0.3333333333333333,0.4,0.5,2.0,False,composition_point_pattern,bc_jackson2020,motif_tumor_high,control,shap,0,2,14,0.0,0.3333333333333333,0.4
composition::Stromal cells,0,0,2,0,0.0,0.4,0.25,4.0,False,composition_point_pattern,bc_jackson2020,motif_tumor_high,control,shap,0,3,14,0.0,0.0,0.4
composition::Stromal cells,0,1,2,0,0.3333333333333333,0.4,0.3333333333333333,3.0,False,composition_point_pattern,bc_jackson2020,motif_tumor_high,control,shap,0,4,14,0.0,0.3333333333333333,0.4
composition::Stromal cells,0,1,2,0,0.3333333333333333,0.4,0.3333333333333333,3.0,False,composition_point_pattern,bc_jackson2020,motif_tumor_high,control,shap,1,0,14,0.0,0.3333333333333333,0.4
composition::Stromal cells,0,1,2,0,0.3333333333333333,0.4,0.3333333333333333,3.0,False,composition_point_pattern,bc_jackson2020,motif_tumor_high,control,shap,1,1,14,0.0,0.3333333333333333,0.4
composition::Stromal cells,0,1,2,0,0.3333333333333333,0.4,0.5,2.0,False,composition_point_pattern,bc_jackson2020,motif_tumor_high,control,shap,1,2,14,0.0,0.3333333333333333,0.4
composition::Stromal cells,0,1,2,0,0.3333333333333333,0.4,0.5,2.0,False,composition_point_pattern,bc_jackson2020,motif_tumor_high,control,shap,1,3,14,0.0,0.3333333333333333,0.4
composition::Stromal cells,0,1,2,0,0.3333333333333333,0.4,0.3333333333333333,3.0,False,composition_point_pattern,bc_jackson2020,motif_tumor_high,control,shap,1,4,14,0.0,0.3333333333333333,0.4
composition::Stromal cells,0,1,2,0,0.3333333333333333,0.4,0.3333333333333333,3.0,False,composition_point_pattern,bc_jackson2020,motif_tumor_high,control,shap,2,0,14,0.0,0.3333333333333333,0.4
composition::Stromal cells,0,1,2,0,0.3333333333333333,0.4,0.3333333333333333,3.0,False,composition_point_pattern,bc_jackson2020,motif_tumor_high,control,shap,2,1,14,0.0,0.3333333333333333,0.4
composition::Stromal cells,0,1,2,0,0.3333333333333333,0.4,0.5,2.0,False,composition_point_pattern,bc_jackson2020,motif_tumor_high,control,shap,2,2,14,0.0,0.3333333333333333,0.4
composition::Stromal cells,0,1,2,0,0.3333333333333333,0.4,0.3333333333333333,3.0,False,composition_point_pattern,bc_jackson2020,motif_tumor_high,control,shap,2,3,14,0.0,0.3333333333333333,0.4
composition::Stromal cells,0,1,2,0,0.3333333333333333,0.4,0.3333333333333333,3.0,False,composition_point_pattern,bc_jackson2020,motif_tumor_high,control,shap,2,4,14,0.0,0.3333333333333333,0.4
composition::Myoepithelial,0,0,0,0,0.0,0.0,0.0,,False,composition_point_pattern,bc_metabric_ali2020,motif_interface_immune,spatial,lasso,0,0,20,0.0,0.0,0.0
composition::Myoepithelial,0,0,0,0,0.0,0.0,0.14285714285714285,7.0,False,composition_point_pattern,bc_metabric_ali2020,motif_interface_immune,spatial,lasso,0,1,20,0.0,0.0,0.0
composition::Myoepithelial,0,0,0,0,0.0,0.0,0.0,,False,composition_point_pattern,bc_metabric_ali2020,motif_interface_immune,spatial,lasso,0,2,20,0.0,0.0,0.0
composition::Myoepithelial,0,0,0,0,0.0,0.0,0.07142857142857142,14.0,False,composition_point_pattern,bc_metabric_ali2020,motif_interface_immune,spatial,lasso,0,3,20,0.0,0.0,0.0
composition::Myoepithelial,0,0,0,0,0.0,0.0,0.05,20.0,False,composition_point_pattern,bc_metabric_ali2020,motif_interface_immune,spatial,lasso,0,4,20,0.0,0.0,0.0
composition::Myoepithelial,0,0,0,0,0.0,0.0,0.125,8.0,False,composition_point_pattern,bc_metabric_ali2020,motif_interface_immune,spatial,lasso,1,0,20,0.0,0.0,0.0
composition::Myoepithelial,0,0,0,0,0.0,0.0,0.0625,16.0,False,composition_point_pattern,bc_metabric_ali2020,motif_interface_immune,spatial,lasso,1,1,20,0.0,0.0,0.0
composition::Myoepithelial,0,0,0,0,0.0,0.0,0.07692307692307693,13.0,False,composition_point_pattern,bc_metabric_ali2020,motif_interface_immune,spatial,lasso,1,2,20,0.0,0.0,0.0
composition::Myoepithelial,0,0,0,0,0.0,0.0,0.0,,False,composition_point_pattern,bc_metabric_ali2020,motif_interface_immune,spatial,lasso,1,3,20,0.0,0.0,0.0
point-pattern::Fibroblasts_L_r20,0,0,0,0,0.0,0.0,0.14285714285714285,7.0,False,composition_point_pattern,bc_metabric_ali2020,motif_interface_immune,spatial,lasso,1,4,20,0.0,0.0,0.0
composition::Myoepithelial,0,0,0,0,0.0,0.0,0.05263157894736842,19.0,False,composition_point_pattern,bc_metabric_ali2020,motif_interface_immune,spatial,lasso,2,0,20,0.0,0.0,0.0
composition::Myoepithelial,0,0,0,0,0.0,0.0,0.16666666666666666,6.0,False,composition_point_pattern,bc_metabric_ali2020,motif_interface_immune,spatial,lasso,2,1,20,0.0,0.0,0.0
composition::Myoepithelial,0,0,0,0,0.0,0.0,0.0,,False,composition_point_pattern,bc_metabric_ali2020,motif_interface_immune,spatial,lasso,2,2,20,0.0,0.0,0.0
composition::HRlow CKlow,0,0,0,0,0.0,0.0,0.0,,False,composition_point_pattern,bc_metabric_ali2020,motif_interface_immune,spatial,lasso,2,3,20,0.0,0.0,0.0
composition::Myoepithelial,0,0,0,0,0.0,0.0,0.0,,False,composition_point_pattern,bc_metabric_ali2020,motif_interface_immune,spatial,lasso,2,4,20,0.0,0.0,0.0
composition::Myoepithelial,0,0,0,0,0.0,0.0,0.0,,False,composition_point_pattern,bc_metabric_ali2020,motif_interface_immune,spatial,shap,0,0,20,0.0,0.0,0.0
point-pattern::Fibroblasts CD68+_L_r50,0,0,0,0,0.0,0.0,0.08333333333333333,12.0,False,composition_point_pattern,bc_metabric_ali2020,motif_interface_immune,spatial,shap,0,1,20,0.0,0.0,0.0
composition::Fibroblasts,0,0,0,0,0.0,0.0,0.0,,False,composition_point_pattern,bc_metabric_ali2020,motif_interface_immune,spatial,shap,0,2,20,0.0,0.0,0.0
composition::Myoepithelial,0,0,0,0,0.0,0.0,0.0,,False,composition_point_pattern,bc_metabric_ali2020,motif_interface_immune,spatial,shap,0,3,20,0.0,0.0,0.0
point-pattern::HR+ CK7- Ki67+_L_r50,0,0,0,0,0.0,0.0,0.0625,16.0,False,composition_point_pattern,bc_metabric_ali2020,motif_interface_immune,spatial,shap,0,4,20,0.0,0.0,0.0
point-pattern::HR+ CK7-_L_r50,0,0,0,0,0.0,0.0,0.0,,False,composition_point_pattern,bc_metabric_ali2020,motif_interface_immune,spatial,shap,1,0,20,0.0,0.0,0.0
composition::Myoepithelial,0,0,0,0,0.0,0.0,0.0,,False,composition_point_pattern,bc_metabric_ali2020,motif_interface_immune,spatial,shap,1,1,20,0.0,0.0,0.0
point-pattern::HR+ CK7- Ki67+_L_r50,0,0,0,0,0.0,0.0,0.07142857142857142,14.0,False,composition_point_pattern,bc_metabric_ali2020,motif_interface_immune,spatial,shap,1,2,20,0.0,0.0,0.0
point-pattern::T cells_K_r200,0,0,0,0,0.0,0.0,0.0,,False,composition_point_pattern,bc_metabric_ali2020,motif_interface_immune,spatial,shap,1,3,20,0.0,0.0,0.0
point-pattern::Fibroblasts CD68+_L_r50,0,0,1,0,0.0,0.2,0.25,4.0,False,composition_point_pattern,bc_metabric_ali2020,motif_interface_immune,spatial,shap,1,4,20,0.0,0.0,0.2
point-pattern::HR+ CK7-_K_r50,0,0,0,0,0.0,0.0,0.07142857142857142,14.0,False,composition_point_pattern,bc_metabric_ali2020,motif_interface_immune,spatial,shap,2,0,20,0.0,0.0,0.0
point-pattern::Fibroblasts_L_r20,0,0,0,0,0.0,0.0,0.0,,False,composition_point_pattern,bc_metabric_ali2020,motif_interface_immune,spatial,shap,2,1,20,0.0,0.0,0.0
point-pattern::HR+ CK7- Ki67+_L_r50,0,0,0,0,0.0,0.0,0.058823529411764705,17.0,False,composition_point_pattern,bc_metabric_ali2020,motif_interface_immune,spatial,shap,2,2,20,0.0,0.0,0.0
composition::Myoepithelial,0,0,0,0,0.0,0.0,0.0,,False,composition_point_pattern,bc_metabric_ali2020,motif_interface_immune,spatial,shap,2,3,20,0.0,0.0,0.0
composition::Hypoxia,0,0,0,0,0.0,0.0,0.0,,False,composition_point_pattern,bc_metabric_ali2020,motif_interface_immune,spatial,shap,2,4,20,0.0,0.0,0.0
point-pattern::HR+ CK7-_L_r50,0,0,0,0,0.0,0.0,0.0,,False,composition_point_pattern,bc_metabric_ali2020,motif_tumor_stroma_mixing,spatial,lasso,0,0,0,0.0,0.0,0.0
point-pattern::HR- CK7-_L_r50,0,0,0,0,0.0,0.0,0.0,,False,composition_point_pattern,bc_metabric_ali2020,motif_tumor_stroma_mixing,spatial,lasso,0,1,0,0.0,0.0,0.0
point-pattern::HR+ CK7-_L_r50,0,0,0,0,0.0,0.0,0.0,,False,composition_point_pattern,bc_metabric_ali2020,motif_tumor_stroma_mixing,spatial,lasso,0,2,0,0.0,0.0,0.0
point-pattern::HR+ CK7-_L_r100,0,0,0,0,0.0,0.0,0.0,,False,composition_point_pattern,bc_metabric_ali2020,motif_tumor_stroma_mixing,spatial,lasso,0,3,0,0.0,0.0,0.0
point-pattern::HR+ CK7-_L_r50,0,0,0,0,0.0,0.0,0.0,,False,composition_point_pattern,bc_metabric_ali2020,motif_tumor_stroma_mixing,spatial,lasso,0,4,0,0.0,0.0,0.0
point-pattern::HR+ CK7-_L_r10,0,0,0,0,0.0,0.0,0.0,,False,composition_point_pattern,bc_metabric_ali2020,motif_tumor_stroma_mixing,spatial,lasso,1,0,0,0.0,0.0,0.0
point-pattern::HR+ CK7-_L_r100,0,0,0,0,0.0,0.0,0.0,,False,composition_point_pattern,bc_metabric_ali2020,motif_tumor_stroma_mixing,spatial,lasso,1,1,0,0.0,0.0,0.0
composition::B cells,0,0,0,0,0.0,0.0,0.0,,False,composition_point_pattern,bc_metabric_ali2020,motif_tumor_stroma_mixing,spatial,lasso,1,2,0,0.0,0.0,0.0
point-pattern::HR+ CK7-_L_r50,0,0,0,0,0.0,0.0,0.0,,False,composition_point_pattern,bc_metabric_ali2020,motif_tumor_stroma_mixing,spatial,lasso,1,3,0,0.0,0.0,0.0
point-pattern::HR+ CK7-_L_r50,0,0,0,0,0.0,0.0,0.0,,False,composition_point_pattern,bc_metabric_ali2020,motif_tumor_stroma_mixing,spatial,lasso,1,4,0,0.0,0.0,0.0
point-pattern::HR- CK7+_K_r20,0,0,0,0,0.0,0.0,0.0,,False,composition_point_pattern,bc_metabric_ali2020,motif_tumor_stroma_mixing,spatial,lasso,2,0,0,0.0,0.0,0.0
point-pattern::HR+ CK7-_L_r50,0,0,0,0,0.0,0.0,0.0,,False,composition_point_pattern,bc_metabric_ali2020,motif_tumor_stroma_mixing,spatial,lasso,2,1,0,0.0,0.0,0.0
point-pattern::HR+ CK7-_L_r50,0,0,0,0,0.0,0.0,0.0,,False,composition_point_pattern,bc_metabric_ali2020,motif_tumor_stroma_mixing,spatial,lasso,2,2,0,0.0,0.0,0.0
point-pattern::HR+ CK7-_L_r50,0,0,0,0,0.0,0.0,0.0,,False,composition_point_pattern,bc_metabric_ali2020,motif_tumor_stroma_mixing,spatial,lasso,2,3,0,0.0,0.0,0.0
point-pattern::HR+ CK7-_L_r100,0,0,0,0,0.0,0.0,0.0,,False,composition_point_pattern,bc_metabric_ali2020,motif_tumor_stroma_mixing,spatial,lasso,2,4,0,0.0,0.0,0.0
point-pattern::Fibroblasts_K_r20,0,0,0,0,0.0,0.0,0.0,,False,composition_point_pattern,bc_metabric_ali2020,motif_tumor_stroma_mixing,spatial,shap,0,0,0,0.0,0.0,0.0
point-pattern::Fibroblasts CD68+_K_r50,0,0,0,0,0.0,0.0,0.0,,False,composition_point_pattern,bc_metabric_ali2020,motif_tumor_stroma_mixing,spatial,shap,0,1,0,0.0,0.0,0.0
point-pattern::Fibroblasts CD68+_K_r50,0,0,0,0,0.0,0.0,0.0,,False,composition_point_pattern,bc_metabric_ali2020,motif_tumor_stroma_mixing,spatial,shap,0,2,0,0.0,0.0,0.0
point-pattern::HR+ CK7-_L_r100,0,0,0,0,0.0,0.0,0.0,,False,composition_point_pattern,bc_metabric_ali2020,motif_tumor_stroma_mixing,spatial,shap,0,3,0,0.0,0.0,0.0
point-pattern::HR+ CK7-_L_r50,0,0,0,0,0.0,0.0,0.0,,False,composition_point_pattern,bc_metabric_ali2020,motif_tumor_stroma_mixing,spatial,shap,0,4,0,0.0,0.0,0.0
point-pattern::HR- CKlow CK5+_K_r20,0,0,0,0,0.0,0.0,0.0,,False,composition_point_pattern,bc_metabric_ali2020,motif_tumor_stroma_mixing,spatial,shap,1,0,0,0.0,0.0,0.0
point-pattern::HR+ CK7-_L_r100,0,0,0,0,0.0,0.0,0.0,,False,composition_point_pattern,bc_metabric_ali2020,motif_tumor_stroma_mixing,spatial,shap,1,1,0,0.0,0.0,0.0
composition::B cells,0,0,0,0,0.0,0.0,0.0,,False,composition_point_pattern,bc_metabric_ali2020,motif_tumor_stroma_mixing,spatial,shap,1,2,0,0.0,0.0,0.0
composition::Fibroblasts,0,0,0,0,0.0,0.0,0.0,,False,composition_point_pattern,bc_metabric_ali2020,motif_tumor_stroma_mixing,spatial,shap,1,3,0,0.0,0.0,0.0
point-pattern::HR+ CK7-_L_r50,0,0,0,0,0.0,0.0,0.0,,False,composition_point_pattern,bc_metabric_ali2020,motif_tumor_stroma_mixing,spatial,shap,1,4,0,0.0,0.0,0.0
point-pattern::HR- CK7-_L_r50,0,0,0,0,0.0,0.0,0.0,,False,composition_point_pattern,bc_metabric_ali2020,motif_tumor_stroma_mixing,spatial,shap,2,0,0,0.0,0.0,0.0
point-pattern::HR+ CK7-_L_r50,0,0,0,0,0.0,0.0,0.0,,False,composition_point_pattern,bc_metabric_ali2020,motif_tumor_stroma_mixing,spatial,shap,2,1,0,0.0,0.0,0.0
point-pattern::HR+ CK7-_L_r50,0,0,0,0,0.0,0.0,0.0,,False,composition_point_pattern,bc_metabric_ali2020,motif_tumor_stroma_mixing,spatial,shap,2,2,0,0.0,0.0,0.0
point-pattern::HR- CK7-_K_r10,0,0,0,0,0.0,0.0,0.0,,False,composition_point_pattern,bc_metabric_ali2020,motif_tumor_stroma_mixing,spatial,shap,2,3,0,0.0,0.0,0.0
point-pattern::Fibroblasts CD68+_K_r50,0,0,0,0,0.0,0.0,0.0,,False,composition_point_pattern,bc_metabric_ali2020,motif_tumor_stroma_mixing,spatial,shap,2,4,0,0.0,0.0,0.0
point-pattern::CD8 T cell_L_r200,1,3,4,1,1.0,0.8,1.0,1.0,False,composition_point_pattern,hnc_wu2022,motif_cd8_clustering,spatial,lasso,0,0,10,1.0,1.0,0.8
point-pattern::CD8 T cell_L_r200,1,3,4,1,1.0,0.8,1.0,1.0,False,composition_point_pattern,hnc_wu2022,motif_cd8_clustering,spatial,lasso,0,1,10,1.0,1.0,0.8
point-pattern::CD8 T cell_L_r200,1,3,5,1,1.0,1.0,1.0,1.0,False,composition_point_pattern,hnc_wu2022,motif_cd8_clustering,spatial,lasso,0,2,10,1.0,1.0,1.0
point-pattern::CD8 T cell_L_r200,1,3,5,1,1.0,1.0,1.0,1.0,False,composition_point_pattern,hnc_wu2022,motif_cd8_clustering,spatial,lasso,0,3,10,1.0,1.0,1.0
point-pattern::CD8 T cell_L_r200,1,3,4,1,1.0,0.8,1.0,1.0,False,composition_point_pattern,hnc_wu2022,motif_cd8_clustering,spatial,lasso,0,4,10,1.0,1.0,0.8
point-pattern::CD8 T cell_L_r200,1,3,5,1,1.0,1.0,1.0,1.0,False,composition_point_pattern,hnc_wu2022,motif_cd8_clustering,spatial,lasso,1,0,10,1.0,1.0,1.0
point-pattern::CD8 T cell_L_r200,1,3,5,1,1.0,1.0,1.0,1.0,False,composition_point_pattern,hnc_wu2022,motif_cd8_clustering,spatial,lasso,1,1,10,1.0,1.0,1.0
point-pattern::CD8 T cell_L_r200,1,2,4,1,0.6666666666666666,0.8,1.0,1.0,False,composition_point_pattern,hnc_wu2022,motif_cd8_clustering,spatial,lasso,1,2,10,1.0,0.6666666666666666,0.8
point-pattern::CD8 T cell_L_r200,1,3,5,1,1.0,1.0,1.0,1.0,False,composition_point_pattern,hnc_wu2022,motif_cd8_clustering,spatial,lasso,1,3,10,1.0,1.0,1.0
point-pattern::CD8 T cell_L_r200,1,3,5,1,1.0,1.0,1.0,1.0,False,composition_point_pattern,hnc_wu2022,motif_cd8_clustering,spatial,lasso,1,4,10,1.0,1.0,1.0
point-pattern::CD8 T cell_L_r200,1,3,5,1,1.0,1.0,1.0,1.0,False,composition_point_pattern,hnc_wu2022,motif_cd8_clustering,spatial,lasso,2,0,10,1.0,1.0,1.0
point-pattern::CD8 T cell_L_r200,1,2,4,1,0.6666666666666666,0.8,1.0,1.0,False,composition_point_pattern,hnc_wu2022,motif_cd8_clustering,spatial,lasso,2,1,10,1.0,0.6666666666666666,0.8
point-pattern::CD8 T cell_L_r200,1,3,5,1,1.0,1.0,1.0,1.0,False,composition_point_pattern,hnc_wu2022,motif_cd8_clustering,spatial,lasso,2,2,10,1.0,1.0,1.0
point-pattern::CD8 T cell_L_r200,1,2,4,1,0.6666666666666666,0.8,1.0,1.0,False,composition_point_pattern,hnc_wu2022,motif_cd8_clustering,spatial,lasso,2,3,10,1.0,0.6666666666666666,0.8
point-pattern::CD8 T cell_L_r200,1,3,5,1,1.0,1.0,1.0,1.0,False,composition_point_pattern,hnc_wu2022,motif_cd8_clustering,spatial,lasso,2,4,10,1.0,1.0,1.0
point-pattern::CD8 T cell_L_r20,1,3,4,1,1.0,0.8,1.0,1.0,False,composition_point_pattern,hnc_wu2022,motif_cd8_clustering,spatial,shap,0,0,10,1.0,1.0,0.8
point-pattern::CD8 T cell_L_r200,1,3,5,1,1.0,1.0,1.0,1.0,False,composition_point_pattern,hnc_wu2022,motif_cd8_clustering,spatial,shap,0,1,10,1.0,1.0,1.0
point-pattern::CD8 T cell_L_r200,1,3,4,1,1.0,0.8,1.0,1.0,False,composition_point_pattern,hnc_wu2022,motif_cd8_clustering,spatial,shap,0,2,10,1.0,1.0,0.8
point-pattern::CD8 T cell_L_r200,1,3,5,1,1.0,1.0,1.0,1.0,False,composition_point_pattern,hnc_wu2022,motif_cd8_clustering,spatial,shap,0,3,10,1.0,1.0,1.0
point-pattern::CD8 T cell_L_r200,1,3,4,1,1.0,0.8,1.0,1.0,False,composition_point_pattern,hnc_wu2022,motif_cd8_clustering,spatial,shap,0,4,10,1.0,1.0,0.8
point-pattern::CD8 T cell_L_r200,1,3,5,1,1.0,1.0,1.0,1.0,False,composition_point_pattern,hnc_wu2022,motif_cd8_clustering,spatial,shap,1,0,10,1.0,1.0,1.0
point-pattern::CD8 T cell_L_r200,1,3,5,1,1.0,1.0,1.0,1.0,False,composition_point_pattern,hnc_wu2022,motif_cd8_clustering,spatial,shap,1,1,10,1.0,1.0,1.0
point-pattern::CD8 T cell_L_r200,1,2,4,1,0.6666666666666666,0.8,1.0,1.0,False,composition_point_pattern,hnc_wu2022,motif_cd8_clustering,spatial,shap,1,2,10,1.0,0.6666666666666666,0.8
point-pattern::CD8 T cell_L_r200,1,3,5,1,1.0,1.0,1.0,1.0,False,composition_point_pattern,hnc_wu2022,motif_cd8_clustering,spatial,shap,1,3,10,1.0,1.0,1.0
point-pattern::CD8 T cell_L_r200,1,2,4,1,0.6666666666666666,0.8,1.0,1.0,False,composition_point_pattern,hnc_wu2022,motif_cd8_clustering,spatial,shap,1,4,10,1.0,0.6666666666666666,0.8
point-pattern::CD8 T cell_L_r200,1,3,5,1,1.0,1.0,1.0,1.0,False,composition_point_pattern,hnc_wu2022,motif_cd8_clustering,spatial,shap,2,0,10,1.0,1.0,1.0
point-pattern::CD8 T cell_L_r200,1,2,4,1,0.6666666666666666,0.8,1.0,1.0,False,composition_point_pattern,hnc_wu2022,motif_cd8_clustering,spatial,shap,2,1,10,1.0,0.6666666666666666,0.8
point-pattern::CD8 T cell_L_r200,1,2,4,1,0.6666666666666666,0.8,1.0,1.0,False,composition_point_pattern,hnc_wu2022,motif_cd8_clustering,spatial,shap,2,2,10,1.0,0.6666666666666666,0.8
point-pattern::CD8 T cell_L_r200,1,3,4,1,1.0,0.8,1.0,1.0,False,composition_point_pattern,hnc_wu2022,motif_cd8_clustering,spatial,shap,2,3,10,1.0,1.0,0.8
point-pattern::CD8 T cell_K_r20,1,3,5,1,1.0,1.0,1.0,1.0,False,composition_point_pattern,hnc_wu2022,motif_cd8_clustering,spatial,shap,2,4,10,1.0,1.0,1.0
composition::CD8 T cell,0,0,0,0,0.0,0.0,0.06666666666666667,15.0,True,composition_point_pattern,hnc_wu2022,motif_immune_exclusion,spatial,lasso,0,0,10,0.0,0.0,0.0
composition::CD8 T cell,0,0,0,0,0.0,0.0,0.07692307692307693,13.0,True,composition_point_pattern,hnc_wu2022,motif_immune_exclusion,spatial,lasso,0,1,10,0.0,0.0,0.0
composition::CD8 T cell,0,0,0,0,0.0,0.0,0.1,10.0,True,composition_point_pattern,hnc_wu2022,motif_immune_exclusion,spatial,lasso,0,2,10,0.0,0.0,0.0
composition::CD8 T cell,0,0,0,0,0.0,0.0,0.125,8.0,True,composition_point_pattern,hnc_wu2022,motif_immune_exclusion,spatial,lasso,0,3,10,0.0,0.0,0.0
composition::CD8 T cell,0,0,0,0,0.0,0.0,0.1111111111111111,9.0,True,composition_point_pattern,hnc_wu2022,motif_immune_exclusion,spatial,lasso,0,4,10,0.0,0.0,0.0
composition::CD8 T cell,0,0,0,0,0.0,0.0,0.07142857142857142,14.0,True,composition_point_pattern,hnc_wu2022,motif_immune_exclusion,spatial,lasso,1,0,10,0.0,0.0,0.0
composition::CD8 T cell,0,0,0,0,0.0,0.0,0.14285714285714285,7.0,True,composition_point_pattern,hnc_wu2022,motif_immune_exclusion,spatial,lasso,1,1,10,0.0,0.0,0.0
composition::CD8 T cell,0,0,0,0,0.0,0.0,0.1111111111111111,9.0,True,composition_point_pattern,hnc_wu2022,motif_immune_exclusion,spatial,lasso,1,2,10,0.0,0.0,0.0
composition::CD8 T cell,0,0,0,0,0.0,0.0,0.125,8.0,True,composition_point_pattern,hnc_wu2022,motif_immune_exclusion,spatial,lasso,1,3,10,0.0,0.0,0.0
composition::CD8 T cell,0,0,0,0,0.0,0.0,0.14285714285714285,7.0,True,composition_point_pattern,hnc_wu2022,motif_immune_exclusion,spatial,lasso,1,4,10,0.0,0.0,0.0
composition::CD8 T cell,0,0,1,0,0.0,0.2,0.2,5.0,True,composition_point_pattern,hnc_wu2022,motif_immune_exclusion,spatial,lasso,2,0,10,0.0,0.0,0.2
composition::CD8 T cell,0,1,1,0,0.3333333333333333,0.2,0.3333333333333333,3.0,True,composition_point_pattern,hnc_wu2022,motif_immune_exclusion,spatial,lasso,2,1,10,0.0,0.3333333333333333,0.2
composition::CD8 T cell,0,0,0,0,0.0,0.0,0.1,10.0,True,composition_point_pattern,hnc_wu2022,motif_immune_exclusion,spatial,lasso,2,2,10,0.0,0.0,0.0
composition::CD8 T cell,0,0,0,0,0.0,0.0,0.06666666666666667,15.0,True,composition_point_pattern,hnc_wu2022,motif_immune_exclusion,spatial,lasso,2,3,10,0.0,0.0,0.0
composition::CD8 T cell,0,0,0,0,0.0,0.0,0.06666666666666667,15.0,True,composition_point_pattern,hnc_wu2022,motif_immune_exclusion,spatial,lasso,2,4,10,0.0,0.0,0.0
composition::CD8 T cell,0,0,0,0,0.0,0.0,0.0,,True,composition_point_pattern,hnc_wu2022,motif_immune_exclusion,spatial,shap,0,0,10,0.0,0.0,0.0
composition::CD8 T cell,0,0,0,0,0.0,0.0,0.05555555555555555,18.0,True,composition_point_pattern,hnc_wu2022,motif_immune_exclusion,spatial,shap,0,1,10,0.0,0.0,0.0
composition::CD8 T cell,0,0,0,0,0.0,0.0,0.14285714285714285,7.0,True,composition_point_pattern,hnc_wu2022,motif_immune_exclusion,spatial,shap,0,2,10,0.0,0.0,0.0
composition::CD8 T cell,0,0,1,0,0.0,0.2,0.2,5.0,True,composition_point_pattern,hnc_wu2022,motif_immune_exclusion,spatial,shap,0,3,10,0.0,0.0,0.2
composition::CD8 T cell,0,0,0,0,0.0,0.0,0.1111111111111111,9.0,True,composition_point_pattern,hnc_wu2022,motif_immune_exclusion,spatial,shap,0,4,10,0.0,0.0,0.0
composition::CD8 T cell,0,0,0,0,0.0,0.0,0.058823529411764705,17.0,True,composition_point_pattern,hnc_wu2022,motif_immune_exclusion,spatial,shap,1,0,10,0.0,0.0,0.0
composition::CD8 T cell,0,0,0,0,0.0,0.0,0.08333333333333333,12.0,True,composition_point_pattern,hnc_wu2022,motif_immune_exclusion,spatial,shap,1,1,10,0.0,0.0,0.0
composition::CD8 T cell,0,0,1,0,0.0,0.2,0.2,5.0,True,composition_point_pattern,hnc_wu2022,motif_immune_exclusion,spatial,shap,1,2,10,0.0,0.0,0.2
composition::CD8 T cell,0,0,0,0,0.0,0.0,0.1,10.0,True,composition_point_pattern,hnc_wu2022,motif_immune_exclusion,spatial,shap,1,3,10,0.0,0.0,0.0
composition::CD8 T cell,0,0,0,0,0.0,0.0,0.1111111111111111,9.0,True,composition_point_pattern,hnc_wu2022,motif_immune_exclusion,spatial,shap,1,4,10,0.0,0.0,0.0
composition::CD8 T cell,0,0,0,0,0.0,0.0,0.08333333333333333,12.0,True,composition_point_pattern,hnc_wu2022,motif_immune_exclusion,spatial,shap,2,0,10,0.0,0.0,0.0
composition::CD8 T cell,0,2,2,0,0.6666666666666666,0.4,0.5,2.0,True,composition_point_pattern,hnc_wu2022,motif_immune_exclusion,spatial,shap,2,1,10,0.0,0.6666666666666666,0.4
composition::CD8 T cell,0,0,0,0,0.0,0.0,0.16666666666666666,6.0,True,composition_point_pattern,hnc_wu2022,motif_immune_exclusion,spatial,shap,2,2,10,0.0,0.0,0.0
composition::CD8 T cell,0,0,0,0,0.0,0.0,0.0,,True,composition_point_pattern,hnc_wu2022,motif_immune_exclusion,spatial,shap,2,3,10,0.0,0.0,0.0
composition::CD8 T cell,0,0,0,0,0.0,0.0,0.0625,16.0,True,composition_point_pattern,hnc_wu2022,motif_immune_exclusion,spatial,shap,2,4,10,0.0,0.0,0.0
composition::CD8^+T,1,3,4,1,1.0,0.8,1.0,1.0,False,composition_point_pattern,tnbc_wang2023,motif_cd8_high,control,lasso,0,0,4,1.0,1.0,1.0
composition::CD8^+PD1^+T_{Ex},1,3,4,1,1.0,0.8,1.0,1.0,False,composition_point_pattern,tnbc_wang2023,motif_cd8_high,control,lasso,0,1,4,1.0,1.0,1.0
composition::CD8^+PD1^+T_{Ex},1,3,4,1,1.0,0.8,1.0,1.0,False,composition_point_pattern,tnbc_wang2023,motif_cd8_high,control,lasso,0,2,4,1.0,1.0,1.0
composition::CD8^+GZMB^+T,1,3,4,1,1.0,0.8,1.0,1.0,False,composition_point_pattern,tnbc_wang2023,motif_cd8_high,control,lasso,0,3,4,1.0,1.0,1.0
composition::CD8^+PD1^+T_{Ex},1,3,4,1,1.0,0.8,1.0,1.0,False,composition_point_pattern,tnbc_wang2023,motif_cd8_high,control,lasso,0,4,4,1.0,1.0,1.0
composition::CD8^+T,1,3,4,1,1.0,0.8,1.0,1.0,False,composition_point_pattern,tnbc_wang2023,motif_cd8_high,control,lasso,1,0,4,1.0,1.0,1.0
composition::CD8^+GZMB^+T,1,3,4,1,1.0,0.8,1.0,1.0,False,composition_point_pattern,tnbc_wang2023,motif_cd8_high,control,lasso,1,1,4,1.0,1.0,1.0
composition::CD8^+PD1^+T_{Ex},1,3,4,1,1.0,0.8,1.0,1.0,False,composition_point_pattern,tnbc_wang2023,motif_cd8_high,control,lasso,1,2,4,1.0,1.0,1.0
composition::CD8^+PD1^+T_{Ex},1,3,4,1,1.0,0.8,1.0,1.0,False,composition_point_pattern,tnbc_wang2023,motif_cd8_high,control,lasso,1,3,4,1.0,1.0,1.0
composition::CD8^+PD1^+T_{Ex},1,3,4,1,1.0,0.8,1.0,1.0,False,composition_point_pattern,tnbc_wang2023,motif_cd8_high,control,lasso,1,4,4,1.0,1.0,1.0
composition::CD8^+PD1^+T_{Ex},1,3,4,1,1.0,0.8,1.0,1.0,False,composition_point_pattern,tnbc_wang2023,motif_cd8_high,control,lasso,2,0,4,1.0,1.0,1.0
composition::CD8^+T,1,3,4,1,1.0,0.8,1.0,1.0,False,composition_point_pattern,tnbc_wang2023,motif_cd8_high,control,lasso,2,1,4,1.0,1.0,1.0
composition::CD8^+T,1,3,4,1,1.0,0.8,1.0,1.0,False,composition_point_pattern,tnbc_wang2023,motif_cd8_high,control,lasso,2,2,4,1.0,1.0,1.0
composition::CD8^+PD1^+T_{Ex},1,3,4,1,1.0,0.8,1.0,1.0,False,composition_point_pattern,tnbc_wang2023,motif_cd8_high,control,lasso,2,3,4,1.0,1.0,1.0
composition::CD8^+GZMB^+T,1,3,4,1,1.0,0.8,1.0,1.0,False,composition_point_pattern,tnbc_wang2023,motif_cd8_high,control,lasso,2,4,4,1.0,1.0,1.0
composition::CD8^+T,1,3,4,1,1.0,0.8,1.0,1.0,False,composition_point_pattern,tnbc_wang2023,motif_cd8_high,control,shap,0,0,4,1.0,1.0,1.0
composition::CD8^+PD1^+T_{Ex},1,3,4,1,1.0,0.8,1.0,1.0,False,composition_point_pattern,tnbc_wang2023,motif_cd8_high,control,shap,0,1,4,1.0,1.0,1.0
composition::CD8^+PD1^+T_{Ex},1,3,4,1,1.0,0.8,1.0,1.0,False,composition_point_pattern,tnbc_wang2023,motif_cd8_high,control,shap,0,2,4,1.0,1.0,1.0
composition::CD8^+GZMB^+T,1,3,4,1,1.0,0.8,1.0,1.0,False,composition_point_pattern,tnbc_wang2023,motif_cd8_high,control,shap,0,3,4,1.0,1.0,1.0
composition::CD8^+T,1,3,4,1,1.0,0.8,1.0,1.0,False,composition_point_pattern,tnbc_wang2023,motif_cd8_high,control,shap,0,4,4,1.0,1.0,1.0
composition::CD8^+T,1,3,4,1,1.0,0.8,1.0,1.0,False,composition_point_pattern,tnbc_wang2023,motif_cd8_high,control,shap,1,0,4,1.0,1.0,1.0
composition::CD8^+T,1,3,4,1,1.0,0.8,1.0,1.0,False,composition_point_pattern,tnbc_wang2023,motif_cd8_high,control,shap,1,1,4,1.0,1.0,1.0
composition::CD8^+PD1^+T_{Ex},1,3,4,1,1.0,0.8,1.0,1.0,False,composition_point_pattern,tnbc_wang2023,motif_cd8_high,control,shap,1,2,4,1.0,1.0,1.0
composition::CD8^+T,1,3,4,1,1.0,0.8,1.0,1.0,False,composition_point_pattern,tnbc_wang2023,motif_cd8_high,control,shap,1,3,4,1.0,1.0,1.0
composition::CD8^+PD1^+T_{Ex},1,3,4,1,1.0,0.8,1.0,1.0,False,composition_point_pattern,tnbc_wang2023,motif_cd8_high,control,shap,1,4,4,1.0,1.0,1.0
composition::CD8^+PD1^+T_{Ex},1,3,4,1,1.0,0.8,1.0,1.0,False,composition_point_pattern,tnbc_wang2023,motif_cd8_high,control,shap,2,0,4,1.0,1.0,1.0
composition::CD8^+T,1,3,4,1,1.0,0.8,1.0,1.0,False,composition_point_pattern,tnbc_wang2023,motif_cd8_high,control,shap,2,1,4,1.0,1.0,1.0
composition::CD8^+T,1,3,4,1,1.0,0.8,1.0,1.0,False,composition_point_pattern,tnbc_wang2023,motif_cd8_high,control,shap,2,2,4,1.0,1.0,1.0
composition::CD8^+T,1,3,4,1,1.0,0.8,1.0,1.0,False,composition_point_pattern,tnbc_wang2023,motif_cd8_high,control,shap,2,3,4,1.0,1.0,1.0
composition::CD8^+GZMB^+T,1,3,4,1,1.0,0.8,1.0,1.0,False,composition_point_pattern,tnbc_wang2023,motif_cd8_high,control,shap,2,4,4,1.0,1.0,1.0
point-pattern::T cell_L_r10,1,2,2,1,0.6666666666666666,0.4,1.0,1.0,False,density_point_pattern,bc_jackson2020,motif_apc_t_contact,spatial,lasso,0,0,20,1.0,0.6666666666666666,0.4
point-pattern::T cell_L_r10,1,1,1,1,0.3333333333333333,0.2,1.0,1.0,False,density_point_pattern,bc_jackson2020,motif_apc_t_contact,spatial,lasso,0,1,20,1.0,0.3333333333333333,0.2
density::tumor_density::T cell,0,1,1,0,0.3333333333333333,0.2,0.5,2.0,False,density_point_pattern,bc_jackson2020,motif_apc_t_contact,spatial,lasso,0,2,20,0.0,0.3333333333333333,0.2
point-pattern::T cell_L_r10,1,1,2,1,0.3333333333333333,0.4,1.0,1.0,False,density_point_pattern,bc_jackson2020,motif_apc_t_contact,spatial,lasso,0,3,20,1.0,0.3333333333333333,0.4
point-pattern::T cell_L_r10,1,2,2,1,0.6666666666666666,0.4,1.0,1.0,False,density_point_pattern,bc_jackson2020,motif_apc_t_contact,spatial,lasso,0,4,20,1.0,0.6666666666666666,0.4
point-pattern::T cell_L_r10,1,2,2,1,0.6666666666666666,0.4,1.0,1.0,False,density_point_pattern,bc_jackson2020,motif_apc_t_contact,spatial,lasso,1,0,20,1.0,0.6666666666666666,0.4
point-pattern::T cell_L_r10,1,1,2,1,0.3333333333333333,0.4,1.0,1.0,False,density_point_pattern,bc_jackson2020,motif_apc_t_contact,spatial,lasso,1,1,20,1.0,0.3333333333333333,0.4
point-pattern::T cell_L_r10,1,1,3,1,0.3333333333333333,0.6,1.0,1.0,False,density_point_pattern,bc_jackson2020,motif_apc_t_contact,spatial,lasso,1,2,20,1.0,0.3333333333333333,0.6
point-pattern::T cell_L_r10,1,2,2,1,0.6666666666666666,0.4,1.0,1.0,False,density_point_pattern,bc_jackson2020,motif_apc_t_contact,spatial,lasso,1,3,20,1.0,0.6666666666666666,0.4
point-pattern::Tumor (CK7+)_K_r50,0,1,2,0,0.3333333333333333,0.4,0.3333333333333333,3.0,False,density_point_pattern,bc_jackson2020,motif_apc_t_contact,spatial,lasso,1,4,20,0.0,0.3333333333333333,0.4
point-pattern::T cell_L_r10,1,1,2,1,0.3333333333333333,0.4,1.0,1.0,False,density_point_pattern,bc_jackson2020,motif_apc_t_contact,spatial,lasso,2,0,20,1.0,0.3333333333333333,0.4
point-pattern::T cell_L_r10,1,3,4,1,1.0,0.8,1.0,1.0,False,density_point_pattern,bc_jackson2020,motif_apc_t_contact,spatial,lasso,2,1,20,1.0,1.0,0.8
density::tissue_density::Tumor (Epithelial low),0,1,1,0,0.3333333333333333,0.2,0.5,2.0,False,density_point_pattern,bc_jackson2020,motif_apc_t_contact,spatial,lasso,2,2,20,0.0,0.3333333333333333,0.2
point-pattern::T cell_L_r10,1,1,1,1,0.3333333333333333,0.2,1.0,1.0,False,density_point_pattern,bc_jackson2020,motif_apc_t_contact,spatial,lasso,2,3,20,1.0,0.3333333333333333,0.2
point-pattern::T cell_L_r10,1,3,3,1,1.0,0.6,1.0,1.0,False,density_point_pattern,bc_jackson2020,motif_apc_t_contact,spatial,lasso,2,4,20,1.0,1.0,0.6
density::tissue_density::Tumor (Epithelial low),0,2,3,0,0.6666666666666666,0.6,0.5,2.0,False,density_point_pattern,bc_jackson2020,motif_apc_t_contact,spatial,shap,0,0,20,0.0,0.6666666666666666,0.6
point-pattern::Tumor (CK+ HR+)_K_r50,0,1,2,0,0.3333333333333333,0.4,0.5,2.0,False,density_point_pattern,bc_jackson2020,motif_apc_t_contact,spatial,shap,0,1,20,0.0,0.3333333333333333,0.4
point-pattern::T cell_L_r10,1,1,3,1,0.3333333333333333,0.6,1.0,1.0,False,density_point_pattern,bc_jackson2020,motif_apc_t_contact,spatial,shap,0,2,20,1.0,0.3333333333333333,0.6
point-pattern::Tumor (CK+ HR+)_L_r10,0,1,1,0,0.3333333333333333,0.2,0.5,2.0,False,density_point_pattern,bc_jackson2020,motif_apc_t_contact,spatial,shap,0,3,20,0.0,0.3333333333333333,0.2
point-pattern::T cell_L_r10,1,1,3,1,0.3333333333333333,0.6,1.0,1.0,False,density_point_pattern,bc_jackson2020,motif_apc_t_contact,spatial,shap,0,4,20,1.0,0.3333333333333333,0.6
point-pattern::T cell_L_r10,1,1,1,1,0.3333333333333333,0.2,1.0,1.0,False,density_point_pattern,bc_jackson2020,motif_apc_t_contact,spatial,shap,1,0,20,1.0,0.3333333333333333,0.2
point-pattern::T cell_L_r10,1,2,4,1,0.6666666666666666,0.8,1.0,1.0,False,density_point_pattern,bc_jackson2020,motif_apc_t_contact,spatial,shap,1,1,20,1.0,0.6666666666666666,0.8
point-pattern::T cell_L_r10,1,2,3,1,0.6666666666666666,0.6,1.0,1.0,False,density_point_pattern,bc_jackson2020,motif_apc_t_contact,spatial,shap,1,2,20,1.0,0.6666666666666666,0.6
point-pattern::Macrophage_L_r200,1,2,2,1,0.6666666666666666,0.4,1.0,1.0,False,density_point_pattern,bc_jackson2020,motif_apc_t_contact,spatial,shap,1,3,20,1.0,0.6666666666666666,0.4
point-pattern::Tumor (CK7+)_K_r50,0,0,1,0,0.0,0.2,0.25,4.0,False,density_point_pattern,bc_jackson2020,motif_apc_t_contact,spatial,shap,1,4,20,0.0,0.0,0.2
point-pattern::T cell_L_r10,1,1,1,1,0.3333333333333333,0.2,1.0,1.0,False,density_point_pattern,bc_jackson2020,motif_apc_t_contact,spatial,shap,2,0,20,1.0,0.3333333333333333,0.2
point-pattern::T cell_L_r10,1,2,3,1,0.6666666666666666,0.6,1.0,1.0,False,density_point_pattern,bc_jackson2020,motif_apc_t_contact,spatial,shap,2,1,20,1.0,0.6666666666666666,0.6
density::tissue_density::Tumor (Epithelial low),0,1,1,0,0.3333333333333333,0.2,0.5,2.0,False,density_point_pattern,bc_jackson2020,motif_apc_t_contact,spatial,shap,2,2,20,0.0,0.3333333333333333,0.2
point-pattern::Tumor (CK+ HR+)_L_r10,0,1,2,0,0.3333333333333333,0.4,0.5,2.0,False,density_point_pattern,bc_jackson2020,motif_apc_t_contact,spatial,shap,2,3,20,0.0,0.3333333333333333,0.4
point-pattern::Tumor (CK+ HR+)_K_r50,0,1,3,0,0.3333333333333333,0.6,0.5,2.0,False,density_point_pattern,bc_jackson2020,motif_apc_t_contact,spatial,shap,2,4,20,0.0,0.3333333333333333,0.6
density::tumor_density::T cell,1,2,2,1,0.6666666666666666,0.4,1.0,1.0,False,density_point_pattern,bc_jackson2020,motif_cd8_tumor_contact,spatial,lasso,0,0,11,1.0,0.6666666666666666,0.4
density::tumor_density::T cell,1,1,1,1,0.3333333333333333,0.2,1.0,1.0,False,density_point_pattern,bc_jackson2020,motif_cd8_tumor_contact,spatial,lasso,0,1,11,1.0,0.3333333333333333,0.2
density::tumor_density::T cell,1,2,3,1,0.6666666666666666,0.6,1.0,1.0,False,density_point_pattern,bc_jackson2020,motif_cd8_tumor_contact,spatial,lasso,0,2,11,1.0,0.6666666666666666,0.6
density::tumor_density::T cell,1,1,2,1,0.3333333333333333,0.4,1.0,1.0,False,density_point_pattern,bc_jackson2020,motif_cd8_tumor_contact,spatial,lasso,0,3,11,1.0,0.3333333333333333,0.4
point-pattern::T cell_L_r10,1,2,2,1,0.6666666666666666,0.4,1.0,1.0,False,density_point_pattern,bc_jackson2020,motif_cd8_tumor_contact,spatial,lasso,0,4,11,1.0,0.6666666666666666,0.4
density::tumor_density::T cell,1,2,2,1,0.6666666666666666,0.4,1.0,1.0,False,density_point_pattern,bc_jackson2020,motif_cd8_tumor_contact,spatial,lasso,1,0,11,1.0,0.6666666666666666,0.4
density::tumor_density::T cell,1,2,2,1,0.6666666666666666,0.4,1.0,1.0,False,density_point_pattern,bc_jackson2020,motif_cd8_tumor_contact,spatial,lasso,1,1,11,1.0,0.6666666666666666,0.4
density::tumor_density::T cell,1,2,2,1,0.6666666666666666,0.4,1.0,1.0,False,density_point_pattern,bc_jackson2020,motif_cd8_tumor_contact,spatial,lasso,1,2,11,1.0,0.6666666666666666,0.4
density::tumor_density::T cell,1,2,2,1,0.6666666666666666,0.4,1.0,1.0,False,density_point_pattern,bc_jackson2020,motif_cd8_tumor_contact,spatial,lasso,1,3,11,1.0,0.6666666666666666,0.4
density::tumor_density::T cell,1,2,3,1,0.6666666666666666,0.6,1.0,1.0,False,density_point_pattern,bc_jackson2020,motif_cd8_tumor_contact,spatial,lasso,1,4,11,1.0,0.6666666666666666,0.6
density::tumor_density::T cell,1,2,2,1,0.6666666666666666,0.4,1.0,1.0,False,density_point_pattern,bc_jackson2020,motif_cd8_tumor_contact,spatial,lasso,2,0,11,1.0,0.6666666666666666,0.4
density::tumor_density::T cell,1,2,3,1,0.6666666666666666,0.6,1.0,1.0,False,density_point_pattern,bc_jackson2020,motif_cd8_tumor_contact,spatial,lasso,2,1,11,1.0,0.6666666666666666,0.6
density::tumor_density::T cell,1,2,2,1,0.6666666666666666,0.4,1.0,1.0,False,density_point_pattern,bc_jackson2020,motif_cd8_tumor_contact,spatial,lasso,2,2,11,1.0,0.6666666666666666,0.4
density::tumor_density::T cell,1,2,2,1,0.6666666666666666,0.4,1.0,1.0,False,density_point_pattern,bc_jackson2020,motif_cd8_tumor_contact,spatial,lasso,2,3,11,1.0,0.6666666666666666,0.4
density::tumor_density::T cell,1,2,2,1,0.6666666666666666,0.4,1.0,1.0,False,density_point_pattern,bc_jackson2020,motif_cd8_tumor_contact,spatial,lasso,2,4,11,1.0,0.6666666666666666,0.4
point-pattern::T cell_L_r10,1,2,2,1,0.6666666666666666,0.4,1.0,1.0,False,density_point_pattern,bc_jackson2020,motif_cd8_tumor_contact,spatial,shap,0,0,11,1.0,0.6666666666666666,0.4
density::tumor_density::T cell,1,1,2,1,0.3333333333333333,0.4,1.0,1.0,False,density_point_pattern,bc_jackson2020,motif_cd8_tumor_contact,spatial,shap,0,1,11,1.0,0.3333333333333333,0.4
density::tumor_density::T cell,1,2,4,1,0.6666666666666666,0.8,1.0,1.0,False,density_point_pattern,bc_jackson2020,motif_cd8_tumor_contact,spatial,shap,0,2,11,1.0,0.6666666666666666,0.8
density::tissue_density::Tumor (Epithelial low),0,0,1,0,0.0,0.2,0.25,4.0,True,density_point_pattern,bc_jackson2020,motif_cd8_tumor_contact,spatial,shap,0,3,11,0.0,0.0,0.2
point-pattern::T cell_L_r10,1,2,2,1,0.6666666666666666,0.4,1.0,1.0,False,density_point_pattern,bc_jackson2020,motif_cd8_tumor_contact,spatial,shap,0,4,11,1.0,0.6666666666666666,0.4
point-pattern::T cell_L_r10,1,3,3,1,1.0,0.6,1.0,1.0,False,density_point_pattern,bc_jackson2020,motif_cd8_tumor_contact,spatial,shap,1,0,11,1.0,1.0,0.6
density::tumor_density::T cell,1,2,2,1,0.6666666666666666,0.4,1.0,1.0,False,density_point_pattern,bc_jackson2020,motif_cd8_tumor_contact,spatial,shap,1,1,11,1.0,0.6666666666666666,0.4
density::tumor_density::T cell,1,2,2,1,0.6666666666666666,0.4,1.0,1.0,False,density_point_pattern,bc_jackson2020,motif_cd8_tumor_contact,spatial,shap,1,2,11,1.0,0.6666666666666666,0.4
point-pattern::T cell_L_r10,1,2,2,1,0.6666666666666666,0.4,1.0,1.0,False,density_point_pattern,bc_jackson2020,motif_cd8_tumor_contact,spatial,shap,1,3,11,1.0,0.6666666666666666,0.4
density::tumor_density::T cell,1,2,3,1,0.6666666666666666,0.6,1.0,1.0,False,density_point_pattern,bc_jackson2020,motif_cd8_tumor_contact,spatial,shap,1,4,11,1.0,0.6666666666666666,0.6
point-pattern::T cell_L_r10,1,2,2,1,0.6666666666666666,0.4,1.0,1.0,False,density_point_pattern,bc_jackson2020,motif_cd8_tumor_contact,spatial,shap,2,0,11,1.0,0.6666666666666666,0.4
point-pattern::Tumor (CK+ HR lo)_L_r50,0,2,3,0,0.6666666666666666,0.6,0.5,2.0,False,density_point_pattern,bc_jackson2020,motif_cd8_tumor_contact,spatial,shap,2,1,11,0.0,0.6666666666666666,0.6
density::tumor_density::T cell,1,2,2,1,0.6666666666666666,0.4,1.0,1.0,False,density_point_pattern,bc_jackson2020,motif_cd8_tumor_contact,spatial,shap,2,2,11,1.0,0.6666666666666666,0.4
point-pattern::T cell_L_r10,1,2,2,1,0.6666666666666666,0.4,1.0,1.0,False,density_point_pattern,bc_jackson2020,motif_cd8_tumor_contact,spatial,shap,2,3,11,1.0,0.6666666666666666,0.4
density::tumor_density::T cell,1,2,2,1,0.6666666666666666,0.4,1.0,1.0,False,density_point_pattern,bc_jackson2020,motif_cd8_tumor_contact,spatial,shap,2,4,11,1.0,0.6666666666666666,0.4
density::tumor_density::Macrophage,0,2,4,0,0.6666666666666666,0.8,0.5,2.0,False,density_point_pattern,bc_jackson2020,motif_macrophage_tumor_niche,spatial,lasso,0,0,150,0.0,0.6666666666666666,0.8
density::tumor_density::Macrophage,0,0,1,0,0.0,0.2,0.25,4.0,False,density_point_pattern,bc_jackson2020,motif_macrophage_tumor_niche,spatial,lasso,0,1,150,0.0,0.0,0.2
density::tumor_density::Macrophage,0,2,3,0,0.6666666666666666,0.6,0.5,2.0,False,density_point_pattern,bc_jackson2020,motif_macrophage_tumor_niche,spatial,lasso,0,2,150,0.0,0.6666666666666666,0.6
point-pattern::Macrophage_L_r100,1,2,4,1,0.6666666666666666,0.8,1.0,1.0,False,density_point_pattern,bc_jackson2020,motif_macrophage_tumor_niche,spatial,lasso,0,3,150,1.0,0.6666666666666666,0.8
density::tumor_density::Macrophage,0,2,3,0,0.6666666666666666,0.6,0.5,2.0,False,density_point_pattern,bc_jackson2020,motif_macrophage_tumor_niche,spatial,lasso,0,4,150,0.0,0.6666666666666666,0.6
density::tumor_density::Macrophage,0,1,2,0,0.3333333333333333,0.4,0.5,2.0,False,density_point_pattern,bc_jackson2020,motif_macrophage_tumor_niche,spatial,lasso,1,0,150,0.0,0.3333333333333333,0.4
density::tumor_density::Macrophage,0,1,2,0,0.3333333333333333,0.4,0.3333333333333333,3.0,False,density_point_pattern,bc_jackson2020,motif_macrophage_tumor_niche,spatial,lasso,1,1,150,0.0,0.3333333333333333,0.4
density::tumor_density::Macrophage,0,1,3,0,0.3333333333333333,0.6,0.5,2.0,False,density_point_pattern,bc_jackson2020,motif_macrophage_tumor_niche,spatial,lasso,1,2,150,0.0,0.3333333333333333,0.6
density::tumor_density::Macrophage,0,1,3,0,0.3333333333333333,0.6,0.3333333333333333,3.0,False,density_point_pattern,bc_jackson2020,motif_macrophage_tumor_niche,spatial,lasso,1,3,150,0.0,0.3333333333333333,0.6
density::tumor_density::Macrophage,0,1,3,0,0.3333333333333333,0.6,0.5,2.0,False,density_point_pattern,bc_jackson2020,motif_macrophage_tumor_niche,spatial,lasso,1,4,150,0.0,0.3333333333333333,0.6
density::tumor_density::Macrophage,0,1,2,0,0.3333333333333333,0.4,0.5,2.0,False,density_point_pattern,bc_jackson2020,motif_macrophage_tumor_niche,spatial,lasso,2,0,150,0.0,0.3333333333333333,0.4
density::tumor_density::Macrophage,0,2,3,0,0.6666666666666666,0.6,0.5,2.0,False,density_point_pattern,bc_jackson2020,motif_macrophage_tumor_niche,spatial,lasso,2,1,150,0.0,0.6666666666666666,0.6
point-pattern::Macrophage_L_r100,1,2,4,1,0.6666666666666666,0.8,1.0,1.0,False,density_point_pattern,bc_jackson2020,motif_macrophage_tumor_niche,spatial,lasso,2,2,150,1.0,0.6666666666666666,0.8
density::tumor_density::Macrophage,0,1,3,0,0.3333333333333333,0.6,0.3333333333333333,3.0,False,density_point_pattern,bc_jackson2020,motif_macrophage_tumor_niche,spatial,lasso,2,3,150,0.0,0.3333333333333333,0.6
density::tumor_density::Macrophage,0,1,3,0,0.3333333333333333,0.6,0.5,2.0,False,density_point_pattern,bc_jackson2020,motif_macrophage_tumor_niche,spatial,lasso,2,4,150,0.0,0.3333333333333333,0.6
point-pattern::Tumor (CK lo HR lo)_L_r50,1,2,4,1,0.6666666666666666,0.8,1.0,1.0,False,density_point_pattern,bc_jackson2020,motif_macrophage_tumor_niche,spatial,shap,0,0,150,1.0,0.6666666666666666,0.8
density::tissue_density::Tumor (CK+ HR hi),0,0,2,0,0.0,0.4,0.25,4.0,True,density_point_pattern,bc_jackson2020,motif_macrophage_tumor_niche,spatial,shap,0,1,150,0.0,0.0,0.4
density::tumor_density::Macrophage,0,2,4,0,0.6666666666666666,0.8,0.5,2.0,False,density_point_pattern,bc_jackson2020,motif_macrophage_tumor_niche,spatial,shap,0,2,150,0.0,0.6666666666666666,0.8
density::tumor_density::Macrophage,0,1,3,0,0.3333333333333333,0.6,0.5,2.0,False,density_point_pattern,bc_jackson2020,motif_macrophage_tumor_niche,spatial,shap,0,3,150,0.0,0.3333333333333333,0.6
density::tumor_density::Macrophage,0,2,3,0,0.6666666666666666,0.6,0.5,2.0,False,density_point_pattern,bc_jackson2020,motif_macrophage_tumor_niche,spatial,shap,0,4,150,0.0,0.6666666666666666,0.6
density::tissue_density::T & B cells,0,0,2,0,0.0,0.4,0.25,4.0,False,density_point_pattern,bc_jackson2020,motif_macrophage_tumor_niche,spatial,shap,1,0,150,0.0,0.0,0.4
density::tissue_density::Endothelial,0,1,3,0,0.3333333333333333,0.6,0.3333333333333333,3.0,False,density_point_pattern,bc_jackson2020,motif_macrophage_tumor_niche,spatial,shap,1,1,150,0.0,0.3333333333333333,0.6
point-pattern::Tumor (CK+ HR+)_K_r20,1,2,4,1,0.6666666666666666,0.8,1.0,1.0,False,density_point_pattern,bc_jackson2020,motif_macrophage_tumor_niche,spatial,shap,1,2,150,1.0,0.6666666666666666,0.8
density::tumor_density::Macrophage,0,1,3,0,0.3333333333333333,0.6,0.3333333333333333,3.0,False,density_point_pattern,bc_jackson2020,motif_macrophage_tumor_niche,spatial,shap,1,3,150,0.0,0.3333333333333333,0.6
point-pattern::Macrophage_L_r100,1,2,4,1,0.6666666666666666,0.8,1.0,1.0,False,density_point_pattern,bc_jackson2020,motif_macrophage_tumor_niche,spatial,shap,1,4,150,1.0,0.6666666666666666,0.8
density::tumor_density::Macrophage,0,0,2,0,0.0,0.4,0.25,4.0,False,density_point_pattern,bc_jackson2020,motif_macrophage_tumor_niche,spatial,shap,2,0,150,0.0,0.0,0.4
point-pattern::Macrophage_L_r100,1,2,4,1,0.6666666666666666,0.8,1.0,1.0,False,density_point_pattern,bc_jackson2020,motif_macrophage_tumor_niche,spatial,shap,2,1,150,1.0,0.6666666666666666,0.8
density::tumor_density::Macrophage,0,1,3,0,0.3333333333333333,0.6,0.3333333333333333,3.0,False,density_point_pattern,bc_jackson2020,motif_macrophage_tumor_niche,spatial,shap,2,2,150,0.0,0.3333333333333333,0.6
density::tumor_density::Macrophage,0,2,3,0,0.6666666666666666,0.6,0.5,2.0,False,density_point_pattern,bc_jackson2020,motif_macrophage_tumor_niche,spatial,shap,2,3,150,0.0,0.6666666666666666,0.6
density::tumor_density::T & B cells,0,1,2,0,0.3333333333333333,0.4,0.5,2.0,False,density_point_pattern,bc_jackson2020,motif_macrophage_tumor_niche,spatial,shap,2,4,150,0.0,0.3333333333333333,0.4
density::tumor_density::T cell,0,1,2,0,0.3333333333333333,0.4,0.5,2.0,False,density_point_pattern,bc_jackson2020,motif_t_tumor_mixing,spatial,lasso,0,0,150,0.0,0.3333333333333333,0.4
density::tumor_density::T cell,0,0,0,0,0.0,0.0,0.16666666666666666,6.0,False,density_point_pattern,bc_jackson2020,motif_t_tumor_mixing,spatial,lasso,0,1,150,0.0,0.0,0.0
density::tumor_density::T cell,0,1,2,0,0.3333333333333333,0.4,0.5,2.0,False,density_point_pattern,bc_jackson2020,motif_t_tumor_mixing,spatial,lasso,0,2,150,0.0,0.3333333333333333,0.4
density::tumor_density::T cell,0,1,2,0,0.3333333333333333,0.4,0.5,2.0,False,density_point_pattern,bc_jackson2020,motif_t_tumor_mixing,spatial,lasso,0,3,150,0.0,0.3333333333333333,0.4
density::tumor_density::T cell,0,1,1,0,0.3333333333333333,0.2,0.5,2.0,False,density_point_pattern,bc_jackson2020,motif_t_tumor_mixing,spatial,lasso,0,4,150,0.0,0.3333333333333333,0.2
density::tumor_density::T cell,0,1,2,0,0.3333333333333333,0.4,0.5,2.0,False,density_point_pattern,bc_jackson2020,motif_t_tumor_mixing,spatial,lasso,1,0,150,0.0,0.3333333333333333,0.4
density::tumor_density::T cell,0,1,2,0,0.3333333333333333,0.4,0.5,2.0,False,density_point_pattern,bc_jackson2020,motif_t_tumor_mixing,spatial,lasso,1,1,150,0.0,0.3333333333333333,0.4
density::tumor_density::T cell,0,1,1,0,0.3333333333333333,0.2,0.5,2.0,False,density_point_pattern,bc_jackson2020,motif_t_tumor_mixing,spatial,lasso,1,2,150,0.0,0.3333333333333333,0.2
density::tumor_density::T cell,0,1,2,0,0.3333333333333333,0.4,0.5,2.0,False,density_point_pattern,bc_jackson2020,motif_t_tumor_mixing,spatial,lasso,1,3,150,0.0,0.3333333333333333,0.4
density::tumor_density::T cell,0,0,1,0,0.0,0.2,0.25,4.0,False,density_point_pattern,bc_jackson2020,motif_t_tumor_mixing,spatial,lasso,1,4,150,0.0,0.0,0.2
density::tumor_density::T cell,0,0,0,0,0.0,0.0,0.125,8.0,False,density_point_pattern,bc_jackson2020,motif_t_tumor_mixing,spatial,lasso,2,0,150,0.0,0.0,0.0
density::tumor_density::T cell,0,1,2,0,0.3333333333333333,0.4,0.5,2.0,False,density_point_pattern,bc_jackson2020,motif_t_tumor_mixing,spatial,lasso,2,1,150,0.0,0.3333333333333333,0.4
density::tumor_density::T cell,0,1,2,0,0.3333333333333333,0.4,0.3333333333333333,3.0,False,density_point_pattern,bc_jackson2020,motif_t_tumor_mixing,spatial,lasso,2,2,150,0.0,0.3333333333333333,0.4
density::tumor_density::T cell,0,1,2,0,0.3333333333333333,0.4,0.5,2.0,False,density_point_pattern,bc_jackson2020,motif_t_tumor_mixing,spatial,lasso,2,3,150,0.0,0.3333333333333333,0.4
density::tumor_density::T cell,0,1,1,0,0.3333333333333333,0.2,0.5,2.0,False,density_point_pattern,bc_jackson2020,motif_t_tumor_mixing,spatial,lasso,2,4,150,0.0,0.3333333333333333,0.2
point-pattern::T cell_L_r10,1,1,2,1,0.3333333333333333,0.4,1.0,1.0,False,density_point_pattern,bc_jackson2020,motif_t_tumor_mixing,spatial,shap,0,0,150,1.0,0.3333333333333333,0.4
density::tumor_density::T cell,0,0,0,0,0.0,0.0,0.16666666666666666,6.0,False,density_point_pattern,bc_jackson2020,motif_t_tumor_mixing,spatial,shap,0,1,150,0.0,0.0,0.0
density::tumor_density::T cell,0,1,3,0,0.3333333333333333,0.6,0.5,2.0,False,density_point_pattern,bc_jackson2020,motif_t_tumor_mixing,spatial,shap,0,2,150,0.0,0.3333333333333333,0.6
point-pattern::T cell_L_r10,1,1,2,1,0.3333333333333333,0.4,1.0,1.0,False,density_point_pattern,bc_jackson2020,motif_t_tumor_mixing,spatial,shap,0,3,150,1.0,0.3333333333333333,0.4
density::tumor_density::T cell,0,1,2,0,0.3333333333333333,0.4,0.5,2.0,False,density_point_pattern,bc_jackson2020,motif_t_tumor_mixing,spatial,shap,0,4,150,0.0,0.3333333333333333,0.4
density::tumor_density::T cell,0,1,2,0,0.3333333333333333,0.4,0.5,2.0,False,density_point_pattern,bc_jackson2020,motif_t_tumor_mixing,spatial,shap,1,0,150,0.0,0.3333333333333333,0.4
point-pattern::T cell_L_r10,1,2,3,1,0.6666666666666666,0.6,1.0,1.0,False,density_point_pattern,bc_jackson2020,motif_t_tumor_mixing,spatial,shap,1,1,150,1.0,0.6666666666666666,0.6
density::tumor_density::T cell,0,1,2,0,0.3333333333333333,0.4,0.3333333333333333,3.0,False,density_point_pattern,bc_jackson2020,motif_t_tumor_mixing,spatial,shap,1,2,150,0.0,0.3333333333333333,0.4
density::tumor_density::T cell,0,1,1,0,0.3333333333333333,0.2,0.5,2.0,False,density_point_pattern,bc_jackson2020,motif_t_tumor_mixing,spatial,shap,1,3,150,0.0,0.3333333333333333,0.2
point-pattern::T cell_L_r10,1,1,2,1,0.3333333333333333,0.4,1.0,1.0,False,density_point_pattern,bc_jackson2020,motif_t_tumor_mixing,spatial,shap,1,4,150,1.0,0.3333333333333333,0.4
density::tumor_density::T cell,0,0,0,0,0.0,0.0,0.16666666666666666,6.0,False,density_point_pattern,bc_jackson2020,motif_t_tumor_mixing,spatial,shap,2,0,150,0.0,0.0,0.0
point-pattern::T cell_L_r10,1,1,1,1,0.3333333333333333,0.2,1.0,1.0,False,density_point_pattern,bc_jackson2020,motif_t_tumor_mixing,spatial,shap,2,1,150,1.0,0.3333333333333333,0.2
density::tumor_density::T cell,0,1,2,0,0.3333333333333333,0.4,0.3333333333333333,3.0,False,density_point_pattern,bc_jackson2020,motif_t_tumor_mixing,spatial,shap,2,2,150,0.0,0.3333333333333333,0.4
point-pattern::T cell_L_r10,1,2,3,1,0.6666666666666666,0.6,1.0,1.0,False,density_point_pattern,bc_jackson2020,motif_t_tumor_mixing,spatial,shap,2,3,150,1.0,0.6666666666666666,0.6
density::tumor_density::T cell,0,1,1,0,0.3333333333333333,0.2,0.5,2.0,False,density_point_pattern,bc_jackson2020,motif_t_tumor_mixing,spatial,shap,2,4,150,0.0,0.3333333333333333,0.2
density::tumor_area_ratio,1,2,3,1,0.6666666666666666,0.6,1.0,1.0,False,density_point_pattern,bc_jackson2020,motif_tumor_high,control,lasso,0,0,15,1.0,0.6666666666666666,0.6
density::tumor_area_ratio,1,2,3,1,0.6666666666666666,0.6,1.0,1.0,False,density_point_pattern,bc_jackson2020,motif_tumor_high,control,lasso,0,1,15,1.0,0.6666666666666666,0.6
density::tumor_area_ratio,1,2,3,1,0.6666666666666666,0.6,1.0,1.0,False,density_point_pattern,bc_jackson2020,motif_tumor_high,control,lasso,0,2,15,1.0,0.6666666666666666,0.6
density::tumor_area_ratio,1,3,4,1,1.0,0.8,1.0,1.0,False,density_point_pattern,bc_jackson2020,motif_tumor_high,control,lasso,0,3,15,1.0,1.0,0.8
density::tumor_area_ratio,1,2,4,1,0.6666666666666666,0.8,1.0,1.0,False,density_point_pattern,bc_jackson2020,motif_tumor_high,control,lasso,0,4,15,1.0,0.6666666666666666,0.8
density::tumor_area_ratio,1,2,2,1,0.6666666666666666,0.4,1.0,1.0,False,density_point_pattern,bc_jackson2020,motif_tumor_high,control,lasso,1,0,15,1.0,0.6666666666666666,0.4
density::tumor_area_ratio,1,2,3,1,0.6666666666666666,0.6,1.0,1.0,False,density_point_pattern,bc_jackson2020,motif_tumor_high,control,lasso,1,1,15,1.0,0.6666666666666666,0.6
density::tumor_area_ratio,1,2,4,1,0.6666666666666666,0.8,1.0,1.0,False,density_point_pattern,bc_jackson2020,motif_tumor_high,control,lasso,1,2,15,1.0,0.6666666666666666,0.8
density::tumor_area_ratio,1,2,4,1,0.6666666666666666,0.8,1.0,1.0,False,density_point_pattern,bc_jackson2020,motif_tumor_high,control,lasso,1,3,15,1.0,0.6666666666666666,0.8
density::tumor_area_ratio,1,2,3,1,0.6666666666666666,0.6,1.0,1.0,False,density_point_pattern,bc_jackson2020,motif_tumor_high,control,lasso,1,4,15,1.0,0.6666666666666666,0.6
density::tumor_area_ratio,1,1,2,1,0.3333333333333333,0.4,1.0,1.0,False,density_point_pattern,bc_jackson2020,motif_tumor_high,control,lasso,2,0,15,1.0,0.3333333333333333,0.4
density::tumor_area_ratio,1,3,4,1,1.0,0.8,1.0,1.0,False,density_point_pattern,bc_jackson2020,motif_tumor_high,control,lasso,2,1,15,1.0,1.0,0.8
density::tumor_area_ratio,1,2,4,1,0.6666666666666666,0.8,1.0,1.0,False,density_point_pattern,bc_jackson2020,motif_tumor_high,control,lasso,2,2,15,1.0,0.6666666666666666,0.8
density::tumor_area_ratio,1,3,3,1,1.0,0.6,1.0,1.0,False,density_point_pattern,bc_jackson2020,motif_tumor_high,control,lasso,2,3,15,1.0,1.0,0.6
density::tumor_area_ratio,1,3,3,1,1.0,0.6,1.0,1.0,False,density_point_pattern,bc_jackson2020,motif_tumor_high,control,lasso,2,4,15,1.0,1.0,0.6
density::tumor_area_ratio,1,1,3,1,0.3333333333333333,0.6,1.0,1.0,False,density_point_pattern,bc_jackson2020,motif_tumor_high,control,shap,0,0,15,1.0,0.3333333333333333,0.6
density::tumor_area_ratio,1,2,2,1,0.6666666666666666,0.4,1.0,1.0,False,density_point_pattern,bc_jackson2020,motif_tumor_high,control,shap,0,1,15,1.0,0.6666666666666666,0.4
density::tumor_area_ratio,1,1,1,1,0.3333333333333333,0.2,1.0,1.0,False,density_point_pattern,bc_jackson2020,motif_tumor_high,control,shap,0,2,15,1.0,0.3333333333333333,0.2
density::tumor_area_ratio,1,1,1,1,0.3333333333333333,0.2,1.0,1.0,False,density_point_pattern,bc_jackson2020,motif_tumor_high,control,shap,0,3,15,1.0,0.3333333333333333,0.2
density::tumor_area_ratio,1,2,3,1,0.6666666666666666,0.6,1.0,1.0,False,density_point_pattern,bc_jackson2020,motif_tumor_high,control,shap,0,4,15,1.0,0.6666666666666666,0.6
density::tumor_area_ratio,1,2,2,1,0.6666666666666666,0.4,1.0,1.0,False,density_point_pattern,bc_jackson2020,motif_tumor_high,control,shap,1,0,15,1.0,0.6666666666666666,0.4
density::tumor_area_ratio,1,2,2,1,0.6666666666666666,0.4,1.0,1.0,False,density_point_pattern,bc_jackson2020,motif_tumor_high,control,shap,1,1,15,1.0,0.6666666666666666,0.4
density::tumor_area_ratio,1,2,3,1,0.6666666666666666,0.6,1.0,1.0,False,density_point_pattern,bc_jackson2020,motif_tumor_high,control,shap,1,2,15,1.0,0.6666666666666666,0.6
density::tumor_area_ratio,1,1,1,1,0.3333333333333333,0.2,1.0,1.0,False,density_point_pattern,bc_jackson2020,motif_tumor_high,control,shap,1,3,15,1.0,0.3333333333333333,0.2
density::tumor_area_ratio,1,1,2,1,0.3333333333333333,0.4,1.0,1.0,False,density_point_pattern,bc_jackson2020,motif_tumor_high,control,shap,1,4,15,1.0,0.3333333333333333,0.4
density::tumor_area_ratio,1,1,2,1,0.3333333333333333,0.4,1.0,1.0,False,density_point_pattern,bc_jackson2020,motif_tumor_high,control,shap,2,0,15,1.0,0.3333333333333333,0.4
density::tumor_area_ratio,1,2,2,1,0.6666666666666666,0.4,1.0,1.0,False,density_point_pattern,bc_jackson2020,motif_tumor_high,control,shap,2,1,15,1.0,0.6666666666666666,0.4
density::tumor_area_ratio,1,2,3,1,0.6666666666666666,0.6,1.0,1.0,False,density_point_pattern,bc_jackson2020,motif_tumor_high,control,shap,2,2,15,1.0,0.6666666666666666,0.6
density::tumor_area_ratio,1,1,1,1,0.3333333333333333,0.2,1.0,1.0,False,density_point_pattern,bc_jackson2020,motif_tumor_high,control,shap,2,3,15,1.0,0.3333333333333333,0.2
density::tumor_area_ratio,1,1,1,1,0.3333333333333333,0.2,1.0,1.0,False,density_point_pattern,bc_jackson2020,motif_tumor_high,control,shap,2,4,15,1.0,0.3333333333333333,0.2
density::tissue_density::Myoepithelial,0,0,0,0,0.0,0.0,0.16666666666666666,6.0,False,density_point_pattern,bc_metabric_ali2020,motif_interface_immune,spatial,lasso,0,0,24,0.0,0.0,0.0
density::tumor_density::Myoepithelial,0,0,0,0,0.0,0.0,0.07692307692307693,13.0,False,density_point_pattern,bc_metabric_ali2020,motif_interface_immune,spatial,lasso,0,1,24,0.0,0.0,0.0
density::tumor_area_ratio,0,0,0,0,0.0,0.0,0.0625,16.0,False,density_point_pattern,bc_metabric_ali2020,motif_interface_immune,spatial,lasso,0,2,24,0.0,0.0,0.0
point-pattern::HR+ CK7- Ki67+_L_r50,0,0,0,0,0.0,0.0,0.08333333333333333,12.0,False,density_point_pattern,bc_metabric_ali2020,motif_interface_immune,spatial,lasso,0,3,24,0.0,0.0,0.0
density::tumor_area_ratio,0,0,0,0,0.0,0.0,0.0625,16.0,False,density_point_pattern,bc_metabric_ali2020,motif_interface_immune,spatial,lasso,0,4,24,0.0,0.0,0.0
density::tumor_density::Myoepithelial,0,0,0,0,0.0,0.0,0.09090909090909091,11.0,False,density_point_pattern,bc_metabric_ali2020,motif_interface_immune,spatial,lasso,1,0,24,0.0,0.0,0.0
density::tumor_area_ratio,0,0,0,0,0.0,0.0,0.125,8.0,False,density_point_pattern,bc_metabric_ali2020,motif_interface_immune,spatial,lasso,1,1,24,0.0,0.0,0.0
density::tissue_density::Fibroblasts CD68+,0,0,0,0,0.0,0.0,0.0,,False,density_point_pattern,bc_metabric_ali2020,motif_interface_immune,spatial,lasso,1,2,24,0.0,0.0,0.0
density::tumor_density::HR+ CK7-,0,0,0,0,0.0,0.0,0.08333333333333333,12.0,False,density_point_pattern,bc_metabric_ali2020,motif_interface_immune,spatial,lasso,1,3,24,0.0,0.0,0.0
density::tumor_area_ratio,0,0,0,0,0.0,0.0,0.16666666666666666,6.0,False,density_point_pattern,bc_metabric_ali2020,motif_interface_immune,spatial,lasso,1,4,24,0.0,0.0,0.0
density::tumor_area_ratio,0,0,1,0,0.0,0.2,0.2,5.0,False,density_point_pattern,bc_metabric_ali2020,motif_interface_immune,spatial,lasso,2,0,24,0.0,0.0,0.2
density::tissue_density::Myoepithelial,0,0,0,0,0.0,0.0,0.125,8.0,False,density_point_pattern,bc_metabric_ali2020,motif_interface_immune,spatial,lasso,2,1,24,0.0,0.0,0.0
density::tumor_area_ratio,0,0,1,0,0.0,0.2,0.2,5.0,False,density_point_pattern,bc_metabric_ali2020,motif_interface_immune,spatial,lasso,2,2,24,0.0,0.0,0.2
density::tissue_density::HRlow CKlow,0,0,0,0,0.0,0.0,0.0,,False,density_point_pattern,bc_metabric_ali2020,motif_interface_immune,spatial,lasso,2,3,24,0.0,0.0,0.0
density::tumor_density::Myoepithelial,0,0,0,0,0.0,0.0,0.125,8.0,False,density_point_pattern,bc_metabric_ali2020,motif_interface_immune,spatial,lasso,2,4,24,0.0,0.0,0.0
density::tissue_density::HR+ CK7-,0,0,0,0,0.0,0.0,0.0,,False,density_point_pattern,bc_metabric_ali2020,motif_interface_immune,spatial,shap,0,0,24,0.0,0.0,0.0
density::tumor_density::Myoepithelial,0,0,0,0,0.0,0.0,0.0,,False,density_point_pattern,bc_metabric_ali2020,motif_interface_immune,spatial,shap,0,1,24,0.0,0.0,0.0
density::tumor_area_ratio,0,0,1,0,0.0,0.2,0.25,4.0,False,density_point_pattern,bc_metabric_ali2020,motif_interface_immune,spatial,shap,0,2,24,0.0,0.0,0.2
density::tumor_area_ratio,0,0,0,0,0.0,0.0,0.0,,False,density_point_pattern,bc_metabric_ali2020,motif_interface_immune,spatial,shap,0,3,24,0.0,0.0,0.0
density::tumor_area_ratio,0,0,0,0,0.0,0.0,0.0,,False,density_point_pattern,bc_metabric_ali2020,motif_interface_immune,spatial,shap,0,4,24,0.0,0.0,0.0
density::tumor_area_ratio,0,0,0,0,0.0,0.0,0.0,,False,density_point_pattern,bc_metabric_ali2020,motif_interface_immune,spatial,shap,1,0,24,0.0,0.0,0.0
density::tumor_area_ratio,0,0,0,0,0.0,0.0,0.0,,False,density_point_pattern,bc_metabric_ali2020,motif_interface_immune,spatial,shap,1,1,24,0.0,0.0,0.0
density::tissue_density::Fibroblasts CD68+,0,0,0,0,0.0,0.0,0.0,,False,density_point_pattern,bc_metabric_ali2020,motif_interface_immune,spatial,shap,1,2,24,0.0,0.0,0.0
density::tumor_area_ratio,0,0,0,0,0.0,0.0,0.05263157894736842,19.0,False,density_point_pattern,bc_metabric_ali2020,motif_interface_immune,spatial,shap,1,3,24,0.0,0.0,0.0
density::tumor_area_ratio,0,1,1,0,0.3333333333333333,0.2,0.3333333333333333,3.0,False,density_point_pattern,bc_metabric_ali2020,motif_interface_immune,spatial,shap,1,4,24,0.0,0.3333333333333333,0.2
density::tumor_area_ratio,0,0,0,0,0.0,0.0,0.08333333333333333,12.0,False,density_point_pattern,bc_metabric_ali2020,motif_interface_immune,spatial,shap,2,0,24,0.0,0.0,0.0
point-pattern::T cells_K_r10,0,0,0,0,0.0,0.0,0.07142857142857142,14.0,False,density_point_pattern,bc_metabric_ali2020,motif_interface_immune,spatial,shap,2,1,24,0.0,0.0,0.0
density::tumor_area_ratio,0,0,0,0,0.0,0.0,0.0,,False,density_point_pattern,bc_metabric_ali2020,motif_interface_immune,spatial,shap,2,2,24,0.0,0.0,0.0
density::tumor_area_ratio,0,0,0,0,0.0,0.0,0.0625,16.0,False,density_point_pattern,bc_metabric_ali2020,motif_interface_immune,spatial,shap,2,3,24,0.0,0.0,0.0
density::tumor_density::Hypoxia,0,1,1,0,0.3333333333333333,0.2,0.3333333333333333,3.0,False,density_point_pattern,bc_metabric_ali2020,motif_interface_immune,spatial,shap,2,4,24,0.0,0.3333333333333333,0.2
density::tissue_density::HR+ CK7-,0,0,0,0,0.0,0.0,0.0,,False,density_point_pattern,bc_metabric_ali2020,motif_tumor_stroma_mixing,spatial,lasso,0,0,0,0.0,0.0,0.0
point-pattern::Fibroblasts CD68+_L_r10,0,0,0,0,0.0,0.0,0.0,,False,density_point_pattern,bc_metabric_ali2020,motif_tumor_stroma_mixing,spatial,lasso,0,1,0,0.0,0.0,0.0
density::tumor_density::Myofibroblasts,0,0,0,0,0.0,0.0,0.0,,False,density_point_pattern,bc_metabric_ali2020,motif_tumor_stroma_mixing,spatial,lasso,0,2,0,0.0,0.0,0.0
point-pattern::HR+ CK7-_L_r100,0,0,0,0,0.0,0.0,0.0,,False,density_point_pattern,bc_metabric_ali2020,motif_tumor_stroma_mixing,spatial,lasso,0,3,0,0.0,0.0,0.0
density::tumor_density::HR- CK7+,0,0,0,0,0.0,0.0,0.0,,False,density_point_pattern,bc_metabric_ali2020,motif_tumor_stroma_mixing,spatial,lasso,0,4,0,0.0,0.0,0.0
point-pattern::HR+ CK7-_L_r10,0,0,0,0,0.0,0.0,0.0,,False,density_point_pattern,bc_metabric_ali2020,motif_tumor_stroma_mixing,spatial,lasso,1,0,0,0.0,0.0,0.0
density::tumor_density::Myofibroblasts,0,0,0,0,0.0,0.0,0.0,,False,density_point_pattern,bc_metabric_ali2020,motif_tumor_stroma_mixing,spatial,lasso,1,1,0,0.0,0.0,0.0
density::tumor_density::Vascular SMA+,0,0,0,0,0.0,0.0,0.0,,False,density_point_pattern,bc_metabric_ali2020,motif_tumor_stroma_mixing,spatial,lasso,1,2,0,0.0,0.0,0.0
density::tumor_density::Fibroblasts CD68+,0,0,0,0,0.0,0.0,0.0,,False,density_point_pattern,bc_metabric_ali2020,motif_tumor_stroma_mixing,spatial,lasso,1,3,0,0.0,0.0,0.0
density::tumor_density::Myofibroblasts,0,0,0,0,0.0,0.0,0.0,,False,density_point_pattern,bc_metabric_ali2020,motif_tumor_stroma_mixing,spatial,lasso,1,4,0,0.0,0.0,0.0
density::tissue_density::HR+ CK7-,0,0,0,0,0.0,0.0,0.0,,False,density_point_pattern,bc_metabric_ali2020,motif_tumor_stroma_mixing,spatial,lasso,2,0,0,0.0,0.0,0.0
density::tissue_density::HRlow CKlow,0,0,0,0,0.0,0.0,0.0,,False,density_point_pattern,bc_metabric_ali2020,motif_tumor_stroma_mixing,spatial,lasso,2,1,0,0.0,0.0,0.0
density::tumor_density::Myofibroblasts,0,0,0,0,0.0,0.0,0.0,,False,density_point_pattern,bc_metabric_ali2020,motif_tumor_stroma_mixing,spatial,lasso,2,2,0,0.0,0.0,0.0
density::tissue_density::HR+ CK7-,0,0,0,0,0.0,0.0,0.0,,False,density_point_pattern,bc_metabric_ali2020,motif_tumor_stroma_mixing,spatial,lasso,2,3,0,0.0,0.0,0.0
density::tumor_density::Myofibroblasts,0,0,0,0,0.0,0.0,0.0,,False,density_point_pattern,bc_metabric_ali2020,motif_tumor_stroma_mixing,spatial,lasso,2,4,0,0.0,0.0,0.0
density::tumor_density::Macrophages Vim+ CD45low,0,0,0,0,0.0,0.0,0.0,,False,density_point_pattern,bc_metabric_ali2020,motif_tumor_stroma_mixing,spatial,shap,0,0,0,0.0,0.0,0.0
density::tissue_density::HR+ CK7-,0,0,0,0,0.0,0.0,0.0,,False,density_point_pattern,bc_metabric_ali2020,motif_tumor_stroma_mixing,spatial,shap,0,1,0,0.0,0.0,0.0
density::tumor_density::Myofibroblasts,0,0,0,0,0.0,0.0,0.0,,False,density_point_pattern,bc_metabric_ali2020,motif_tumor_stroma_mixing,spatial,shap,0,2,0,0.0,0.0,0.0
density::tumor_density::Myofibroblasts,0,0,0,0,0.0,0.0,0.0,,False,density_point_pattern,bc_metabric_ali2020,motif_tumor_stroma_mixing,spatial,shap,0,3,0,0.0,0.0,0.0
point-pattern::Myofibroblasts_K_r100,0,0,0,0,0.0,0.0,0.0,,False,density_point_pattern,bc_metabric_ali2020,motif_tumor_stroma_mixing,spatial,shap,0,4,0,0.0,0.0,0.0
density::tissue_density::HR+ CK7-,0,0,0,0,0.0,0.0,0.0,,False,density_point_pattern,bc_metabric_ali2020,motif_tumor_stroma_mixing,spatial,shap,1,0,0,0.0,0.0,0.0
density::tumor_density::Myofibroblasts,0,0,0,0,0.0,0.0,0.0,,False,density_point_pattern,bc_metabric_ali2020,motif_tumor_stroma_mixing,spatial,shap,1,1,0,0.0,0.0,0.0
density::tumor_density::Vascular SMA+,0,0,0,0,0.0,0.0,0.0,,False,density_point_pattern,bc_metabric_ali2020,motif_tumor_stroma_mixing,spatial,shap,1,2,0,0.0,0.0,0.0
density::tumor_area_ratio,0,0,0,0,0.0,0.0,0.0,,False,density_point_pattern,bc_metabric_ali2020,motif_tumor_stroma_mixing,spatial,shap,1,3,0,0.0,0.0,0.0
point-pattern::HR+ CK7-_L_r50,0,0,0,0,0.0,0.0,0.0,,False,density_point_pattern,bc_metabric_ali2020,motif_tumor_stroma_mixing,spatial,shap,1,4,0,0.0,0.0,0.0
density::tissue_density::HR+ CK7-,0,0,0,0,0.0,0.0,0.0,,False,density_point_pattern,bc_metabric_ali2020,motif_tumor_stroma_mixing,spatial,shap,2,0,0,0.0,0.0,0.0
density::tumor_density::Myofibroblasts,0,0,0,0,0.0,0.0,0.0,,False,density_point_pattern,bc_metabric_ali2020,motif_tumor_stroma_mixing,spatial,shap,2,1,0,0.0,0.0,0.0
density::tumor_density::Vascular SMA+,0,0,0,0,0.0,0.0,0.0,,False,density_point_pattern,bc_metabric_ali2020,motif_tumor_stroma_mixing,spatial,shap,2,2,0,0.0,0.0,0.0
density::tissue_density::HR+ CK7-,0,0,0,0,0.0,0.0,0.0,,False,density_point_pattern,bc_metabric_ali2020,motif_tumor_stroma_mixing,spatial,shap,2,3,0,0.0,0.0,0.0
density::tumor_density::Myofibroblasts,0,0,0,0,0.0,0.0,0.0,,False,density_point_pattern,bc_metabric_ali2020,motif_tumor_stroma_mixing,spatial,shap,2,4,0,0.0,0.0,0.0
point-pattern::CD8 T cell_L_r200,1,3,5,1,1.0,1.0,1.0,1.0,False,density_point_pattern,hnc_wu2022,motif_cd8_clustering,spatial,lasso,0,0,10,1.0,1.0,1.0
point-pattern::CD8 T cell_L_r200,1,3,5,1,1.0,1.0,1.0,1.0,False,density_point_pattern,hnc_wu2022,motif_cd8_clustering,spatial,lasso,0,1,10,1.0,1.0,1.0
point-pattern::CD8 T cell_L_r200,1,3,5,1,1.0,1.0,1.0,1.0,False,density_point_pattern,hnc_wu2022,motif_cd8_clustering,spatial,lasso,0,2,10,1.0,1.0,1.0
point-pattern::CD8 T cell_L_r200,1,3,5,1,1.0,1.0,1.0,1.0,False,density_point_pattern,hnc_wu2022,motif_cd8_clustering,spatial,lasso,0,3,10,1.0,1.0,1.0
point-pattern::CD8 T cell_L_r200,1,3,4,1,1.0,0.8,1.0,1.0,False,density_point_pattern,hnc_wu2022,motif_cd8_clustering,spatial,lasso,0,4,10,1.0,1.0,0.8
point-pattern::CD8 T cell_L_r200,1,3,5,1,1.0,1.0,1.0,1.0,False,density_point_pattern,hnc_wu2022,motif_cd8_clustering,spatial,lasso,1,0,10,1.0,1.0,1.0
point-pattern::CD8 T cell_L_r200,1,3,5,1,1.0,1.0,1.0,1.0,False,density_point_pattern,hnc_wu2022,motif_cd8_clustering,spatial,lasso,1,1,10,1.0,1.0,1.0
point-pattern::CD8 T cell_L_r200,1,3,5,1,1.0,1.0,1.0,1.0,False,density_point_pattern,hnc_wu2022,motif_cd8_clustering,spatial,lasso,1,2,10,1.0,1.0,1.0
point-pattern::CD8 T cell_L_r200,1,3,5,1,1.0,1.0,1.0,1.0,False,density_point_pattern,hnc_wu2022,motif_cd8_clustering,spatial,lasso,1,3,10,1.0,1.0,1.0
point-pattern::CD8 T cell_L_r200,1,3,5,1,1.0,1.0,1.0,1.0,False,density_point_pattern,hnc_wu2022,motif_cd8_clustering,spatial,lasso,1,4,10,1.0,1.0,1.0
point-pattern::CD8 T cell_L_r200,1,3,5,1,1.0,1.0,1.0,1.0,False,density_point_pattern,hnc_wu2022,motif_cd8_clustering,spatial,lasso,2,0,10,1.0,1.0,1.0
point-pattern::CD8 T cell_L_r200,1,3,5,1,1.0,1.0,1.0,1.0,False,density_point_pattern,hnc_wu2022,motif_cd8_clustering,spatial,lasso,2,1,10,1.0,1.0,1.0
point-pattern::CD8 T cell_L_r200,1,3,5,1,1.0,1.0,1.0,1.0,False,density_point_pattern,hnc_wu2022,motif_cd8_clustering,spatial,lasso,2,2,10,1.0,1.0,1.0
point-pattern::CD8 T cell_L_r200,1,3,5,1,1.0,1.0,1.0,1.0,False,density_point_pattern,hnc_wu2022,motif_cd8_clustering,spatial,lasso,2,3,10,1.0,1.0,1.0
point-pattern::CD8 T cell_L_r200,1,3,5,1,1.0,1.0,1.0,1.0,False,density_point_pattern,hnc_wu2022,motif_cd8_clustering,spatial,lasso,2,4,10,1.0,1.0,1.0
point-pattern::CD8 T cell_L_r10,1,3,5,1,1.0,1.0,1.0,1.0,False,density_point_pattern,hnc_wu2022,motif_cd8_clustering,spatial,shap,0,0,10,1.0,1.0,1.0
point-pattern::CD8 T cell_L_r200,1,3,5,1,1.0,1.0,1.0,1.0,False,density_point_pattern,hnc_wu2022,motif_cd8_clustering,spatial,shap,0,1,10,1.0,1.0,1.0
point-pattern::CD8 T cell_L_r200,1,3,5,1,1.0,1.0,1.0,1.0,False,density_point_pattern,hnc_wu2022,motif_cd8_clustering,spatial,shap,0,2,10,1.0,1.0,1.0
point-pattern::CD8 T cell_L_r200,1,3,5,1,1.0,1.0,1.0,1.0,False,density_point_pattern,hnc_wu2022,motif_cd8_clustering,spatial,shap,0,3,10,1.0,1.0,1.0
point-pattern::CD8 T cell_L_r200,1,3,4,1,1.0,0.8,1.0,1.0,False,density_point_pattern,hnc_wu2022,motif_cd8_clustering,spatial,shap,0,4,10,1.0,1.0,0.8
point-pattern::CD8 T cell_L_r200,1,3,5,1,1.0,1.0,1.0,1.0,False,density_point_pattern,hnc_wu2022,motif_cd8_clustering,spatial,shap,1,0,10,1.0,1.0,1.0
point-pattern::CD8 T cell_L_r200,1,3,5,1,1.0,1.0,1.0,1.0,False,density_point_pattern,hnc_wu2022,motif_cd8_clustering,spatial,shap,1,1,10,1.0,1.0,1.0
point-pattern::CD8 T cell_L_r200,1,3,5,1,1.0,1.0,1.0,1.0,False,density_point_pattern,hnc_wu2022,motif_cd8_clustering,spatial,shap,1,2,10,1.0,1.0,1.0
point-pattern::CD8 T cell_L_r200,1,3,5,1,1.0,1.0,1.0,1.0,False,density_point_pattern,hnc_wu2022,motif_cd8_clustering,spatial,shap,1,3,10,1.0,1.0,1.0
point-pattern::CD8 T cell_L_r200,1,3,4,1,1.0,0.8,1.0,1.0,False,density_point_pattern,hnc_wu2022,motif_cd8_clustering,spatial,shap,1,4,10,1.0,1.0,0.8
point-pattern::CD8 T cell_L_r200,1,3,5,1,1.0,1.0,1.0,1.0,False,density_point_pattern,hnc_wu2022,motif_cd8_clustering,spatial,shap,2,0,10,1.0,1.0,1.0
point-pattern::CD8 T cell_L_r200,1,3,4,1,1.0,0.8,1.0,1.0,False,density_point_pattern,hnc_wu2022,motif_cd8_clustering,spatial,shap,2,1,10,1.0,1.0,0.8
point-pattern::CD8 T cell_L_r200,1,3,4,1,1.0,0.8,1.0,1.0,False,density_point_pattern,hnc_wu2022,motif_cd8_clustering,spatial,shap,2,2,10,1.0,1.0,0.8
point-pattern::CD8 T cell_L_r200,1,3,5,1,1.0,1.0,1.0,1.0,False,density_point_pattern,hnc_wu2022,motif_cd8_clustering,spatial,shap,2,3,10,1.0,1.0,1.0
point-pattern::CD8 T cell_L_r20,1,3,5,1,1.0,1.0,1.0,1.0,False,density_point_pattern,hnc_wu2022,motif_cd8_clustering,spatial,shap,2,4,10,1.0,1.0,1.0
density::tumor_area_ratio,0,1,1,0,0.3333333333333333,0.2,0.5,2.0,False,density_point_pattern,hnc_wu2022,motif_immune_exclusion,spatial,lasso,0,0,12,0.0,0.3333333333333333,0.2
density::tumor_area_ratio,0,1,1,0,0.3333333333333333,0.2,0.5,2.0,False,density_point_pattern,hnc_wu2022,motif_immune_exclusion,spatial,lasso,0,1,12,0.0,0.3333333333333333,0.2
density::tumor_area_ratio,0,1,1,0,0.3333333333333333,0.2,0.5,2.0,False,density_point_pattern,hnc_wu2022,motif_immune_exclusion,spatial,lasso,0,2,12,0.0,0.3333333333333333,0.2
density::tumor_area_ratio,0,1,1,0,0.3333333333333333,0.2,0.5,2.0,False,density_point_pattern,hnc_wu2022,motif_immune_exclusion,spatial,lasso,0,3,12,0.0,0.3333333333333333,0.2
density::tumor_area_ratio,0,1,1,0,0.3333333333333333,0.2,0.5,2.0,False,density_point_pattern,hnc_wu2022,motif_immune_exclusion,spatial,lasso,0,4,12,0.0,0.3333333333333333,0.2
density::tumor_area_ratio,0,1,1,0,0.3333333333333333,0.2,0.5,2.0,False,density_point_pattern,hnc_wu2022,motif_immune_exclusion,spatial,lasso,1,0,12,0.0,0.3333333333333333,0.2
density::tumor_area_ratio,0,1,1,0,0.3333333333333333,0.2,0.5,2.0,False,density_point_pattern,hnc_wu2022,motif_immune_exclusion,spatial,lasso,1,1,12,0.0,0.3333333333333333,0.2
density::tumor_area_ratio,0,1,1,0,0.3333333333333333,0.2,0.5,2.0,False,density_point_pattern,hnc_wu2022,motif_immune_exclusion,spatial,lasso,1,2,12,0.0,0.3333333333333333,0.2
density::tumor_area_ratio,0,1,1,0,0.3333333333333333,0.2,0.5,2.0,False,density_point_pattern,hnc_wu2022,motif_immune_exclusion,spatial,lasso,1,3,12,0.0,0.3333333333333333,0.2
density::tumor_area_ratio,0,1,1,0,0.3333333333333333,0.2,0.5,2.0,False,density_point_pattern,hnc_wu2022,motif_immune_exclusion,spatial,lasso,1,4,12,0.0,0.3333333333333333,0.2
density::tumor_area_ratio,0,1,1,0,0.3333333333333333,0.2,0.5,2.0,False,density_point_pattern,hnc_wu2022,motif_immune_exclusion,spatial,lasso,2,0,12,0.0,0.3333333333333333,0.2
density::tumor_area_ratio,0,1,1,0,0.3333333333333333,0.2,0.5,2.0,False,density_point_pattern,hnc_wu2022,motif_immune_exclusion,spatial,lasso,2,1,12,0.0,0.3333333333333333,0.2
density::tumor_area_ratio,0,1,1,0,0.3333333333333333,0.2,0.5,2.0,False,density_point_pattern,hnc_wu2022,motif_immune_exclusion,spatial,lasso,2,2,12,0.0,0.3333333333333333,0.2
density::tumor_area_ratio,0,1,1,0,0.3333333333333333,0.2,0.5,2.0,False,density_point_pattern,hnc_wu2022,motif_immune_exclusion,spatial,lasso,2,3,12,0.0,0.3333333333333333,0.2
density::tumor_area_ratio,0,1,1,0,0.3333333333333333,0.2,0.5,2.0,False,density_point_pattern,hnc_wu2022,motif_immune_exclusion,spatial,lasso,2,4,12,0.0,0.3333333333333333,0.2
density::tumor_area_ratio,0,1,1,0,0.3333333333333333,0.2,0.5,2.0,False,density_point_pattern,hnc_wu2022,motif_immune_exclusion,spatial,shap,0,0,12,0.0,0.3333333333333333,0.2
density::tissue_density::Naive immune cell,0,0,1,0,0.0,0.2,0.25,4.0,False,density_point_pattern,hnc_wu2022,motif_immune_exclusion,spatial,shap,0,1,12,0.0,0.0,0.2
density::tissue_density::CD8 T cell,1,1,1,1,0.3333333333333333,0.2,1.0,1.0,False,density_point_pattern,hnc_wu2022,motif_immune_exclusion,spatial,shap,0,2,12,1.0,0.3333333333333333,0.2
density::tumor_area_ratio,0,1,1,0,0.3333333333333333,0.2,0.5,2.0,False,density_point_pattern,hnc_wu2022,motif_immune_exclusion,spatial,shap,0,3,12,0.0,0.3333333333333333,0.2
density::tumor_area_ratio,0,1,1,0,0.3333333333333333,0.2,0.5,2.0,False,density_point_pattern,hnc_wu2022,motif_immune_exclusion,spatial,shap,0,4,12,0.0,0.3333333333333333,0.2
density::tissue_density::CD8 T cell,1,1,1,1,0.3333333333333333,0.2,1.0,1.0,False,density_point_pattern,hnc_wu2022,motif_immune_exclusion,spatial,shap,1,0,12,1.0,0.3333333333333333,0.2
density::tissue_density::CD8 T cell,1,1,1,1,0.3333333333333333,0.2,1.0,1.0,False,density_point_pattern,hnc_wu2022,motif_immune_exclusion,spatial,shap,1,1,12,1.0,0.3333333333333333,0.2
density::tumor_area_ratio,0,0,1,0,0.0,0.2,0.25,4.0,False,density_point_pattern,hnc_wu2022,motif_immune_exclusion,spatial,shap,1,2,12,0.0,0.0,0.2
density::tumor_area_ratio,0,1,1,0,0.3333333333333333,0.2,0.5,2.0,False,density_point_pattern,hnc_wu2022,motif_immune_exclusion,spatial,shap,1,3,12,0.0,0.3333333333333333,0.2
density::tumor_area_ratio,0,1,1,0,0.3333333333333333,0.2,0.5,2.0,False,density_point_pattern,hnc_wu2022,motif_immune_exclusion,spatial,shap,1,4,12,0.0,0.3333333333333333,0.2
density::tumor_area_ratio,0,1,1,0,0.3333333333333333,0.2,0.5,2.0,False,density_point_pattern,hnc_wu2022,motif_immune_exclusion,spatial,shap,2,0,12,0.0,0.3333333333333333,0.2
density::tumor_area_ratio,0,1,2,0,0.3333333333333333,0.4,0.5,2.0,False,density_point_pattern,hnc_wu2022,motif_immune_exclusion,spatial,shap,2,1,12,0.0,0.3333333333333333,0.4
density::tumor_area_ratio,0,1,1,0,0.3333333333333333,0.2,0.3333333333333333,3.0,False,density_point_pattern,hnc_wu2022,motif_immune_exclusion,spatial,shap,2,2,12,0.0,0.3333333333333333,0.2
density::tissue_density::CD8 T cell,1,1,1,1,0.3333333333333333,0.2,1.0,1.0,False,density_point_pattern,hnc_wu2022,motif_immune_exclusion,spatial,shap,2,3,12,1.0,0.3333333333333333,0.2
density::tumor_area_ratio,0,1,1,0,0.3333333333333333,0.2,0.5,2.0,False,density_point_pattern,hnc_wu2022,motif_immune_exclusion,spatial,shap,2,4,12,0.0,0.3333333333333333,0.2
density::tissue_density::CD8^+PD1^+T_{Ex},1,3,3,1,1.0,0.6,1.0,1.0,False,density_point_pattern,tnbc_wang2023,motif_cd8_high,control,lasso,0,0,4,1.0,1.0,0.75
density::tissue_density::CD8^+PD1^+T_{Ex},1,2,3,1,0.6666666666666666,0.6,1.0,1.0,False,density_point_pattern,tnbc_wang2023,motif_cd8_high,control,lasso,0,1,4,1.0,0.6666666666666666,0.75
density::tissue_density::CD8^+PD1^+T_{Ex},1,3,3,1,1.0,0.6,1.0,1.0,False,density_point_pattern,tnbc_wang2023,motif_cd8_high,control,lasso,0,2,4,1.0,1.0,0.75
density::tissue_density::CD8^+GZMB^+T,1,3,3,1,1.0,0.6,1.0,1.0,False,density_point_pattern,tnbc_wang2023,motif_cd8_high,control,lasso,0,3,4,1.0,1.0,0.75
density::tissue_density::CD8^+PD1^+T_{Ex},1,2,3,1,0.6666666666666666,0.6,1.0,1.0,False,density_point_pattern,tnbc_wang2023,motif_cd8_high,control,lasso,0,4,4,1.0,0.6666666666666666,0.75
density::tissue_density::CD8^+PD1^+T_{Ex},1,3,4,1,1.0,0.8,1.0,1.0,False,density_point_pattern,tnbc_wang2023,motif_cd8_high,control,lasso,1,0,4,1.0,1.0,1.0
density::tissue_density::CD8^+GZMB^+T,1,3,3,1,1.0,0.6,1.0,1.0,False,density_point_pattern,tnbc_wang2023,motif_cd8_high,control,lasso,1,1,4,1.0,1.0,0.75
density::tissue_density::CD8^+PD1^+T_{Ex},1,3,3,1,1.0,0.6,1.0,1.0,False,density_point_pattern,tnbc_wang2023,motif_cd8_high,control,lasso,1,2,4,1.0,1.0,0.75
density::tissue_density::CD8^+PD1^+T_{Ex},1,2,3,1,0.6666666666666666,0.6,1.0,1.0,False,density_point_pattern,tnbc_wang2023,motif_cd8_high,control,lasso,1,3,4,1.0,0.6666666666666666,0.75
density::tissue_density::CD8^+PD1^+T_{Ex},1,2,3,1,0.6666666666666666,0.6,1.0,1.0,False,density_point_pattern,tnbc_wang2023,motif_cd8_high,control,lasso,1,4,4,1.0,0.6666666666666666,0.75
density::tissue_density::CD8^+PD1^+T_{Ex},1,2,3,1,0.6666666666666666,0.6,1.0,1.0,False,density_point_pattern,tnbc_wang2023,motif_cd8_high,control,lasso,2,0,4,1.0,0.6666666666666666,0.75
density::tissue_density::CD8^+PD1^+T_{Ex},1,3,3,1,1.0,0.6,1.0,1.0,False,density_point_pattern,tnbc_wang2023,motif_cd8_high,control,lasso,2,1,4,1.0,1.0,0.75
density::tissue_density::CD8^+GZMB^+T,1,3,3,1,1.0,0.6,1.0,1.0,False,density_point_pattern,tnbc_wang2023,motif_cd8_high,control,lasso,2,2,4,1.0,1.0,0.75
density::tissue_density::CD8^+PD1^+T_{Ex},1,2,4,1,0.6666666666666666,0.8,1.0,1.0,False,density_point_pattern,tnbc_wang2023,motif_cd8_high,control,lasso,2,3,4,1.0,0.6666666666666666,1.0
density::tissue_density::CD8^+PD1^+T_{Ex},1,3,3,1,1.0,0.6,1.0,1.0,False,density_point_pattern,tnbc_wang2023,motif_cd8_high,control,lasso,2,4,4,1.0,1.0,0.75
density::tissue_density::CD8^+T,1,2,2,1,0.6666666666666666,0.4,1.0,1.0,False,density_point_pattern,tnbc_wang2023,motif_cd8_high,control,shap,0,0,4,1.0,0.6666666666666666,0.5
density::tissue_density::CD8^+PD1^+T_{Ex},1,2,3,1,0.6666666666666666,0.6,1.0,1.0,False,density_point_pattern,tnbc_wang2023,motif_cd8_high,control,shap,0,1,4,1.0,0.6666666666666666,0.75
density::tissue_density::CD8^+PD1^+T_{Ex},1,2,2,1,0.6666666666666666,0.4,1.0,1.0,False,density_point_pattern,tnbc_wang2023,motif_cd8_high,control,shap,0,2,4,1.0,0.6666666666666666,0.5
density::tissue_density::CD8^+GZMB^+T,1,3,3,1,1.0,0.6,1.0,1.0,False,density_point_pattern,tnbc_wang2023,motif_cd8_high,control,shap,0,3,4,1.0,1.0,0.75
density::tumor_density::CD8^+T,0,1,3,0,0.3333333333333333,0.6,0.5,2.0,False,density_point_pattern,tnbc_wang2023,motif_cd8_high,control,shap,0,4,4,0.0,0.3333333333333333,0.75
density::tissue_density::CD8^+T,1,2,3,1,0.6666666666666666,0.6,1.0,1.0,False,density_point_pattern,tnbc_wang2023,motif_cd8_high,control,shap,1,0,4,1.0,0.6666666666666666,0.75
density::tissue_density::CD8^+T,1,3,3,1,1.0,0.6,1.0,1.0,False,density_point_pattern,tnbc_wang2023,motif_cd8_high,control,shap,1,1,4,1.0,1.0,0.75
density::tissue_density::CD8^+PD1^+T_{Ex},1,2,3,1,0.6666666666666666,0.6,1.0,1.0,False,density_point_pattern,tnbc_wang2023,motif_cd8_high,control,shap,1,2,4,1.0,0.6666666666666666,0.75
density::tissue_density::CD8^+T,1,2,3,1,0.6666666666666666,0.6,1.0,1.0,False,density_point_pattern,tnbc_wang2023,motif_cd8_high,control,shap,1,3,4,1.0,0.6666666666666666,0.75
density::tissue_density::CD8^+PD1^+T_{Ex},1,2,2,1,0.6666666666666666,0.4,1.0,1.0,False,density_point_pattern,tnbc_wang2023,motif_cd8_high,control,shap,1,4,4,1.0,0.6666666666666666,0.5
density::tissue_density::CD8^+PD1^+T_{Ex},1,2,2,1,0.6666666666666666,0.4,1.0,1.0,False,density_point_pattern,tnbc_wang2023,motif_cd8_high,control,shap,2,0,4,1.0,0.6666666666666666,0.5
density::tissue_density::CD8^+T,1,2,2,1,0.6666666666666666,0.4,1.0,1.0,False,density_point_pattern,tnbc_wang2023,motif_cd8_high,control,shap,2,1,4,1.0,0.6666666666666666,0.5
density::tissue_density::CD8^+GZMB^+T,1,2,3,1,0.6666666666666666,0.6,1.0,1.0,False,density_point_pattern,tnbc_wang2023,motif_cd8_high,control,shap,2,2,4,1.0,0.6666666666666666,0.75
density::tissue_density::CD8^+PD1^+T_{Ex},1,2,3,1,0.6666666666666666,0.6,1.0,1.0,False,density_point_pattern,tnbc_wang2023,motif_cd8_high,control,shap,2,3,4,1.0,0.6666666666666666,0.75
density::tissue_density::CD8^+PD1^+T_{Ex},1,1,3,1,0.3333333333333333,0.6,1.0,1.0,False,density_point_pattern,tnbc_wang2023,motif_cd8_high,control,shap,2,4,4,1.0,0.3333333333333333,0.75
mixing::neighbor_fraction__Macrophage__to__T cell,1,3,5,1,1.0,1.0,1.0,1.0,False,mixing_point_pattern,bc_jackson2020,motif_apc_t_contact,spatial,lasso,0,0,427,1.0,1.0,1.0
mixing::neighbor_fraction__Macrophage__to__T cell,1,3,5,1,1.0,1.0,1.0,1.0,False,mixing_point_pattern,bc_jackson2020,motif_apc_t_contact,spatial,lasso,0,1,427,1.0,1.0,1.0
mixing::neighbor_fraction__Macrophage__to__T cell,1,3,5,1,1.0,1.0,1.0,1.0,False,mixing_point_pattern,bc_jackson2020,motif_apc_t_contact,spatial,lasso,0,2,427,1.0,1.0,1.0
mixing::neighbor_fraction__Macrophage__to__T cell,1,3,5,1,1.0,1.0,1.0,1.0,False,mixing_point_pattern,bc_jackson2020,motif_apc_t_contact,spatial,lasso,0,3,427,1.0,1.0,1.0
mixing::neighbor_fraction__Macrophage__to__T cell,1,3,5,1,1.0,1.0,1.0,1.0,False,mixing_point_pattern,bc_jackson2020,motif_apc_t_contact,spatial,lasso,0,4,427,1.0,1.0,1.0
mixing::neighbor_fraction__Macrophage__to__T cell,1,3,5,1,1.0,1.0,1.0,1.0,False,mixing_point_pattern,bc_jackson2020,motif_apc_t_contact,spatial,lasso,1,0,427,1.0,1.0,1.0
mixing::neighbor_fraction__Macrophage__to__T cell,1,3,5,1,1.0,1.0,1.0,1.0,False,mixing_point_pattern,bc_jackson2020,motif_apc_t_contact,spatial,lasso,1,1,427,1.0,1.0,1.0
mixing::neighbor_fraction__Macrophage__to__T cell,1,3,5,1,1.0,1.0,1.0,1.0,False,mixing_point_pattern,bc_jackson2020,motif_apc_t_contact,spatial,lasso,1,2,427,1.0,1.0,1.0
mixing::neighbor_fraction__Macrophage__to__T cell,1,3,5,1,1.0,1.0,1.0,1.0,False,mixing_point_pattern,bc_jackson2020,motif_apc_t_contact,spatial,lasso,1,3,427,1.0,1.0,1.0
mixing::neighbor_fraction__Macrophage__to__T cell,1,3,5,1,1.0,1.0,1.0,1.0,False,mixing_point_pattern,bc_jackson2020,motif_apc_t_contact,spatial,lasso,1,4,427,1.0,1.0,1.0
mixing::neighbor_fraction__Macrophage__to__T cell,1,3,5,1,1.0,1.0,1.0,1.0,False,mixing_point_pattern,bc_jackson2020,motif_apc_t_contact,spatial,lasso,2,0,427,1.0,1.0,1.0
mixing::neighbor_fraction__Macrophage__to__T cell,1,3,5,1,1.0,1.0,1.0,1.0,False,mixing_point_pattern,bc_jackson2020,motif_apc_t_contact,spatial,lasso,2,1,427,1.0,1.0,1.0
mixing::neighbor_fraction__Macrophage__to__T cell,1,3,5,1,1.0,1.0,1.0,1.0,False,mixing_point_pattern,bc_jackson2020,motif_apc_t_contact,spatial,lasso,2,2,427,1.0,1.0,1.0
mixing::neighbor_fraction__Macrophage__to__T cell,1,3,5,1,1.0,1.0,1.0,1.0,False,mixing_point_pattern,bc_jackson2020,motif_apc_t_contact,spatial,lasso,2,3,427,1.0,1.0,1.0
mixing::neighbor_fraction__Macrophage__to__T cell,1,3,5,1,1.0,1.0,1.0,1.0,False,mixing_point_pattern,bc_jackson2020,motif_apc_t_contact,spatial,lasso,2,4,427,1.0,1.0,1.0
mixing::neighbor_fraction__Macrophage__to__T cell,1,3,5,1,1.0,1.0,1.0,1.0,False,mixing_point_pattern,bc_jackson2020,motif_apc_t_contact,spatial,shap,0,0,427,1.0,1.0,1.0
mixing::neighbor_fraction__Macrophage__to__T cell,1,3,5,1,1.0,1.0,1.0,1.0,False,mixing_point_pattern,bc_jackson2020,motif_apc_t_contact,spatial,shap,0,1,427,1.0,1.0,1.0
mixing::neighbor_fraction__Macrophage__to__T cell,1,3,5,1,1.0,1.0,1.0,1.0,False,mixing_point_pattern,bc_jackson2020,motif_apc_t_contact,spatial,shap,0,2,427,1.0,1.0,1.0
mixing::neighbor_fraction__Macrophage__to__T cell,1,3,5,1,1.0,1.0,1.0,1.0,False,mixing_point_pattern,bc_jackson2020,motif_apc_t_contact,spatial,shap,0,3,427,1.0,1.0,1.0
mixing::neighbor_fraction__Macrophage__to__T cell,1,3,5,1,1.0,1.0,1.0,1.0,False,mixing_point_pattern,bc_jackson2020,motif_apc_t_contact,spatial,shap,0,4,427,1.0,1.0,1.0
mixing::neighbor_fraction__Macrophage__to__T cell,1,3,5,1,1.0,1.0,1.0,1.0,False,mixing_point_pattern,bc_jackson2020,motif_apc_t_contact,spatial,shap,1,0,427,1.0,1.0,1.0
mixing::neighbor_fraction__Macrophage__to__T cell,1,3,5,1,1.0,1.0,1.0,1.0,False,mixing_point_pattern,bc_jackson2020,motif_apc_t_contact,spatial,shap,1,1,427,1.0,1.0,1.0
mixing::neighbor_fraction__Tumor (Hypoxic)__to__Tumor (CK lo HR hi p53+),1,3,5,1,1.0,1.0,1.0,1.0,False,mixing_point_pattern,bc_jackson2020,motif_apc_t_contact,spatial,shap,1,2,427,1.0,1.0,1.0
mixing::neighbor_fraction__Macrophage__to__T cell,1,3,5,1,1.0,1.0,1.0,1.0,False,mixing_point_pattern,bc_jackson2020,motif_apc_t_contact,spatial,shap,1,3,427,1.0,1.0,1.0
mixing::neighbor_fraction__Macrophage__to__T cell,1,3,5,1,1.0,1.0,1.0,1.0,False,mixing_point_pattern,bc_jackson2020,motif_apc_t_contact,spatial,shap,1,4,427,1.0,1.0,1.0
mixing::neighbor_fraction__Tumor (CK7+ CK hi Ecadh hi)__to__Tumor (CK lo HR hi p53+),1,3,5,1,1.0,1.0,1.0,1.0,False,mixing_point_pattern,bc_jackson2020,motif_apc_t_contact,spatial,shap,2,0,427,1.0,1.0,1.0
mixing::neighbor_fraction__Macrophage__to__T cell,1,3,5,1,1.0,1.0,1.0,1.0,False,mixing_point_pattern,bc_jackson2020,motif_apc_t_contact,spatial,shap,2,1,427,1.0,1.0,1.0
mixing::neighbor_fraction__Tumor (Hypoxic)__to__Tumor (CK lo HR hi p53+),1,3,5,1,1.0,1.0,1.0,1.0,False,mixing_point_pattern,bc_jackson2020,motif_apc_t_contact,spatial,shap,2,2,427,1.0,1.0,1.0
mixing::neighbor_fraction__Macrophage__to__T cell,1,3,5,1,1.0,1.0,1.0,1.0,False,mixing_point_pattern,bc_jackson2020,motif_apc_t_contact,spatial,shap,2,3,427,1.0,1.0,1.0
mixing::neighbor_fraction__Macrophage__to__T cell,1,3,5,1,1.0,1.0,1.0,1.0,False,mixing_point_pattern,bc_jackson2020,motif_apc_t_contact,spatial,shap,2,4,427,1.0,1.0,1.0
mixing::neighbor_fraction__T cell__to__T cell,1,3,5,1,1.0,1.0,1.0,1.0,False,mixing_point_pattern,bc_jackson2020,motif_cd8_tumor_contact,spatial,lasso,0,0,417,1.0,1.0,1.0
mixing::local_mixing_std,1,3,5,1,1.0,1.0,1.0,1.0,False,mixing_point_pattern,bc_jackson2020,motif_cd8_tumor_contact,spatial,lasso,0,1,417,1.0,1.0,1.0
mixing::local_mixing_std,1,3,5,1,1.0,1.0,1.0,1.0,False,mixing_point_pattern,bc_jackson2020,motif_cd8_tumor_contact,spatial,lasso,0,2,417,1.0,1.0,1.0
mixing::local_mixing_std,1,3,5,1,1.0,1.0,1.0,1.0,False,mixing_point_pattern,bc_jackson2020,motif_cd8_tumor_contact,spatial,lasso,0,3,417,1.0,1.0,1.0
mixing::neighbor_fraction__T cell__to__T cell,1,3,5,1,1.0,1.0,1.0,1.0,False,mixing_point_pattern,bc_jackson2020,motif_cd8_tumor_contact,spatial,lasso,0,4,417,1.0,1.0,1.0
mixing::local_mixing_std,1,3,5,1,1.0,1.0,1.0,1.0,False,mixing_point_pattern,bc_jackson2020,motif_cd8_tumor_contact,spatial,lasso,1,0,417,1.0,1.0,1.0
mixing::local_mixing_std,1,3,5,1,1.0,1.0,1.0,1.0,False,mixing_point_pattern,bc_jackson2020,motif_cd8_tumor_contact,spatial,lasso,1,1,417,1.0,1.0,1.0
mixing::neighbor_fraction__Tumor (CK lo HR lo)__to__T cell,1,3,5,1,1.0,1.0,1.0,1.0,False,mixing_point_pattern,bc_jackson2020,motif_cd8_tumor_contact,spatial,lasso,1,2,417,1.0,1.0,1.0
mixing::local_mixing_std,1,3,5,1,1.0,1.0,1.0,1.0,False,mixing_point_pattern,bc_jackson2020,motif_cd8_tumor_contact,spatial,lasso,1,3,417,1.0,1.0,1.0
mixing::local_mixing_std,1,3,5,1,1.0,1.0,1.0,1.0,False,mixing_point_pattern,bc_jackson2020,motif_cd8_tumor_contact,spatial,lasso,1,4,417,1.0,1.0,1.0
mixing::local_mixing_std,1,3,5,1,1.0,1.0,1.0,1.0,False,mixing_point_pattern,bc_jackson2020,motif_cd8_tumor_contact,spatial,lasso,2,0,417,1.0,1.0,1.0
mixing::local_mixing_std,1,3,5,1,1.0,1.0,1.0,1.0,False,mixing_point_pattern,bc_jackson2020,motif_cd8_tumor_contact,spatial,lasso,2,1,417,1.0,1.0,1.0
mixing::neighbor_fraction__Tumor (CK lo HR lo)__to__T cell,1,3,5,1,1.0,1.0,1.0,1.0,False,mixing_point_pattern,bc_jackson2020,motif_cd8_tumor_contact,spatial,lasso,2,2,417,1.0,1.0,1.0
mixing::local_mixing_std,1,3,5,1,1.0,1.0,1.0,1.0,False,mixing_point_pattern,bc_jackson2020,motif_cd8_tumor_contact,spatial,lasso,2,3,417,1.0,1.0,1.0
mixing::neighbor_fraction__T cell__to__Macrophage,1,3,5,1,1.0,1.0,1.0,1.0,False,mixing_point_pattern,bc_jackson2020,motif_cd8_tumor_contact,spatial,lasso,2,4,417,1.0,1.0,1.0
mixing::neighbor_fraction__T & B cells__to__Tumor (CK lo HR hi p53+),1,3,5,1,1.0,1.0,1.0,1.0,False,mixing_point_pattern,bc_jackson2020,motif_cd8_tumor_contact,spatial,shap,0,0,417,1.0,1.0,1.0
mixing::neighbor_fraction__T cell__to__T cell,1,3,5,1,1.0,1.0,1.0,1.0,False,mixing_point_pattern,bc_jackson2020,motif_cd8_tumor_contact,spatial,shap,0,1,417,1.0,1.0,1.0
mixing::local_mixing_std,1,3,5,1,1.0,1.0,1.0,1.0,False,mixing_point_pattern,bc_jackson2020,motif_cd8_tumor_contact,spatial,shap,0,2,417,1.0,1.0,1.0
mixing::neighbor_fraction__T cell__to__Stromal cells,1,3,5,1,1.0,1.0,1.0,1.0,False,mixing_point_pattern,bc_jackson2020,motif_cd8_tumor_contact,spatial,shap,0,3,417,1.0,1.0,1.0
mixing::local_mixing_std,1,3,5,1,1.0,1.0,1.0,1.0,False,mixing_point_pattern,bc_jackson2020,motif_cd8_tumor_contact,spatial,shap,0,4,417,1.0,1.0,1.0
mixing::neighbor_fraction__T cell__to__T cell,1,3,5,1,1.0,1.0,1.0,1.0,False,mixing_point_pattern,bc_jackson2020,motif_cd8_tumor_contact,spatial,shap,1,0,417,1.0,1.0,1.0
mixing::neighbor_fraction__T cell__to__Stromal cells,1,3,5,1,1.0,1.0,1.0,1.0,False,mixing_point_pattern,bc_jackson2020,motif_cd8_tumor_contact,spatial,shap,1,1,417,1.0,1.0,1.0
mixing::neighbor_fraction__T cell__to__Stromal cells,1,3,5,1,1.0,1.0,1.0,1.0,False,mixing_point_pattern,bc_jackson2020,motif_cd8_tumor_contact,spatial,shap,1,2,417,1.0,1.0,1.0
mixing::local_mixing_std,1,3,5,1,1.0,1.0,1.0,1.0,False,mixing_point_pattern,bc_jackson2020,motif_cd8_tumor_contact,spatial,shap,1,3,417,1.0,1.0,1.0
mixing::local_mixing_std,1,3,5,1,1.0,1.0,1.0,1.0,False,mixing_point_pattern,bc_jackson2020,motif_cd8_tumor_contact,spatial,shap,1,4,417,1.0,1.0,1.0
mixing::neighbor_fraction__T cell__to__Tumor (CK lo HR lo),1,3,5,1,1.0,1.0,1.0,1.0,False,mixing_point_pattern,bc_jackson2020,motif_cd8_tumor_contact,spatial,shap,2,0,417,1.0,1.0,1.0
mixing::local_mixing_std,1,3,5,1,1.0,1.0,1.0,1.0,False,mixing_point_pattern,bc_jackson2020,motif_cd8_tumor_contact,spatial,shap,2,1,417,1.0,1.0,1.0
mixing::local_mixing_std,1,3,5,1,1.0,1.0,1.0,1.0,False,mixing_point_pattern,bc_jackson2020,motif_cd8_tumor_contact,spatial,shap,2,2,417,1.0,1.0,1.0
mixing::local_mixing_std,1,3,5,1,1.0,1.0,1.0,1.0,False,mixing_point_pattern,bc_jackson2020,motif_cd8_tumor_contact,spatial,shap,2,3,417,1.0,1.0,1.0
mixing::neighbor_fraction__T cell__to__Stromal cells,1,3,5,1,1.0,1.0,1.0,1.0,False,mixing_point_pattern,bc_jackson2020,motif_cd8_tumor_contact,spatial,shap,2,4,417,1.0,1.0,1.0
mixing::neighbor_fraction__Macrophage__to__Stromal cells,1,3,5,1,1.0,1.0,1.0,1.0,False,mixing_point_pattern,bc_jackson2020,motif_macrophage_tumor_niche,spatial,lasso,0,0,557,1.0,1.0,1.0
mixing::neighbor_fraction__Macrophage__to__Stromal cells,1,3,5,1,1.0,1.0,1.0,1.0,False,mixing_point_pattern,bc_jackson2020,motif_macrophage_tumor_niche,spatial,lasso,0,1,557,1.0,1.0,1.0
mixing::neighbor_fraction__Macrophage__to__Stromal cells,1,3,5,1,1.0,1.0,1.0,1.0,False,mixing_point_pattern,bc_jackson2020,motif_macrophage_tumor_niche,spatial,lasso,0,2,557,1.0,1.0,1.0
mixing::neighbor_fraction__Macrophage__to__Stromal cells,1,3,5,1,1.0,1.0,1.0,1.0,False,mixing_point_pattern,bc_jackson2020,motif_macrophage_tumor_niche,spatial,lasso,0,3,557,1.0,1.0,1.0
mixing::neighbor_fraction__Macrophage__to__Stromal cells,1,3,5,1,1.0,1.0,1.0,1.0,False,mixing_point_pattern,bc_jackson2020,motif_macrophage_tumor_niche,spatial,lasso,0,4,557,1.0,1.0,1.0
mixing::neighbor_fraction__Macrophage__to__Stromal cells,1,3,5,1,1.0,1.0,1.0,1.0,False,mixing_point_pattern,bc_jackson2020,motif_macrophage_tumor_niche,spatial,lasso,1,0,557,1.0,1.0,1.0
mixing::neighbor_fraction__Macrophage__to__Stromal cells,1,3,5,1,1.0,1.0,1.0,1.0,False,mixing_point_pattern,bc_jackson2020,motif_macrophage_tumor_niche,spatial,lasso,1,1,557,1.0,1.0,1.0
mixing::neighbor_fraction__Macrophage__to__Stromal cells,1,3,5,1,1.0,1.0,1.0,1.0,False,mixing_point_pattern,bc_jackson2020,motif_macrophage_tumor_niche,spatial,lasso,1,2,557,1.0,1.0,1.0
mixing::neighbor_fraction__Macrophage__to__Stromal cells,1,3,5,1,1.0,1.0,1.0,1.0,False,mixing_point_pattern,bc_jackson2020,motif_macrophage_tumor_niche,spatial,lasso,1,3,557,1.0,1.0,1.0
mixing::neighbor_fraction__Macrophage__to__Stromal cells,1,3,5,1,1.0,1.0,1.0,1.0,False,mixing_point_pattern,bc_jackson2020,motif_macrophage_tumor_niche,spatial,lasso,1,4,557,1.0,1.0,1.0
mixing::neighbor_fraction__Macrophage__to__Stromal cells,1,3,5,1,1.0,1.0,1.0,1.0,False,mixing_point_pattern,bc_jackson2020,motif_macrophage_tumor_niche,spatial,lasso,2,0,557,1.0,1.0,1.0
mixing::neighbor_fraction__Macrophage__to__Stromal cells,1,3,5,1,1.0,1.0,1.0,1.0,False,mixing_point_pattern,bc_jackson2020,motif_macrophage_tumor_niche,spatial,lasso,2,1,557,1.0,1.0,1.0
mixing::neighbor_fraction__Macrophage__to__Stromal cells,1,3,5,1,1.0,1.0,1.0,1.0,False,mixing_point_pattern,bc_jackson2020,motif_macrophage_tumor_niche,spatial,lasso,2,2,557,1.0,1.0,1.0
mixing::neighbor_fraction__Macrophage__to__Stromal cells,1,3,5,1,1.0,1.0,1.0,1.0,False,mixing_point_pattern,bc_jackson2020,motif_macrophage_tumor_niche,spatial,lasso,2,3,557,1.0,1.0,1.0
mixing::neighbor_fraction__Macrophage__to__Stromal cells,1,3,5,1,1.0,1.0,1.0,1.0,False,mixing_point_pattern,bc_jackson2020,motif_macrophage_tumor_niche,spatial,lasso,2,4,557,1.0,1.0,1.0
mixing::neighbor_fraction__Macrophage__to__Stromal cells,1,3,5,1,1.0,1.0,1.0,1.0,False,mixing_point_pattern,bc_jackson2020,motif_macrophage_tumor_niche,spatial,shap,0,0,557,1.0,1.0,1.0
mixing::neighbor_fraction__Macrophage__to__Stromal cells,1,3,5,1,1.0,1.0,1.0,1.0,False,mixing_point_pattern,bc_jackson2020,motif_macrophage_tumor_niche,spatial,shap,0,1,557,1.0,1.0,1.0
mixing::neighbor_fraction__Endothelial__to__Tumor (CK lo HR hi p53+),1,3,5,1,1.0,1.0,1.0,1.0,False,mixing_point_pattern,bc_jackson2020,motif_macrophage_tumor_niche,spatial,shap,0,2,557,1.0,1.0,1.0
mixing::neighbor_fraction__Macrophage__to__Stromal cells,1,3,5,1,1.0,1.0,1.0,1.0,False,mixing_point_pattern,bc_jackson2020,motif_macrophage_tumor_niche,spatial,shap,0,3,557,1.0,1.0,1.0
mixing::neighbor_fraction__Tumor (CK lo HR hi p53+)__to__T & B cells,1,3,5,1,1.0,1.0,1.0,1.0,False,mixing_point_pattern,bc_jackson2020,motif_macrophage_tumor_niche,spatial,shap,0,4,557,1.0,1.0,1.0
mixing::neighbor_fraction__Macrophage__to__Stromal cells,1,3,5,1,1.0,1.0,1.0,1.0,False,mixing_point_pattern,bc_jackson2020,motif_macrophage_tumor_niche,spatial,shap,1,0,557,1.0,1.0,1.0
mixing::neighbor_fraction__Macrophage__to__Stromal cells,1,3,5,1,1.0,1.0,1.0,1.0,False,mixing_point_pattern,bc_jackson2020,motif_macrophage_tumor_niche,spatial,shap,1,1,557,1.0,1.0,1.0
mixing::neighbor_fraction__Macrophage__to__Stromal cells,1,3,5,1,1.0,1.0,1.0,1.0,False,mixing_point_pattern,bc_jackson2020,motif_macrophage_tumor_niche,spatial,shap,1,2,557,1.0,1.0,1.0
mixing::neighbor_fraction__Macrophage__to__Stromal cells,1,3,5,1,1.0,1.0,1.0,1.0,False,mixing_point_pattern,bc_jackson2020,motif_macrophage_tumor_niche,spatial,shap,1,3,557,1.0,1.0,1.0
mixing::neighbor_fraction__Macrophage__to__Stromal cells,1,3,5,1,1.0,1.0,1.0,1.0,False,mixing_point_pattern,bc_jackson2020,motif_macrophage_tumor_niche,spatial,shap,1,4,557,1.0,1.0,1.0
mixing::neighbor_fraction__Endothelial__to__Tumor (CK lo HR hi p53+),1,3,5,1,1.0,1.0,1.0,1.0,False,mixing_point_pattern,bc_jackson2020,motif_macrophage_tumor_niche,spatial,shap,2,0,557,1.0,1.0,1.0
mixing::neighbor_fraction__Macrophage__to__Stromal cells,1,3,5,1,1.0,1.0,1.0,1.0,False,mixing_point_pattern,bc_jackson2020,motif_macrophage_tumor_niche,spatial,shap,2,1,557,1.0,1.0,1.0
mixing::neighbor_fraction__Macrophage__to__Stromal cells,1,3,5,1,1.0,1.0,1.0,1.0,False,mixing_point_pattern,bc_jackson2020,motif_macrophage_tumor_niche,spatial,shap,2,2,557,1.0,1.0,1.0
mixing::neighbor_fraction__Macrophage__to__Stromal cells,1,3,5,1,1.0,1.0,1.0,1.0,False,mixing_point_pattern,bc_jackson2020,motif_macrophage_tumor_niche,spatial,shap,2,3,557,1.0,1.0,1.0
mixing::neighbor_fraction__Macrophage__to__Stromal cells,1,3,5,1,1.0,1.0,1.0,1.0,False,mixing_point_pattern,bc_jackson2020,motif_macrophage_tumor_niche,spatial,shap,2,4,557,1.0,1.0,1.0
mixing::neighbor_fraction__T cell__to__T cell,1,3,5,1,1.0,1.0,1.0,1.0,False,mixing_point_pattern,bc_jackson2020,motif_t_tumor_mixing,spatial,lasso,0,0,557,1.0,1.0,1.0
mixing::neighbor_fraction__T cell__to__Stromal cells,1,3,5,1,1.0,1.0,1.0,1.0,False,mixing_point_pattern,bc_jackson2020,motif_t_tumor_mixing,spatial,lasso,0,1,557,1.0,1.0,1.0
mixing::local_mixing_std,1,3,5,1,1.0,1.0,1.0,1.0,False,mixing_point_pattern,bc_jackson2020,motif_t_tumor_mixing,spatial,lasso,0,2,557,1.0,1.0,1.0
mixing::local_mixing_std,1,3,5,1,1.0,1.0,1.0,1.0,False,mixing_point_pattern,bc_jackson2020,motif_t_tumor_mixing,spatial,lasso,0,3,557,1.0,1.0,1.0
mixing::local_mixing_std,1,3,5,1,1.0,1.0,1.0,1.0,False,mixing_point_pattern,bc_jackson2020,motif_t_tumor_mixing,spatial,lasso,0,4,557,1.0,1.0,1.0
mixing::neighbor_fraction__T cell__to__T cell,1,3,5,1,1.0,1.0,1.0,1.0,False,mixing_point_pattern,bc_jackson2020,motif_t_tumor_mixing,spatial,lasso,1,0,557,1.0,1.0,1.0
mixing::neighbor_fraction__T cell__to__T cell,1,3,5,1,1.0,1.0,1.0,1.0,False,mixing_point_pattern,bc_jackson2020,motif_t_tumor_mixing,spatial,lasso,1,1,557,1.0,1.0,1.0
mixing::neighbor_fraction__T cell__to__Tumor (CK lo HR lo),1,3,5,1,1.0,1.0,1.0,1.0,False,mixing_point_pattern,bc_jackson2020,motif_t_tumor_mixing,spatial,lasso,1,2,557,1.0,1.0,1.0
mixing::local_mixing_std,1,3,5,1,1.0,1.0,1.0,1.0,False,mixing_point_pattern,bc_jackson2020,motif_t_tumor_mixing,spatial,lasso,1,3,557,1.0,1.0,1.0
mixing::local_mixing_std,1,3,5,1,1.0,1.0,1.0,1.0,False,mixing_point_pattern,bc_jackson2020,motif_t_tumor_mixing,spatial,lasso,1,4,557,1.0,1.0,1.0
mixing::local_mixing_std,1,3,5,1,1.0,1.0,1.0,1.0,False,mixing_point_pattern,bc_jackson2020,motif_t_tumor_mixing,spatial,lasso,2,0,557,1.0,1.0,1.0
mixing::neighbor_fraction__T cell__to__T cell,1,3,5,1,1.0,1.0,1.0,1.0,False,mixing_point_pattern,bc_jackson2020,motif_t_tumor_mixing,spatial,lasso,2,1,557,1.0,1.0,1.0
mixing::neighbor_fraction__T cell__to__T cell,1,3,5,1,1.0,1.0,1.0,1.0,False,mixing_point_pattern,bc_jackson2020,motif_t_tumor_mixing,spatial,lasso,2,2,557,1.0,1.0,1.0
mixing::local_mixing_std,1,3,5,1,1.0,1.0,1.0,1.0,False,mixing_point_pattern,bc_jackson2020,motif_t_tumor_mixing,spatial,lasso,2,3,557,1.0,1.0,1.0
mixing::local_mixing_std,1,3,5,1,1.0,1.0,1.0,1.0,False,mixing_point_pattern,bc_jackson2020,motif_t_tumor_mixing,spatial,lasso,2,4,557,1.0,1.0,1.0
mixing::neighbor_fraction__T cell__to__T cell,1,3,5,1,1.0,1.0,1.0,1.0,False,mixing_point_pattern,bc_jackson2020,motif_t_tumor_mixing,spatial,shap,0,0,557,1.0,1.0,1.0
mixing::neighbor_fraction__T cell__to__Stromal cells,1,3,5,1,1.0,1.0,1.0,1.0,False,mixing_point_pattern,bc_jackson2020,motif_t_tumor_mixing,spatial,shap,0,1,557,1.0,1.0,1.0
mixing::local_mixing_std,1,3,5,1,1.0,1.0,1.0,1.0,False,mixing_point_pattern,bc_jackson2020,motif_t_tumor_mixing,spatial,shap,0,2,557,1.0,1.0,1.0
mixing::shannon_entropy_global,1,3,5,1,1.0,1.0,1.0,1.0,False,mixing_point_pattern,bc_jackson2020,motif_t_tumor_mixing,spatial,shap,0,3,557,1.0,1.0,1.0
mixing::local_mixing_std,1,3,5,1,1.0,1.0,1.0,1.0,False,mixing_point_pattern,bc_jackson2020,motif_t_tumor_mixing,spatial,shap,0,4,557,1.0,1.0,1.0
mixing::neighbor_fraction__T cell__to__T cell,1,3,5,1,1.0,1.0,1.0,1.0,False,mixing_point_pattern,bc_jackson2020,motif_t_tumor_mixing,spatial,shap,1,0,557,1.0,1.0,1.0
mixing::neighbor_fraction__T cell__to__Stromal cells,1,3,5,1,1.0,1.0,1.0,1.0,False,mixing_point_pattern,bc_jackson2020,motif_t_tumor_mixing,spatial,shap,1,1,557,1.0,1.0,1.0
mixing::neighbor_fraction__T cell__to__Tumor (CK lo HR lo),1,3,5,1,1.0,1.0,1.0,1.0,False,mixing_point_pattern,bc_jackson2020,motif_t_tumor_mixing,spatial,shap,1,2,557,1.0,1.0,1.0
mixing::local_mixing_std,1,3,5,1,1.0,1.0,1.0,1.0,False,mixing_point_pattern,bc_jackson2020,motif_t_tumor_mixing,spatial,shap,1,3,557,1.0,1.0,1.0
mixing::local_mixing_std,1,3,5,1,1.0,1.0,1.0,1.0,False,mixing_point_pattern,bc_jackson2020,motif_t_tumor_mixing,spatial,shap,1,4,557,1.0,1.0,1.0
mixing::neighbor_fraction__T cell__to__Tumor (CK lo HR lo),1,3,5,1,1.0,1.0,1.0,1.0,False,mixing_point_pattern,bc_jackson2020,motif_t_tumor_mixing,spatial,shap,2,0,557,1.0,1.0,1.0
mixing::neighbor_fraction__Endothelial__to__Tumor (CK lo HR hi p53+),1,3,5,1,1.0,1.0,1.0,1.0,False,mixing_point_pattern,bc_jackson2020,motif_t_tumor_mixing,spatial,shap,2,1,557,1.0,1.0,1.0
mixing::local_mixing_std,1,3,5,1,1.0,1.0,1.0,1.0,False,mixing_point_pattern,bc_jackson2020,motif_t_tumor_mixing,spatial,shap,2,2,557,1.0,1.0,1.0
mixing::local_mixing_std,1,3,5,1,1.0,1.0,1.0,1.0,False,mixing_point_pattern,bc_jackson2020,motif_t_tumor_mixing,spatial,shap,2,3,557,1.0,1.0,1.0
mixing::neighbor_fraction__T cell__to__T cell,1,3,5,1,1.0,1.0,1.0,1.0,False,mixing_point_pattern,bc_jackson2020,motif_t_tumor_mixing,spatial,shap,2,4,557,1.0,1.0,1.0
mixing::neighbor_fraction__Stromal cells__to__Stromal cells,0,0,0,0,0.0,0.0,0.0,,False,mixing_point_pattern,bc_jackson2020,motif_tumor_high,control,lasso,0,0,0,0.0,0.0,0.0
mixing::neighbor_fraction__Stromal cells__to__Stromal cells,0,0,0,0,0.0,0.0,0.0,,False,mixing_point_pattern,bc_jackson2020,motif_tumor_high,control,lasso,0,1,0,0.0,0.0,0.0
mixing::neighbor_fraction__Stromal cells__to__Stromal cells,0,0,0,0,0.0,0.0,0.0,,False,mixing_point_pattern,bc_jackson2020,motif_tumor_high,control,lasso,0,2,0,0.0,0.0,0.0
mixing::neighbor_fraction__Stromal cells__to__Stromal cells,0,0,0,0,0.0,0.0,0.0,,False,mixing_point_pattern,bc_jackson2020,motif_tumor_high,control,lasso,0,3,0,0.0,0.0,0.0
mixing::neighbor_fraction__Stromal cells__to__Stromal cells,0,0,0,0,0.0,0.0,0.0,,False,mixing_point_pattern,bc_jackson2020,motif_tumor_high,control,lasso,0,4,0,0.0,0.0,0.0
mixing::neighbor_fraction__Stromal cells__to__Stromal cells,0,0,0,0,0.0,0.0,0.0,,False,mixing_point_pattern,bc_jackson2020,motif_tumor_high,control,lasso,1,0,0,0.0,0.0,0.0
mixing::neighbor_fraction__Stromal cells__to__Stromal cells,0,0,0,0,0.0,0.0,0.0,,False,mixing_point_pattern,bc_jackson2020,motif_tumor_high,control,lasso,1,1,0,0.0,0.0,0.0
mixing::neighbor_fraction__Stromal cells__to__Stromal cells,0,0,0,0,0.0,0.0,0.0,,False,mixing_point_pattern,bc_jackson2020,motif_tumor_high,control,lasso,1,2,0,0.0,0.0,0.0
mixing::neighbor_fraction__Stromal cells__to__Stromal cells,0,0,0,0,0.0,0.0,0.0,,False,mixing_point_pattern,bc_jackson2020,motif_tumor_high,control,lasso,1,3,0,0.0,0.0,0.0
mixing::neighbor_fraction__Stromal cells__to__Stromal cells,0,0,0,0,0.0,0.0,0.0,,False,mixing_point_pattern,bc_jackson2020,motif_tumor_high,control,lasso,1,4,0,0.0,0.0,0.0
mixing::neighbor_fraction__Stromal cells__to__Stromal cells,0,0,0,0,0.0,0.0,0.0,,False,mixing_point_pattern,bc_jackson2020,motif_tumor_high,control,lasso,2,0,0,0.0,0.0,0.0
mixing::neighbor_fraction__Stromal cells__to__Stromal cells,0,0,0,0,0.0,0.0,0.0,,False,mixing_point_pattern,bc_jackson2020,motif_tumor_high,control,lasso,2,1,0,0.0,0.0,0.0
mixing::neighbor_fraction__Stromal cells__to__Stromal cells,0,0,0,0,0.0,0.0,0.0,,False,mixing_point_pattern,bc_jackson2020,motif_tumor_high,control,lasso,2,2,0,0.0,0.0,0.0
mixing::neighbor_fraction__Stromal cells__to__Stromal cells,0,0,0,0,0.0,0.0,0.0,,False,mixing_point_pattern,bc_jackson2020,motif_tumor_high,control,lasso,2,3,0,0.0,0.0,0.0
mixing::neighbor_fraction__Stromal cells__to__Stromal cells,0,0,0,0,0.0,0.0,0.0,,False,mixing_point_pattern,bc_jackson2020,motif_tumor_high,control,lasso,2,4,0,0.0,0.0,0.0
mixing::neighbor_fraction__Stromal cells__to__Stromal cells,0,0,0,0,0.0,0.0,0.0,,False,mixing_point_pattern,bc_jackson2020,motif_tumor_high,control,shap,0,0,0,0.0,0.0,0.0
mixing::neighbor_fraction__Stromal cells__to__Stromal cells,0,0,0,0,0.0,0.0,0.0,,False,mixing_point_pattern,bc_jackson2020,motif_tumor_high,control,shap,0,1,0,0.0,0.0,0.0
mixing::neighbor_fraction__Stromal cells__to__Stromal cells,0,0,0,0,0.0,0.0,0.0,,False,mixing_point_pattern,bc_jackson2020,motif_tumor_high,control,shap,0,2,0,0.0,0.0,0.0
mixing::neighbor_fraction__Stromal cells__to__Stromal cells,0,0,0,0,0.0,0.0,0.0,,False,mixing_point_pattern,bc_jackson2020,motif_tumor_high,control,shap,0,3,0,0.0,0.0,0.0
mixing::neighbor_fraction__Stromal cells__to__Stromal cells,0,0,0,0,0.0,0.0,0.0,,False,mixing_point_pattern,bc_jackson2020,motif_tumor_high,control,shap,0,4,0,0.0,0.0,0.0
mixing::neighbor_fraction__Stromal cells__to__Stromal cells,0,0,0,0,0.0,0.0,0.0,,False,mixing_point_pattern,bc_jackson2020,motif_tumor_high,control,shap,1,0,0,0.0,0.0,0.0
mixing::neighbor_fraction__Stromal cells__to__Stromal cells,0,0,0,0,0.0,0.0,0.0,,False,mixing_point_pattern,bc_jackson2020,motif_tumor_high,control,shap,1,1,0,0.0,0.0,0.0
mixing::neighbor_fraction__Stromal cells__to__Stromal cells,0,0,0,0,0.0,0.0,0.0,,False,mixing_point_pattern,bc_jackson2020,motif_tumor_high,control,shap,1,2,0,0.0,0.0,0.0
mixing::neighbor_fraction__Tumor (CK7+)__to__Tumor (p53+ EGFR+),0,0,0,0,0.0,0.0,0.0,,False,mixing_point_pattern,bc_jackson2020,motif_tumor_high,control,shap,1,3,0,0.0,0.0,0.0
mixing::neighbor_fraction__Stromal cells__to__Stromal cells,0,0,0,0,0.0,0.0,0.0,,False,mixing_point_pattern,bc_jackson2020,motif_tumor_high,control,shap,1,4,0,0.0,0.0,0.0
mixing::neighbor_fraction__Stromal cells__to__Stromal cells,0,0,0,0,0.0,0.0,0.0,,False,mixing_point_pattern,bc_jackson2020,motif_tumor_high,control,shap,2,0,0,0.0,0.0,0.0
mixing::neighbor_fraction__Stromal cells__to__Stromal cells,0,0,0,0,0.0,0.0,0.0,,False,mixing_point_pattern,bc_jackson2020,motif_tumor_high,control,shap,2,1,0,0.0,0.0,0.0
mixing::neighbor_fraction__Stromal cells__to__Stromal cells,0,0,0,0,0.0,0.0,0.0,,False,mixing_point_pattern,bc_jackson2020,motif_tumor_high,control,shap,2,2,0,0.0,0.0,0.0
mixing::neighbor_fraction__Stromal cells__to__Stromal cells,0,0,0,0,0.0,0.0,0.0,,False,mixing_point_pattern,bc_jackson2020,motif_tumor_high,control,shap,2,3,0,0.0,0.0,0.0
mixing::neighbor_fraction__Stromal cells__to__Stromal cells,0,0,0,0,0.0,0.0,0.0,,False,mixing_point_pattern,bc_jackson2020,motif_tumor_high,control,shap,2,4,0,0.0,0.0,0.0
point-pattern::HR+ CK7-_L_r200,0,0,0,0,0.0,0.0,0.0,,False,mixing_point_pattern,bc_metabric_ali2020,motif_interface_immune,spatial,lasso,0,0,20,0.0,0.0,0.0
point-pattern::HR+ CK7-_L_r200,0,0,0,0,0.0,0.0,0.0,,False,mixing_point_pattern,bc_metabric_ali2020,motif_interface_immune,spatial,lasso,0,1,20,0.0,0.0,0.0
mixing::neighbor_fraction__HER2+__to__HRlow CKlow,0,0,0,0,0.0,0.0,0.0,,False,mixing_point_pattern,bc_metabric_ali2020,motif_interface_immune,spatial,lasso,0,2,20,0.0,0.0,0.0
mixing::neighbor_fraction__HER2+__to__HRlow CKlow,0,0,0,0,0.0,0.0,0.0,,False,mixing_point_pattern,bc_metabric_ali2020,motif_interface_immune,spatial,lasso,0,3,20,0.0,0.0,0.0
mixing::neighbor_fraction__Hypoxia__to__Endothelial,0,0,0,0,0.0,0.0,0.0,,False,mixing_point_pattern,bc_metabric_ali2020,motif_interface_immune,spatial,lasso,0,4,20,0.0,0.0,0.0
mixing::neighbor_fraction__HER2+__to__HRlow CKlow,0,0,0,0,0.0,0.0,0.0,,False,mixing_point_pattern,bc_metabric_ali2020,motif_interface_immune,spatial,lasso,1,0,20,0.0,0.0,0.0
mixing::neighbor_fraction__HER2+__to__HRlow CKlow,0,0,0,0,0.0,0.0,0.0,,False,mixing_point_pattern,bc_metabric_ali2020,motif_interface_immune,spatial,lasso,1,1,20,0.0,0.0,0.0
point-pattern::HR+ CK7-_L_r200,0,0,0,0,0.0,0.0,0.0,,False,mixing_point_pattern,bc_metabric_ali2020,motif_interface_immune,spatial,lasso,1,2,20,0.0,0.0,0.0
mixing::neighbor_fraction__B cells__to__Basal CKlow,0,0,0,0,0.0,0.0,0.0,,False,mixing_point_pattern,bc_metabric_ali2020,motif_interface_immune,spatial,lasso,1,3,20,0.0,0.0,0.0
mixing::neighbor_fraction__Hypoxia__to__Endothelial,0,0,0,0,0.0,0.0,0.0,,False,mixing_point_pattern,bc_metabric_ali2020,motif_interface_immune,spatial,lasso,1,4,20,0.0,0.0,0.0
mixing::neighbor_fraction__HER2+__to__HRlow CKlow,0,0,0,0,0.0,0.0,0.0,,False,mixing_point_pattern,bc_metabric_ali2020,motif_interface_immune,spatial,lasso,2,0,20,0.0,0.0,0.0
point-pattern::HR+ CK7-_L_r200,0,0,0,0,0.0,0.0,0.0,,False,mixing_point_pattern,bc_metabric_ali2020,motif_interface_immune,spatial,lasso,2,1,20,0.0,0.0,0.0
mixing::neighbor_fraction__HER2+__to__HRlow CKlow,0,0,0,0,0.0,0.0,0.0,,False,mixing_point_pattern,bc_metabric_ali2020,motif_interface_immune,spatial,lasso,2,2,20,0.0,0.0,0.0
point-pattern::HR+ CK7-_L_r200,0,0,0,0,0.0,0.0,0.0,,False,mixing_point_pattern,bc_metabric_ali2020,motif_interface_immune,spatial,lasso,2,3,20,0.0,0.0,0.0
point-pattern::HR+ CK7-_L_r200,0,0,0,0,0.0,0.0,0.0,,False,mixing_point_pattern,bc_metabric_ali2020,motif_interface_immune,spatial,lasso,2,4,20,0.0,0.0,0.0
point-pattern::HR+ CK7-_L_r200,0,0,0,0,0.0,0.0,0.0,,False,mixing_point_pattern,bc_metabric_ali2020,motif_interface_immune,spatial,shap,0,0,20,0.0,0.0,0.0
mixing::neighbor_fraction__HER2+__to__HRlow CKlow,0,0,0,0,0.0,0.0,0.0,,False,mixing_point_pattern,bc_metabric_ali2020,motif_interface_immune,spatial,shap,0,1,20,0.0,0.0,0.0
mixing::neighbor_fraction__Vascular SMA+__to__Hypoxia,0,0,0,0,0.0,0.0,0.0,,False,mixing_point_pattern,bc_metabric_ali2020,motif_interface_immune,spatial,shap,0,2,20,0.0,0.0,0.0
mixing::neighbor_fraction__B cells__to__Hypoxia,0,0,0,0,0.0,0.0,0.0,,False,mixing_point_pattern,bc_metabric_ali2020,motif_interface_immune,spatial,shap,0,3,20,0.0,0.0,0.0
mixing::neighbor_fraction__Hypoxia__to__B cells,0,0,0,0,0.0,0.0,0.0,,False,mixing_point_pattern,bc_metabric_ali2020,motif_interface_immune,spatial,shap,0,4,20,0.0,0.0,0.0
point-pattern::HR+ CK7-_L_r200,0,0,0,0,0.0,0.0,0.0,,False,mixing_point_pattern,bc_metabric_ali2020,motif_interface_immune,spatial,shap,1,0,20,0.0,0.0,0.0
mixing::neighbor_fraction__Hypoxia__to__B cells,0,0,0,0,0.0,0.0,0.0,,False,mixing_point_pattern,bc_metabric_ali2020,motif_interface_immune,spatial,shap,1,1,20,0.0,0.0,0.0
mixing::neighbor_fraction__HER2+__to__T cells,0,0,0,0,0.0,0.0,0.0,,False,mixing_point_pattern,bc_metabric_ali2020,motif_interface_immune,spatial,shap,1,2,20,0.0,0.0,0.0
mixing::neighbor_fraction__B cells__to__Hypoxia,0,0,0,0,0.0,0.0,0.0,,False,mixing_point_pattern,bc_metabric_ali2020,motif_interface_immune,spatial,shap,1,3,20,0.0,0.0,0.0
mixing::neighbor_fraction__Vascular SMA+__to__HR- CK7-,0,0,0,0,0.0,0.0,0.0,,False,mixing_point_pattern,bc_metabric_ali2020,motif_interface_immune,spatial,shap,1,4,20,0.0,0.0,0.0
mixing::neighbor_fraction__HR- Ki67+__to__Basal CKlow,0,0,0,0,0.0,0.0,0.06666666666666667,15.0,False,mixing_point_pattern,bc_metabric_ali2020,motif_interface_immune,spatial,shap,2,0,20,0.0,0.0,0.0
mixing::neighbor_fraction__HR+ CK7- Slug+__to__Hypoxia,0,0,0,0,0.0,0.0,0.0,,False,mixing_point_pattern,bc_metabric_ali2020,motif_interface_immune,spatial,shap,2,1,20,0.0,0.0,0.0
mixing::neighbor_fraction__Hypoxia__to__B cells,0,0,0,0,0.0,0.0,0.0,,False,mixing_point_pattern,bc_metabric_ali2020,motif_interface_immune,spatial,shap,2,2,20,0.0,0.0,0.0
point-pattern::HR+ CK7-_L_r200,0,0,0,0,0.0,0.0,0.0,,False,mixing_point_pattern,bc_metabric_ali2020,motif_interface_immune,spatial,shap,2,3,20,0.0,0.0,0.0
mixing::neighbor_fraction__B cells__to__Hypoxia,0,0,0,0,0.0,0.0,0.0,,False,mixing_point_pattern,bc_metabric_ali2020,motif_interface_immune,spatial,shap,2,4,20,0.0,0.0,0.0
mixing::shannon_entropy_normalized,1,3,5,1,1.0,1.0,1.0,1.0,False,mixing_point_pattern,bc_metabric_ali2020,motif_tumor_stroma_mixing,spatial,lasso,0,0,491,1.0,1.0,1.0
mixing::shannon_entropy_normalized,1,3,4,1,1.0,0.8,1.0,1.0,False,mixing_point_pattern,bc_metabric_ali2020,motif_tumor_stroma_mixing,spatial,lasso,0,1,491,1.0,1.0,0.8
mixing::shannon_entropy_normalized,1,3,5,1,1.0,1.0,1.0,1.0,False,mixing_point_pattern,bc_metabric_ali2020,motif_tumor_stroma_mixing,spatial,lasso,0,2,491,1.0,1.0,1.0
mixing::shannon_entropy_normalized,1,3,5,1,1.0,1.0,1.0,1.0,False,mixing_point_pattern,bc_metabric_ali2020,motif_tumor_stroma_mixing,spatial,lasso,0,3,491,1.0,1.0,1.0
mixing::shannon_entropy_normalized,1,3,5,1,1.0,1.0,1.0,1.0,False,mixing_point_pattern,bc_metabric_ali2020,motif_tumor_stroma_mixing,spatial,lasso,0,4,491,1.0,1.0,1.0
mixing::shannon_entropy_normalized,1,3,5,1,1.0,1.0,1.0,1.0,False,mixing_point_pattern,bc_metabric_ali2020,motif_tumor_stroma_mixing,spatial,lasso,1,0,491,1.0,1.0,1.0
mixing::shannon_entropy_normalized,1,3,5,1,1.0,1.0,1.0,1.0,False,mixing_point_pattern,bc_metabric_ali2020,motif_tumor_stroma_mixing,spatial,lasso,1,1,491,1.0,1.0,1.0
mixing::shannon_entropy_normalized,1,2,3,1,0.6666666666666666,0.6,1.0,1.0,False,mixing_point_pattern,bc_metabric_ali2020,motif_tumor_stroma_mixing,spatial,lasso,1,2,491,1.0,0.6666666666666666,0.6
mixing::shannon_entropy_global,1,3,5,1,1.0,1.0,1.0,1.0,False,mixing_point_pattern,bc_metabric_ali2020,motif_tumor_stroma_mixing,spatial,lasso,1,3,491,1.0,1.0,1.0
mixing::shannon_entropy_normalized,1,3,5,1,1.0,1.0,1.0,1.0,False,mixing_point_pattern,bc_metabric_ali2020,motif_tumor_stroma_mixing,spatial,lasso,1,4,491,1.0,1.0,1.0
mixing::shannon_entropy_normalized,1,3,4,1,1.0,0.8,1.0,1.0,False,mixing_point_pattern,bc_metabric_ali2020,motif_tumor_stroma_mixing,spatial,lasso,2,0,491,1.0,1.0,0.8
mixing::shannon_entropy_normalized,1,3,5,1,1.0,1.0,1.0,1.0,False,mixing_point_pattern,bc_metabric_ali2020,motif_tumor_stroma_mixing,spatial,lasso,2,1,491,1.0,1.0,1.0
mixing::shannon_entropy_normalized,1,3,5,1,1.0,1.0,1.0,1.0,False,mixing_point_pattern,bc_metabric_ali2020,motif_tumor_stroma_mixing,spatial,lasso,2,2,491,1.0,1.0,1.0
mixing::shannon_entropy_normalized,1,2,4,1,0.6666666666666666,0.8,1.0,1.0,False,mixing_point_pattern,bc_metabric_ali2020,motif_tumor_stroma_mixing,spatial,lasso,2,3,491,1.0,0.6666666666666666,0.8
mixing::shannon_entropy_normalized,1,3,4,1,1.0,0.8,1.0,1.0,False,mixing_point_pattern,bc_metabric_ali2020,motif_tumor_stroma_mixing,spatial,lasso,2,4,491,1.0,1.0,0.8
mixing::shannon_entropy_global,1,3,5,1,1.0,1.0,1.0,1.0,False,mixing_point_pattern,bc_metabric_ali2020,motif_tumor_stroma_mixing,spatial,shap,0,0,491,1.0,1.0,1.0
mixing::shannon_entropy_normalized,1,3,5,1,1.0,1.0,1.0,1.0,False,mixing_point_pattern,bc_metabric_ali2020,motif_tumor_stroma_mixing,spatial,shap,0,1,491,1.0,1.0,1.0
mixing::shannon_entropy_normalized,1,3,5,1,1.0,1.0,1.0,1.0,False,mixing_point_pattern,bc_metabric_ali2020,motif_tumor_stroma_mixing,spatial,shap,0,2,491,1.0,1.0,1.0
mixing::shannon_entropy_normalized,1,3,5,1,1.0,1.0,1.0,1.0,False,mixing_point_pattern,bc_metabric_ali2020,motif_tumor_stroma_mixing,spatial,shap,0,3,491,1.0,1.0,1.0
mixing::neighbor_fraction__Hypoxia__to__B cells,1,3,5,1,1.0,1.0,1.0,1.0,False,mixing_point_pattern,bc_metabric_ali2020,motif_tumor_stroma_mixing,spatial,shap,0,4,491,1.0,1.0,1.0
mixing::shannon_entropy_normalized,1,3,5,1,1.0,1.0,1.0,1.0,False,mixing_point_pattern,bc_metabric_ali2020,motif_tumor_stroma_mixing,spatial,shap,1,0,491,1.0,1.0,1.0
mixing::shannon_entropy_normalized,1,3,5,1,1.0,1.0,1.0,1.0,False,mixing_point_pattern,bc_metabric_ali2020,motif_tumor_stroma_mixing,spatial,shap,1,1,491,1.0,1.0,1.0
mixing::shannon_entropy_normalized,1,2,3,1,0.6666666666666666,0.6,1.0,1.0,False,mixing_point_pattern,bc_metabric_ali2020,motif_tumor_stroma_mixing,spatial,shap,1,2,491,1.0,0.6666666666666666,0.6
mixing::shannon_entropy_normalized,1,3,5,1,1.0,1.0,1.0,1.0,False,mixing_point_pattern,bc_metabric_ali2020,motif_tumor_stroma_mixing,spatial,shap,1,3,491,1.0,1.0,1.0
mixing::shannon_entropy_normalized,1,3,5,1,1.0,1.0,1.0,1.0,False,mixing_point_pattern,bc_metabric_ali2020,motif_tumor_stroma_mixing,spatial,shap,1,4,491,1.0,1.0,1.0
mixing::shannon_entropy_normalized,1,3,5,1,1.0,1.0,1.0,1.0,False,mixing_point_pattern,bc_metabric_ali2020,motif_tumor_stroma_mixing,spatial,shap,2,0,491,1.0,1.0,1.0
mixing::neighbor_fraction__B cells__to__HR+ CK7- Slug+,1,3,5,1,1.0,1.0,1.0,1.0,False,mixing_point_pattern,bc_metabric_ali2020,motif_tumor_stroma_mixing,spatial,shap,2,1,491,1.0,1.0,1.0
mixing::shannon_entropy_normalized,1,3,5,1,1.0,1.0,1.0,1.0,False,mixing_point_pattern,bc_metabric_ali2020,motif_tumor_stroma_mixing,spatial,shap,2,2,491,1.0,1.0,1.0
mixing::shannon_entropy_normalized,1,3,5,1,1.0,1.0,1.0,1.0,False,mixing_point_pattern,bc_metabric_ali2020,motif_tumor_stroma_mixing,spatial,shap,2,3,491,1.0,1.0,1.0
mixing::shannon_entropy_normalized,1,3,4,1,1.0,0.8,1.0,1.0,False,mixing_point_pattern,bc_metabric_ali2020,motif_tumor_stroma_mixing,spatial,shap,2,4,491,1.0,1.0,0.8
mixing::neighbor_fraction__CD8 T cell__to__CD8 T cell,1,2,3,1,0.6666666666666666,0.6,1.0,1.0,False,mixing_point_pattern,hnc_wu2022,motif_cd8_clustering,spatial,lasso,0,0,19,1.0,0.6666666666666666,0.6
mixing::neighbor_fraction__CD8 T cell__to__CD8 T cell,1,3,4,1,1.0,0.8,1.0,1.0,False,mixing_point_pattern,hnc_wu2022,motif_cd8_clustering,spatial,lasso,0,1,19,1.0,1.0,0.8
mixing::neighbor_fraction__CD8 T cell__to__CD8 T cell,1,3,3,1,1.0,0.6,1.0,1.0,False,mixing_point_pattern,hnc_wu2022,motif_cd8_clustering,spatial,lasso,0,2,19,1.0,1.0,0.6
mixing::neighbor_fraction__CD8 T cell__to__CD8 T cell,1,2,4,1,0.6666666666666666,0.8,1.0,1.0,False,mixing_point_pattern,hnc_wu2022,motif_cd8_clustering,spatial,lasso,0,3,19,1.0,0.6666666666666666,0.8
mixing::neighbor_fraction__CD8 T cell__to__CD8 T cell,1,2,3,1,0.6666666666666666,0.6,1.0,1.0,False,mixing_point_pattern,hnc_wu2022,motif_cd8_clustering,spatial,lasso,0,4,19,1.0,0.6666666666666666,0.6
mixing::neighbor_fraction__CD8 T cell__to__CD8 T cell,1,2,4,1,0.6666666666666666,0.8,1.0,1.0,False,mixing_point_pattern,hnc_wu2022,motif_cd8_clustering,spatial,lasso,1,0,19,1.0,0.6666666666666666,0.8
mixing::neighbor_fraction__CD8 T cell__to__CD8 T cell,1,2,4,1,0.6666666666666666,0.8,1.0,1.0,False,mixing_point_pattern,hnc_wu2022,motif_cd8_clustering,spatial,lasso,1,1,19,1.0,0.6666666666666666,0.8
mixing::neighbor_fraction__CD8 T cell__to__CD8 T cell,1,2,4,1,0.6666666666666666,0.8,1.0,1.0,False,mixing_point_pattern,hnc_wu2022,motif_cd8_clustering,spatial,lasso,1,2,19,1.0,0.6666666666666666,0.8
mixing::neighbor_fraction__CD8 T cell__to__CD8 T cell,1,3,3,1,1.0,0.6,1.0,1.0,False,mixing_point_pattern,hnc_wu2022,motif_cd8_clustering,spatial,lasso,1,3,19,1.0,1.0,0.6
mixing::neighbor_fraction__CD8 T cell__to__CD8 T cell,1,3,3,1,1.0,0.6,1.0,1.0,False,mixing_point_pattern,hnc_wu2022,motif_cd8_clustering,spatial,lasso,1,4,19,1.0,1.0,0.6
mixing::neighbor_fraction__CD8 T cell__to__CD8 T cell,1,3,4,1,1.0,0.8,1.0,1.0,False,mixing_point_pattern,hnc_wu2022,motif_cd8_clustering,spatial,lasso,2,0,19,1.0,1.0,0.8
mixing::neighbor_fraction__CD8 T cell__to__CD8 T cell,1,3,4,1,1.0,0.8,1.0,1.0,False,mixing_point_pattern,hnc_wu2022,motif_cd8_clustering,spatial,lasso,2,1,19,1.0,1.0,0.8
mixing::neighbor_fraction__CD8 T cell__to__CD8 T cell,1,2,3,1,0.6666666666666666,0.6,1.0,1.0,False,mixing_point_pattern,hnc_wu2022,motif_cd8_clustering,spatial,lasso,2,2,19,1.0,0.6666666666666666,0.6
mixing::neighbor_fraction__CD8 T cell__to__CD8 T cell,1,3,4,1,1.0,0.8,1.0,1.0,False,mixing_point_pattern,hnc_wu2022,motif_cd8_clustering,spatial,lasso,2,3,19,1.0,1.0,0.8
mixing::neighbor_fraction__CD8 T cell__to__CD8 T cell,1,2,3,1,0.6666666666666666,0.6,1.0,1.0,False,mixing_point_pattern,hnc_wu2022,motif_cd8_clustering,spatial,lasso,2,4,19,1.0,0.6666666666666666,0.6
mixing::neighbor_fraction__CD8 T cell__to__CD8 T cell,1,2,3,1,0.6666666666666666,0.6,1.0,1.0,False,mixing_point_pattern,hnc_wu2022,motif_cd8_clustering,spatial,shap,0,0,19,1.0,0.6666666666666666,0.6
mixing::neighbor_fraction__CD8 T cell__to__CD8 T cell,1,2,3,1,0.6666666666666666,0.6,1.0,1.0,False,mixing_point_pattern,hnc_wu2022,motif_cd8_clustering,spatial,shap,0,1,19,1.0,0.6666666666666666,0.6
mixing::neighbor_fraction__CD8 T cell__to__CD8 T cell,1,2,3,1,0.6666666666666666,0.6,1.0,1.0,False,mixing_point_pattern,hnc_wu2022,motif_cd8_clustering,spatial,shap,0,2,19,1.0,0.6666666666666666,0.6
mixing::neighbor_fraction__CD8 T cell__to__CD8 T cell,1,2,2,1,0.6666666666666666,0.4,1.0,1.0,False,mixing_point_pattern,hnc_wu2022,motif_cd8_clustering,spatial,shap,0,3,19,1.0,0.6666666666666666,0.4
mixing::neighbor_fraction__CD8 T cell__to__CD8 T cell,1,2,3,1,0.6666666666666666,0.6,1.0,1.0,False,mixing_point_pattern,hnc_wu2022,motif_cd8_clustering,spatial,shap,0,4,19,1.0,0.6666666666666666,0.6
mixing::neighbor_fraction__CD8 T cell__to__CD8 T cell,1,1,3,1,0.3333333333333333,0.6,1.0,1.0,False,mixing_point_pattern,hnc_wu2022,motif_cd8_clustering,spatial,shap,1,0,19,1.0,0.3333333333333333,0.6
mixing::neighbor_fraction__CD8 T cell__to__CD8 T cell,1,2,4,1,0.6666666666666666,0.8,1.0,1.0,False,mixing_point_pattern,hnc_wu2022,motif_cd8_clustering,spatial,shap,1,1,19,1.0,0.6666666666666666,0.8
mixing::neighbor_fraction__CD8 T cell__to__CD8 T cell,1,2,3,1,0.6666666666666666,0.6,1.0,1.0,False,mixing_point_pattern,hnc_wu2022,motif_cd8_clustering,spatial,shap,1,2,19,1.0,0.6666666666666666,0.6
mixing::neighbor_fraction__CD8 T cell__to__CD8 T cell,1,3,3,1,1.0,0.6,1.0,1.0,False,mixing_point_pattern,hnc_wu2022,motif_cd8_clustering,spatial,shap,1,3,19,1.0,1.0,0.6
mixing::neighbor_fraction__CD8 T cell__to__CD8 T cell,1,2,2,1,0.6666666666666666,0.4,1.0,1.0,False,mixing_point_pattern,hnc_wu2022,motif_cd8_clustering,spatial,shap,1,4,19,1.0,0.6666666666666666,0.4
mixing::neighbor_fraction__CD8 T cell__to__CD8 T cell,1,3,3,1,1.0,0.6,1.0,1.0,False,mixing_point_pattern,hnc_wu2022,motif_cd8_clustering,spatial,shap,2,0,19,1.0,1.0,0.6
mixing::neighbor_fraction__CD8 T cell__to__CD8 T cell,1,3,4,1,1.0,0.8,1.0,1.0,False,mixing_point_pattern,hnc_wu2022,motif_cd8_clustering,spatial,shap,2,1,19,1.0,1.0,0.8
mixing::neighbor_fraction__CD8 T cell__to__CD8 T cell,1,2,2,1,0.6666666666666666,0.4,1.0,1.0,False,mixing_point_pattern,hnc_wu2022,motif_cd8_clustering,spatial,shap,2,2,19,1.0,0.6666666666666666,0.4
mixing::neighbor_fraction__CD8 T cell__to__CD8 T cell,1,3,3,1,1.0,0.6,1.0,1.0,False,mixing_point_pattern,hnc_wu2022,motif_cd8_clustering,spatial,shap,2,3,19,1.0,1.0,0.6
mixing::neighbor_fraction__CD8 T cell__to__CD8 T cell,1,2,4,1,0.6666666666666666,0.8,1.0,1.0,False,mixing_point_pattern,hnc_wu2022,motif_cd8_clustering,spatial,shap,2,4,19,1.0,0.6666666666666666,0.8
mixing::neighbor_fraction__CD8 T cell__to__Tumor,0,0,0,0,0.0,0.0,0.0,,False,mixing_point_pattern,hnc_wu2022,motif_immune_exclusion,spatial,lasso,0,0,10,0.0,0.0,0.0
mixing::neighbor_fraction__CD8 T cell__to__Tumor,0,0,0,0,0.0,0.0,0.0,,False,mixing_point_pattern,hnc_wu2022,motif_immune_exclusion,spatial,lasso,0,1,10,0.0,0.0,0.0
mixing::neighbor_fraction__CD8 T cell__to__Tumor,0,0,0,0,0.0,0.0,0.0,,False,mixing_point_pattern,hnc_wu2022,motif_immune_exclusion,spatial,lasso,0,2,10,0.0,0.0,0.0
mixing::neighbor_fraction__CD8 T cell__to__Tumor,0,0,0,0,0.0,0.0,0.0,,False,mixing_point_pattern,hnc_wu2022,motif_immune_exclusion,spatial,lasso,0,3,10,0.0,0.0,0.0
mixing::neighbor_fraction__CD8 T cell__to__Tumor,0,0,0,0,0.0,0.0,0.0,,False,mixing_point_pattern,hnc_wu2022,motif_immune_exclusion,spatial,lasso,0,4,10,0.0,0.0,0.0
mixing::neighbor_fraction__CD8 T cell__to__Tumor,0,0,0,0,0.0,0.0,0.0,,False,mixing_point_pattern,hnc_wu2022,motif_immune_exclusion,spatial,lasso,1,0,10,0.0,0.0,0.0
mixing::neighbor_fraction__CD8 T cell__to__Tumor,0,0,0,0,0.0,0.0,0.0,,False,mixing_point_pattern,hnc_wu2022,motif_immune_exclusion,spatial,lasso,1,1,10,0.0,0.0,0.0
mixing::neighbor_fraction__CD8 T cell__to__Tumor,0,0,0,0,0.0,0.0,0.0,,False,mixing_point_pattern,hnc_wu2022,motif_immune_exclusion,spatial,lasso,1,2,10,0.0,0.0,0.0
mixing::neighbor_fraction__CD8 T cell__to__Tumor,0,0,0,0,0.0,0.0,0.0,,False,mixing_point_pattern,hnc_wu2022,motif_immune_exclusion,spatial,lasso,1,3,10,0.0,0.0,0.0
mixing::neighbor_fraction__CD8 T cell__to__Tumor,0,0,0,0,0.0,0.0,0.0,,False,mixing_point_pattern,hnc_wu2022,motif_immune_exclusion,spatial,lasso,1,4,10,0.0,0.0,0.0
mixing::neighbor_fraction__CD8 T cell__to__Tumor,0,0,0,0,0.0,0.0,0.0,,False,mixing_point_pattern,hnc_wu2022,motif_immune_exclusion,spatial,lasso,2,0,10,0.0,0.0,0.0
mixing::neighbor_fraction__CD8 T cell__to__Tumor,0,0,0,0,0.0,0.0,0.0,,False,mixing_point_pattern,hnc_wu2022,motif_immune_exclusion,spatial,lasso,2,1,10,0.0,0.0,0.0
mixing::neighbor_fraction__CD8 T cell__to__Tumor,0,0,0,0,0.0,0.0,0.0,,False,mixing_point_pattern,hnc_wu2022,motif_immune_exclusion,spatial,lasso,2,2,10,0.0,0.0,0.0
mixing::neighbor_fraction__CD8 T cell__to__Tumor,0,0,0,0,0.0,0.0,0.0,,False,mixing_point_pattern,hnc_wu2022,motif_immune_exclusion,spatial,lasso,2,3,10,0.0,0.0,0.0
mixing::neighbor_fraction__CD8 T cell__to__Tumor,0,0,0,0,0.0,0.0,0.0,,False,mixing_point_pattern,hnc_wu2022,motif_immune_exclusion,spatial,lasso,2,4,10,0.0,0.0,0.0
mixing::neighbor_fraction__CD8 T cell__to__Tumor,0,0,0,0,0.0,0.0,0.0,,False,mixing_point_pattern,hnc_wu2022,motif_immune_exclusion,spatial,shap,0,0,10,0.0,0.0,0.0
mixing::neighbor_fraction__CD8 T cell__to__Naive immune cell,0,0,0,0,0.0,0.0,0.0,,False,mixing_point_pattern,hnc_wu2022,motif_immune_exclusion,spatial,shap,0,1,10,0.0,0.0,0.0
mixing::neighbor_fraction__CD8 T cell__to__Tumor,0,0,0,0,0.0,0.0,0.0,,False,mixing_point_pattern,hnc_wu2022,motif_immune_exclusion,spatial,shap,0,2,10,0.0,0.0,0.0
mixing::neighbor_fraction__Naive immune cell__to__APC/Dendritic cell,0,0,0,0,0.0,0.0,0.0,,False,mixing_point_pattern,hnc_wu2022,motif_immune_exclusion,spatial,shap,0,3,10,0.0,0.0,0.0
mixing::neighbor_fraction__CD8 T cell__to__Tumor,0,0,0,0,0.0,0.0,0.0,,False,mixing_point_pattern,hnc_wu2022,motif_immune_exclusion,spatial,shap,0,4,10,0.0,0.0,0.0
mixing::neighbor_fraction__CD8 T cell__to__Tumor,0,0,0,0,0.0,0.0,0.0,,False,mixing_point_pattern,hnc_wu2022,motif_immune_exclusion,spatial,shap,1,0,10,0.0,0.0,0.0
mixing::neighbor_fraction__Stroma__to__CD8 T cell,0,0,0,0,0.0,0.0,0.0,,False,mixing_point_pattern,hnc_wu2022,motif_immune_exclusion,spatial,shap,1,1,10,0.0,0.0,0.0
mixing::neighbor_fraction__CD8 T cell__to__Naive immune cell,0,0,0,0,0.0,0.0,0.0,,False,mixing_point_pattern,hnc_wu2022,motif_immune_exclusion,spatial,shap,1,2,10,0.0,0.0,0.0
mixing::neighbor_fraction__CD8 T cell__to__Tumor,0,0,0,0,0.0,0.0,0.0,,False,mixing_point_pattern,hnc_wu2022,motif_immune_exclusion,spatial,shap,1,3,10,0.0,0.0,0.0
mixing::neighbor_fraction__CD8 T cell__to__Tumor,0,0,0,0,0.0,0.0,0.0,,False,mixing_point_pattern,hnc_wu2022,motif_immune_exclusion,spatial,shap,1,4,10,0.0,0.0,0.0
mixing::neighbor_fraction__Naive immune cell__to__APC/Dendritic cell,0,0,0,0,0.0,0.0,0.0,,False,mixing_point_pattern,hnc_wu2022,motif_immune_exclusion,spatial,shap,2,0,10,0.0,0.0,0.0
mixing::neighbor_fraction__CD8 T cell__to__Tumor,0,0,0,0,0.0,0.0,0.0,,False,mixing_point_pattern,hnc_wu2022,motif_immune_exclusion,spatial,shap,2,1,10,0.0,0.0,0.0
mixing::neighbor_fraction__CD8 T cell__to__Stroma,0,0,0,0,0.0,0.0,0.0,,False,mixing_point_pattern,hnc_wu2022,motif_immune_exclusion,spatial,shap,2,2,10,0.0,0.0,0.0
mixing::neighbor_fraction__CD8 T cell__to__Tumor,0,0,0,0,0.0,0.0,0.0,,False,mixing_point_pattern,hnc_wu2022,motif_immune_exclusion,spatial,shap,2,3,10,0.0,0.0,0.0
mixing::neighbor_fraction__CD8 T cell__to__Tumor,0,0,0,0,0.0,0.0,0.0,,False,mixing_point_pattern,hnc_wu2022,motif_immune_exclusion,spatial,shap,2,4,10,0.0,0.0,0.0
mixing::neighbor_fraction__Treg__to__CD8^+PD1^+T_{Ex},0,0,0,0,0.0,0.0,0.0,,False,mixing_point_pattern,tnbc_wang2023,motif_cd8_high,control,lasso,0,0,0,0.0,0.0,0.0
mixing::local_mixing_max,0,0,0,0,0.0,0.0,0.0,,False,mixing_point_pattern,tnbc_wang2023,motif_cd8_high,control,lasso,0,1,0,0.0,0.0,0.0
point-pattern::CD8^+T_L_r50,0,0,0,0,0.0,0.0,0.0,,False,mixing_point_pattern,tnbc_wang2023,motif_cd8_high,control,lasso,0,2,0,0.0,0.0,0.0
mixing::shannon_entropy_global,0,0,0,0,0.0,0.0,0.0,,False,mixing_point_pattern,tnbc_wang2023,motif_cd8_high,control,lasso,0,3,0,0.0,0.0,0.0
mixing::neighbor_fraction__CD56^+NK__to__DCs,0,0,0,0,0.0,0.0,0.0,,False,mixing_point_pattern,tnbc_wang2023,motif_cd8_high,control,lasso,0,4,0,0.0,0.0,0.0
mixing::neighbor_fraction__M2 Mac__to__CD8^+T,0,0,0,0,0.0,0.0,0.0,,False,mixing_point_pattern,tnbc_wang2023,motif_cd8_high,control,lasso,1,0,0,0.0,0.0,0.0
mixing::neighbor_fraction__Treg__to__CD8^+T,0,0,0,0,0.0,0.0,0.0,,False,mixing_point_pattern,tnbc_wang2023,motif_cd8_high,control,lasso,1,1,0,0.0,0.0,0.0
mixing::neighbor_fraction__Treg__to__CD8^+PD1^+T_{Ex},0,0,0,0,0.0,0.0,0.0,,False,mixing_point_pattern,tnbc_wang2023,motif_cd8_high,control,lasso,1,2,0,0.0,0.0,0.0
mixing::neighbor_fraction__M2 Mac__to__CD8^+T,0,0,0,0,0.0,0.0,0.0,,False,mixing_point_pattern,tnbc_wang2023,motif_cd8_high,control,lasso,1,3,0,0.0,0.0,0.0
mixing::neighbor_fraction__Treg__to__CD8^+PD1^+T_{Ex},0,0,0,0,0.0,0.0,0.0,,False,mixing_point_pattern,tnbc_wang2023,motif_cd8_high,control,lasso,1,4,0,0.0,0.0,0.0
mixing::shannon_entropy_global,0,0,0,0,0.0,0.0,0.0,,False,mixing_point_pattern,tnbc_wang2023,motif_cd8_high,control,lasso,2,0,0,0.0,0.0,0.0
point-pattern::CD8^+T_L_r50,0,0,0,0,0.0,0.0,0.0,,False,mixing_point_pattern,tnbc_wang2023,motif_cd8_high,control,lasso,2,1,0,0.0,0.0,0.0
mixing::neighbor_fraction__M2 Mac__to__Treg,0,0,0,0,0.0,0.0,0.0,,False,mixing_point_pattern,tnbc_wang2023,motif_cd8_high,control,lasso,2,2,0,0.0,0.0,0.0
mixing::neighbor_fraction__pH2AX^{+}DSB__to__CD8^+T,0,0,0,0,0.0,0.0,0.0,,False,mixing_point_pattern,tnbc_wang2023,motif_cd8_high,control,lasso,2,3,0,0.0,0.0,0.0
mixing::neighbor_fraction__pH2AX^{+}DSB__to__Endothelial,0,0,0,0,0.0,0.0,0.0,,False,mixing_point_pattern,tnbc_wang2023,motif_cd8_high,control,lasso,2,4,0,0.0,0.0,0.0
mixing::neighbor_fraction__M2 Mac__to__CD8^+T,0,0,0,0,0.0,0.0,0.0,,False,mixing_point_pattern,tnbc_wang2023,motif_cd8_high,control,shap,0,0,0,0.0,0.0,0.0
mixing::shannon_entropy_global,0,0,0,0,0.0,0.0,0.0,,False,mixing_point_pattern,tnbc_wang2023,motif_cd8_high,control,shap,0,1,0,0.0,0.0,0.0
mixing::neighbor_fraction__CD8^+PD1^+T_{Ex}__to__CD8^+PD1^+T_{Ex},0,0,0,0,0.0,0.0,0.0,,False,mixing_point_pattern,tnbc_wang2023,motif_cd8_high,control,shap,0,2,0,0.0,0.0,0.0
mixing::neighbor_fraction__Fibroblasts__to__CD8^+GZMB^+T,0,0,0,0,0.0,0.0,0.0,,False,mixing_point_pattern,tnbc_wang2023,motif_cd8_high,control,shap,0,3,0,0.0,0.0,0.0
mixing::neighbor_fraction__CD56^+NK__to__DCs,0,0,0,0,0.0,0.0,0.0,,False,mixing_point_pattern,tnbc_wang2023,motif_cd8_high,control,shap,0,4,0,0.0,0.0,0.0
mixing::neighbor_fraction__M2 Mac__to__CD8^+T,0,0,0,0,0.0,0.0,0.0,,False,mixing_point_pattern,tnbc_wang2023,motif_cd8_high,control,shap,1,0,0,0.0,0.0,0.0
mixing::neighbor_fraction__Treg__to__CD8^+T,0,0,0,0,0.0,0.0,0.0,,False,mixing_point_pattern,tnbc_wang2023,motif_cd8_high,control,shap,1,1,0,0.0,0.0,0.0
mixing::neighbor_fraction__pH2AX^{+}DSB__to__CD8^+T,0,0,0,0,0.0,0.0,0.0,,False,mixing_point_pattern,tnbc_wang2023,motif_cd8_high,control,shap,1,2,0,0.0,0.0,0.0
mixing::neighbor_fraction__M2 Mac__to__CD8^+T,0,0,0,0,0.0,0.0,0.0,,False,mixing_point_pattern,tnbc_wang2023,motif_cd8_high,control,shap,1,3,0,0.0,0.0,0.0
mixing::neighbor_fraction__Treg__to__CD8^+PD1^+T_{Ex},0,0,0,0,0.0,0.0,0.0,,False,mixing_point_pattern,tnbc_wang2023,motif_cd8_high,control,shap,1,4,0,0.0,0.0,0.0
mixing::shannon_entropy_global,0,0,0,0,0.0,0.0,0.0,,False,mixing_point_pattern,tnbc_wang2023,motif_cd8_high,control,shap,2,0,0,0.0,0.0,0.0
point-pattern::CD8^+T_L_r20,0,0,0,0,0.0,0.0,0.0,,False,mixing_point_pattern,tnbc_wang2023,motif_cd8_high,control,shap,2,1,0,0.0,0.0,0.0
mixing::neighbor_fraction__M2 Mac__to__CD8^+T,0,0,0,0,0.0,0.0,0.0,,False,mixing_point_pattern,tnbc_wang2023,motif_cd8_high,control,shap,2,2,0,0.0,0.0,0.0
mixing::neighbor_fraction__pH2AX^{+}DSB__to__CD8^+T,0,0,0,0,0.0,0.0,0.0,,False,mixing_point_pattern,tnbc_wang2023,motif_cd8_high,control,shap,2,3,0,0.0,0.0,0.0
point-pattern::CD8^+T_L_r100,0,0,0,0,0.0,0.0,0.0,,False,mixing_point_pattern,tnbc_wang2023,motif_cd8_high,control,shap,2,4,0,0.0,0.0,0.0
